[debug] [2026-07-14T06:21:34.955Z] ----------------------------------------------------------------------
[debug] [2026-07-14T06:21:34.962Z] Command:       /usr/bin/node-22 /usr/local/bin/firebase emulators:start
[debug] [2026-07-14T06:21:34.964Z] CLI Version:   15.18.0
[debug] [2026-07-14T06:21:34.964Z] Platform:      linux
[debug] [2026-07-14T06:21:34.964Z] Node Version:  v22.22.2
[debug] [2026-07-14T06:21:34.965Z] Time:          Tue Jul 14 2026 11:21:34 GMT+0500 (Pakistan Standard Time)
[debug] [2026-07-14T06:21:34.966Z] ----------------------------------------------------------------------
[debug] 
[debug] [2026-07-14T06:21:36.665Z] Object "" in "firebase.json" has unknown property: {"additionalProperty":"flutter"}
[debug] [2026-07-14T06:21:36.681Z] > command requires scopes: ["email","openid","https://www.googleapis.com/auth/cloudplatformprojects.readonly","https://www.googleapis.com/auth/firebase","https://www.googleapis.com/auth/cloud-platform"]
[debug] [2026-07-14T06:21:36.682Z] > authorizing via signed-in user (hammadawan9255@gmail.com)
[debug] [2026-07-14T06:21:36.815Z] java version "26" 2026-03-17
Java(TM) SE Runtime Environment (build 26+35-2893)

[debug] [2026-07-14T06:21:36.816Z] Java HotSpot(TM) 64-Bit Server VM (build 26+35-2893, mixed mode, sharing)

[debug] [2026-07-14T06:21:36.828Z] Parsed Java major version: 26
[info] i  emulators: Starting emulators: auth, firestore, database {"metadata":{"emulator":{"name":"hub"},"message":"Starting emulators: auth, firestore, database"}}
[debug] [2026-07-14T06:21:36.848Z] [logging] Logging Emulator only supports listening on one address (127.0.0.1). Not listening on ::1
[debug] [2026-07-14T06:21:36.848Z] [auth] Authentication Emulator only supports listening on one address (127.0.0.1). Not listening on ::1
[debug] [2026-07-14T06:21:36.849Z] [firestore] Firestore Emulator only supports listening on one address (127.0.0.1). Not listening on ::1
[debug] [2026-07-14T06:21:36.849Z] [firestore.websocket] websocket server for firestore only supports listening on one address (127.0.0.1). Not listening on ::1
[debug] [2026-07-14T06:21:36.850Z] [database] Database Emulator only supports listening on one address (127.0.0.1). Not listening on ::1
[debug] [2026-07-14T06:21:36.850Z] assigned listening specs for emulators {"user":{"hub":[{"address":"127.0.0.1","family":"IPv4","port":4400},{"address":"::1","family":"IPv6","port":4400}],"ui":[{"address":"127.0.0.1","family":"IPv4","port":4000},{"address":"::1","family":"IPv6","port":4000}],"logging":[{"address":"127.0.0.1","family":"IPv4","port":4500}],"auth":[{"address":"127.0.0.1","family":"IPv4","port":9099}],"firestore":[{"address":"127.0.0.1","family":"IPv4","port":8080}],"firestore.websocket":[{"address":"127.0.0.1","family":"IPv4","port":9150}],"database":[{"address":"127.0.0.1","family":"IPv4","port":9000}]},"metadata":{"message":"assigned listening specs for emulators"}}
[debug] [2026-07-14T06:21:36.864Z] Write emulator hub locator at /tmp/hub-phrasal-alpha-407309.json
[warn] ⚠  firestore: Cloud Firestore Emulator does not support multiple databases yet. {"metadata":{"emulator":{"name":"firestore"},"message":"Cloud Firestore Emulator does not support multiple databases yet."}}
[warn] ⚠  firestore: Did not find a Cloud Firestore rules file specified in a firebase.json config file. {"metadata":{"emulator":{"name":"firestore"},"message":"Did not find a Cloud Firestore rules file specified in a firebase.json config file."}}
[warn] ⚠  firestore: The emulator will default to allowing all reads and writes. Learn more about this option: https://firebase.google.com/docs/emulator-suite/install_and_configure#security_rules_configuration. {"metadata":{"emulator":{"name":"firestore"},"message":"The emulator will default to allowing all reads and writes. Learn more about this option: https://firebase.google.com/docs/emulator-suite/install_and_configure#security_rules_configuration."}}
[debug] [2026-07-14T06:21:36.875Z] Ignoring unsupported arg: auto_download {"metadata":{"emulator":{"name":"firestore"},"message":"Ignoring unsupported arg: auto_download"}}
[debug] [2026-07-14T06:21:36.876Z] Ignoring unsupported arg: single_project_mode_error {"metadata":{"emulator":{"name":"firestore"},"message":"Ignoring unsupported arg: single_project_mode_error"}}
[debug] [2026-07-14T06:21:36.876Z] Starting Firestore Emulator with command {"binary":"java","args":["-Dgoogle.cloud_firestore.debug_log_level=FINE","-Duser.language=en","-jar","/home/hammad/.cache/firebase/emulators/cloud-firestore-emulator-v1.21.0.jar","--host","127.0.0.1","--port",8080,"--websocket_port",9150,"--database-edition","standard","--project_id","phrasal-alpha-407309","--single_project_mode",true],"optionalArgs":["port","webchannel_port","host","rules","websocket_port","database-edition","functions_emulator","seed_from_export","project_id","single_project_mode"],"joinArgs":false,"shell":false,"port":8080} {"metadata":{"emulator":{"name":"firestore"},"message":"Starting Firestore Emulator with command {\"binary\":\"java\",\"args\":[\"-Dgoogle.cloud_firestore.debug_log_level=FINE\",\"-Duser.language=en\",\"-jar\",\"/home/hammad/.cache/firebase/emulators/cloud-firestore-emulator-v1.21.0.jar\",\"--host\",\"127.0.0.1\",\"--port\",8080,\"--websocket_port\",9150,\"--database-edition\",\"standard\",\"--project_id\",\"phrasal-alpha-407309\",\"--single_project_mode\",true],\"optionalArgs\":[\"port\",\"webchannel_port\",\"host\",\"rules\",\"websocket_port\",\"database-edition\",\"functions_emulator\",\"seed_from_export\",\"project_id\",\"single_project_mode\"],\"joinArgs\":false,\"shell\":false,\"port\":8080}"}}
[info] i  firestore: Firestore Emulator logging to firestore-debug.log {"metadata":{"emulator":{"name":"firestore"},"message":"Firestore Emulator logging to \u001b[1mfirestore-debug.log\u001b[22m"}}
[debug] [2026-07-14T06:21:37.303Z] WARNING: A terminally deprecated method in sun.misc.Unsafe has been called
WARNING: sun.misc.Unsafe::allocateMemory has been called by io.netty.util.internal.PlatformDependent0$2 (file:/home/hammad/.cache/firebase/emulators/cloud-firestore-emulator-v1.21.0.jar)
WARNING: Please consider reporting this to the maintainers of class io.netty.util.internal.PlatformDependent0$2
WARNING: sun.misc.Unsafe::allocateMemory will be removed in a future release
 {"metadata":{"emulator":{"name":"firestore"},"message":"WARNING: A terminally deprecated method in sun.misc.Unsafe has been called\nWARNING: sun.misc.Unsafe::allocateMemory has been called by io.netty.util.internal.PlatformDependent0$2 (file:/home/hammad/.cache/firebase/emulators/cloud-firestore-emulator-v1.21.0.jar)\nWARNING: Please consider reporting this to the maintainers of class io.netty.util.internal.PlatformDependent0$2\nWARNING: sun.misc.Unsafe::allocateMemory will be removed in a future release\n"}}
[debug] [2026-07-14T06:21:37.990Z] WARNING: A restricted method in java.lang.System {"metadata":{"emulator":{"name":"firestore"},"message":"WARNING: A restricted method in java.lang.System"}}
[debug] [2026-07-14T06:21:37.991Z]  has been called
WARNING: java.lang.System::loadLibrary has been called by io.netty.util.internal.NativeLibraryUtil in an unnamed module (file:/home/hammad/.cache/firebase/emulators/cloud-firestore-emulator-v1.21.0.jar)
WARNING: Use --enable-native-access=ALL-UNNAMED to avoid a warning for callers in this module
WARNING: Restricted methods will be blocked in a future release unless native access is enabled

 {"metadata":{"emulator":{"name":"firestore"},"message":" has been called\nWARNING: java.lang.System::loadLibrary has been called by io.netty.util.internal.NativeLibraryUtil in an unnamed module (file:/home/hammad/.cache/firebase/emulators/cloud-firestore-emulator-v1.21.0.jar)\nWARNING: Use --enable-native-access=ALL-UNNAMED to avoid a warning for callers in this module\nWARNING: Restricted methods will be blocked in a future release unless native access is enabled\n\n"}}
[debug] [2026-07-14T06:21:39.010Z] Jul 14, 2026 11:21:38 AM com.google.cloud.datastore.emulator.firestore.websocket.WebSocketServer start
INFO: Started WebSocket server on ws://127.0.0.1:9150
 {"metadata":{"emulator":{"name":"firestore"},"message":"Jul 14, 2026 11:21:38 AM com.google.cloud.datastore.emulator.firestore.websocket.WebSocketServer start\nINFO: Started WebSocket server on ws://127.0.0.1:9150\n"}}
[debug] [2026-07-14T06:21:39.063Z] 
API endpoint: http:// {"metadata":{"emulator":{"name":"firestore"},"message":"\nAPI endpoint: http://"}}
[debug] [2026-07-14T06:21:39.064Z] 127.0.0.1:8080
Database Edition: STANDARD
Database Mode: CLOUD_FIRESTORE

If you are using a library that supports the FIRESTORE_EMULATOR_HOST environment variable, run:

   export FIRESTORE_EMULATOR_HOST=127.0.0.1:8080

If you are running a Firestore in Datastore Mode project, run:

   export DATASTORE_EMULATOR_HOST=127.0.0.1:8080

Note: Support for Datastore Mode is in preview. If you encounter any bugs please file at https://github.com/firebase/firebase-tools/issues.
Dev App Server is now running.

 {"metadata":{"emulator":{"name":"firestore"},"message":"127.0.0.1:8080\nDatabase Edition: STANDARD\nDatabase Mode: CLOUD_FIRESTORE\n\nIf you are using a library that supports the FIRESTORE_EMULATOR_HOST environment variable, run:\n\n   export FIRESTORE_EMULATOR_HOST=127.0.0.1:8080\n\nIf you are running a Firestore in Datastore Mode project, run:\n\n   export DATASTORE_EMULATOR_HOST=127.0.0.1:8080\n\nNote: Support for Datastore Mode is in preview. If you encounter any bugs please file at https://github.com/firebase/firebase-tools/issues.\nDev App Server is now running.\n\n"}}
[info] ✔  firestore: Firestore Emulator was started in standard edition. {"metadata":{"emulator":{"name":"firestore"},"message":"Firestore Emulator was started in standard edition."}}
[info] ✔  firestore: Firestore Emulator UI websocket is running on 9150. {"metadata":{"emulator":{"name":"firestore"},"message":"Firestore Emulator UI websocket is running on 9150."}}
[debug] [2026-07-14T06:21:39.111Z] Checked if tokens are valid: false, expires at: 1784008876366
[debug] [2026-07-14T06:21:39.112Z] Checked if tokens are valid: false, expires at: 1784008876366
[debug] [2026-07-14T06:21:39.113Z] > refreshing access token with scopes: []
[debug] [2026-07-14T06:21:39.120Z] >>> [apiv2][query] POST https://www.googleapis.com/oauth2/v3/token [none]
[debug] [2026-07-14T06:21:39.120Z] >>> [apiv2][body] POST https://www.googleapis.com/oauth2/v3/token [omitted]
[debug] [2026-07-14T06:21:39.681Z] <<< [apiv2][status] POST https://www.googleapis.com/oauth2/v3/token 200
[debug] [2026-07-14T06:21:39.681Z] <<< [apiv2][body] POST https://www.googleapis.com/oauth2/v3/token [omitted]
[debug] [2026-07-14T06:21:39.693Z] >>> [apiv2][query] GET https://firebase.googleapis.com/v1beta1/projects/phrasal-alpha-407309 [none]
[debug] [2026-07-14T06:21:40.519Z] <<< [apiv2][status] GET https://firebase.googleapis.com/v1beta1/projects/phrasal-alpha-407309 200
[debug] [2026-07-14T06:21:40.520Z] <<< [apiv2][body] GET https://firebase.googleapis.com/v1beta1/projects/phrasal-alpha-407309 {"projectId":"phrasal-alpha-407309","projectNumber":"671801788510","displayName":"pickkaru","name":"projects/phrasal-alpha-407309","resources":{"hostingSite":"phrasal-alpha-407309"},"state":"ACTIVE","labels":{"firebase":"enabled"},"etag":"1_f72c0b33-1de2-426c-bc77-706381eeb60d"}
[debug] [2026-07-14T06:21:40.520Z] database rules config:  []
[warn] ⚠  database: Did not find a Realtime Database rules file specified in a firebase.json config file. The emulator will default to allowing all reads and writes. Learn more about this option: https://firebase.google.com/docs/emulator-suite/install_and_configure#security_rules_configuration. {"metadata":{"emulator":{"name":"database"},"message":"Did not find a Realtime Database rules file specified in a firebase.json config file. The emulator will default to allowing all reads and writes. Learn more about this option: https://firebase.google.com/docs/emulator-suite/install_and_configure#security_rules_configuration."}}
[debug] [2026-07-14T06:21:40.523Z] Ignoring unsupported arg: projectId {"metadata":{"emulator":{"name":"database"},"message":"Ignoring unsupported arg: projectId"}}
[debug] [2026-07-14T06:21:40.523Z] Ignoring unsupported arg: auto_download {"metadata":{"emulator":{"name":"database"},"message":"Ignoring unsupported arg: auto_download"}}
[debug] [2026-07-14T06:21:40.523Z] Ignoring unsupported arg: rules {"metadata":{"emulator":{"name":"database"},"message":"Ignoring unsupported arg: rules"}}
[debug] [2026-07-14T06:21:40.523Z] Starting Database Emulator with command {"binary":"java","args":["-Duser.language=en","-jar","/home/hammad/.cache/firebase/emulators/firebase-database-emulator-v4.11.2.jar","--host","127.0.0.1","--port",9000,"--single_project_mode","Warning"],"optionalArgs":["port","host","functions_emulator_port","functions_emulator_host","single_project_mode"],"joinArgs":false,"shell":false,"port":9000} {"metadata":{"emulator":{"name":"database"},"message":"Starting Database Emulator with command {\"binary\":\"java\",\"args\":[\"-Duser.language=en\",\"-jar\",\"/home/hammad/.cache/firebase/emulators/firebase-database-emulator-v4.11.2.jar\",\"--host\",\"127.0.0.1\",\"--port\",9000,\"--single_project_mode\",\"Warning\"],\"optionalArgs\":[\"port\",\"host\",\"functions_emulator_port\",\"functions_emulator_host\",\"single_project_mode\"],\"joinArgs\":false,\"shell\":false,\"port\":9000}"}}
[info] i  database: Database Emulator logging to database-debug.log {"metadata":{"emulator":{"name":"database"},"message":"Database Emulator logging to \u001b[1mdatabase-debug.log\u001b[22m"}}
[debug] [2026-07-14T06:21:41.458Z] WARNING: A restricted method in java.lang.System {"metadata":{"emulator":{"name":"database"},"message":"WARNING: A restricted method in java.lang.System"}}
[debug] [2026-07-14T06:21:41.458Z]  has been called
WARNING: java.lang.System::load has been called by io.netty.util.internal.NativeLibraryUtil in an unnamed module (file:/home/hammad/.cache/firebase/emulators/firebase-database-emulator-v4.11.2.jar)
WARNING: Use --enable-native-access=ALL-UNNAMED to avoid a warning for callers in this module
WARNING: Restricted methods will be blocked in a future release unless native access is enabled

 {"metadata":{"emulator":{"name":"database"},"message":" has been called\nWARNING: java.lang.System::load has been called by io.netty.util.internal.NativeLibraryUtil in an unnamed module (file:/home/hammad/.cache/firebase/emulators/firebase-database-emulator-v4.11.2.jar)\nWARNING: Use --enable-native-access=ALL-UNNAMED to avoid a warning for callers in this module\nWARNING: Restricted methods will be blocked in a future release unless native access is enabled\n\n"}}
[debug] [2026-07-14T06:21:42.270Z] WARNING: A terminally deprecated method in sun.misc.Unsafe has been called
WARNING: sun.misc.Unsafe::objectFieldOffset has been called by akka.util.Unsafe (file:/home/hammad/.cache/firebase/emulators/firebase-database-emulator-v4.11.2.jar)
WARNING: Please consider reporting this to the maintainers of class akka.util.Unsafe
WARNING: sun.misc.Unsafe::objectFieldOffset will be removed in a future release
 {"metadata":{"emulator":{"name":"database"},"message":"WARNING: A terminally deprecated method in sun.misc.Unsafe has been called\nWARNING: sun.misc.Unsafe::objectFieldOffset has been called by akka.util.Unsafe (file:/home/hammad/.cache/firebase/emulators/firebase-database-emulator-v4.11.2.jar)\nWARNING: Please consider reporting this to the maintainers of class akka.util.Unsafe\nWARNING: sun.misc.Unsafe::objectFieldOffset will be removed in a future release\n"}}
[debug] [2026-07-14T06:21:42.393Z] 11:21:42.391 [NamespaceSystem-akka.actor.default-dispatcher-5] INFO akka.event.slf4j.Slf4jLogger - Slf4jLogger started
 {"metadata":{"emulator":{"name":"database"},"message":"11:21:42.391 [NamespaceSystem-akka.actor.default-dispatcher-5] INFO akka.event.slf4j.Slf4jLogger - Slf4jLogger started\n"}}
[debug] [2026-07-14T06:21:42.559Z] 11:21:42.558 [main] INFO com.firebase.server.forge.App$ - Listening at 127.0.0.1:9000
 {"metadata":{"emulator":{"name":"database"},"message":"11:21:42.558 [main] INFO com.firebase.server.forge.App$ - Listening at 127.0.0.1:9000\n"}}
[debug] [2026-07-14T06:21:56.487Z] Could not find VSCode notification endpoint: FetchError: request to http://localhost:40001/vscode/notify failed, reason: . If you are not running the Firebase SQL Connect VSCode extension, this is expected and not an issue.
[info] 
┌─────────────────────────────────────────────────────────────┐
│ ✔  All emulators ready! It is now safe to connect your app. │
│ i  View Emulator UI at http://127.0.0.1:4000/               │
└─────────────────────────────────────────────────────────────┘

┌────────────────┬────────────────┬─────────────────────────────────┐
│ Emulator       │ Host:Port      │ View in Emulator UI             │
├────────────────┼────────────────┼─────────────────────────────────┤
│ Authentication │ 127.0.0.1:9099 │ http://127.0.0.1:4000/auth      │
├────────────────┼────────────────┼─────────────────────────────────┤
│ Firestore      │ 127.0.0.1:8080 │ http://127.0.0.1:4000/firestore │
├────────────────┼────────────────┼─────────────────────────────────┤
│ Database       │ 127.0.0.1:9000 │ http://127.0.0.1:4000/database  │
└────────────────┴────────────────┴─────────────────────────────────┘
  Emulator Hub host: 127.0.0.1 port: 4400
  Other reserved ports: 4500, 9150

Issues? Report them at https://github.com/firebase/firebase-tools/issues and attach the *-debug.log files.
 
[debug] [2026-07-14T06:22:01.800Z] Jul 14, 2026 11:22:01 AM com.google.cloud.datastore.emulator.firestore.websocket.WebSocketChannelHandler initChannel
INFO: Connected to new websocket client
 {"metadata":{"emulator":{"name":"firestore"},"message":"Jul 14, 2026 11:22:01 AM com.google.cloud.datastore.emulator.firestore.websocket.WebSocketChannelHandler initChannel\nINFO: Connected to new websocket client\n"}}
[debug] [2026-07-14T06:22:16.959Z] Jul 14, 2026 11:22:16 AM io.gapi.emulators.netty.HttpVersionRoutingHandler channelRead
INFO: Detected non-HTTP/2 connection.
 {"metadata":{"emulator":{"name":"firestore"},"message":"Jul 14, 2026 11:22:16 AM io.gapi.emulators.netty.HttpVersionRoutingHandler channelRead\nINFO: Detected non-HTTP/2 connection.\n"}}
[debug] [2026-07-14T06:22:17.143Z] Jul 14, 2026 11:22:17 AM io.grpc.netty.TcpMetrics loadEpollInfo
INFO: Epoll available during static init of TcpMetrics:false
 {"metadata":{"emulator":{"name":"firestore"},"message":"Jul 14, 2026 11:22:17 AM io.grpc.netty.TcpMetrics loadEpollInfo\nINFO: Epoll available during static init of TcpMetrics:false\n"}}
[debug] [2026-07-14T06:22:17.162Z] Jul 14, 2026 11:22:17 AM io.gapi.emulators.netty.HttpVersionRoutingHandler channelRead
INFO: Detected HTTP/2 connection.
 {"metadata":{"emulator":{"name":"firestore"},"message":"Jul 14, 2026 11:22:17 AM io.gapi.emulators.netty.HttpVersionRoutingHandler channelRead\nINFO: Detected HTTP/2 connection.\n"}}
[debug] [2026-07-14T06:25:28.167Z] Jul 14, 2026 11:25:28 AM com.google.cloud.datastore.emulator.firestore.websocket.WebSocketChannelHandler channelClosed
INFO: Websocket client disconnected
 {"metadata":{"emulator":{"name":"firestore"},"message":"Jul 14, 2026 11:25:28 AM com.google.cloud.datastore.emulator.firestore.websocket.WebSocketChannelHandler channelClosed\nINFO: Websocket client disconnected\n"}}
[debug] [2026-07-14T06:26:52.317Z] Jul 14, 2026 11:26:52 AM io.gapi.emulators.netty.HttpVersionRoutingHandler channelRead
INFO: Detected HTTP/2 connection.
 {"metadata":{"emulator":{"name":"firestore"},"message":"Jul 14, 2026 11:26:52 AM io.gapi.emulators.netty.HttpVersionRoutingHandler channelRead\nINFO: Detected HTTP/2 connection.\n"}}
[debug] [2026-07-14T06:31:24.991Z] Jul 14, 2026 11:31:24 AM io.gapi.emulators.netty.HttpVersionRoutingHandler channelRead
INFO: Detected HTTP/2 connection.
 {"metadata":{"emulator":{"name":"firestore"},"message":"Jul 14, 2026 11:31:24 AM io.gapi.emulators.netty.HttpVersionRoutingHandler channelRead\nINFO: Detected HTTP/2 connection.\n"}}
[debug] [2026-07-14T06:33:22.712Z] Jul 14, 2026 11:33:22 AM io.gapi.emulators.netty.HttpVersionRoutingHandler channelRead
INFO: Detected HTTP/2 connection.
 {"metadata":{"emulator":{"name":"firestore"},"message":"Jul 14, 2026 11:33:22 AM io.gapi.emulators.netty.HttpVersionRoutingHandler channelRead\nINFO: Detected HTTP/2 connection.\n"}}
[debug] [2026-07-14T06:39:19.359Z] Jul 14, 2026 11:39:19 AM io.gapi.emulators.netty.HttpVersionRoutingHandler channelRead
INFO: Detected HTTP/2 connection.
 {"metadata":{"emulator":{"name":"firestore"},"message":"Jul 14, 2026 11:39:19 AM io.gapi.emulators.netty.HttpVersionRoutingHandler channelRead\nINFO: Detected HTTP/2 connection.\n"}}
[debug] [2026-07-14T06:44:10.012Z] Jul 14, 2026 11:44:10 AM io.gapi.emulators.netty.HttpVersionRoutingHandler channelRead
INFO: Detected HTTP/2 connection.
 {"metadata":{"emulator":{"name":"firestore"},"message":"Jul 14, 2026 11:44:10 AM io.gapi.emulators.netty.HttpVersionRoutingHandler channelRead\nINFO: Detected HTTP/2 connection.\n"}}
[debug] [2026-07-14T07:14:31.597Z] Jul 14, 2026 12:14:31 PM io.gapi.emulators.netty.HttpVersionRoutingHandler channelRead
INFO: Detected HTTP/2 connection.
 {"metadata":{"emulator":{"name":"firestore"},"message":"Jul 14, 2026 12:14:31 PM io.gapi.emulators.netty.HttpVersionRoutingHandler channelRead\nINFO: Detected HTTP/2 connection.\n"}}
[debug] [2026-07-14T07:44:31.582Z] Jul 14, 2026 12:44:31 PM io.gapi.emulators.netty.HttpVersionRoutingHandler channelRead
INFO: Detected HTTP/2 connection.
 {"metadata":{"emulator":{"name":"firestore"},"message":"Jul 14, 2026 12:44:31 PM io.gapi.emulators.netty.HttpVersionRoutingHandler channelRead\nINFO: Detected HTTP/2 connection.\n"}}
[debug] [2026-07-14T08:14:31.580Z] Jul 14, 2026 1:14:31 PM io.gapi.emulators.netty.HttpVersionRoutingHandler channelRead
INFO: Detected HTTP/2 connection.
 {"metadata":{"emulator":{"name":"firestore"},"message":"Jul 14, 2026 1:14:31 PM io.gapi.emulators.netty.HttpVersionRoutingHandler channelRead\nINFO: Detected HTTP/2 connection.\n"}}
[debug] [2026-07-14T08:44:31.594Z] Jul 14, 2026 1:44:31 PM io.gapi.emulators.netty.HttpVersionRoutingHandler channelRead
INFO: Detected HTTP/2 connection.
 {"metadata":{"emulator":{"name":"firestore"},"message":"Jul 14, 2026 1:44:31 PM io.gapi.emulators.netty.HttpVersionRoutingHandler channelRead\nINFO: Detected HTTP/2 connection.\n"}}
[debug] [2026-07-14T09:14:31.641Z] Jul 14, 2026 2:14:31 PM io.gapi.emulators.netty.HttpVersionRoutingHandler channelRead
INFO: Detected HTTP/2 connection.
 {"metadata":{"emulator":{"name":"firestore"},"message":"Jul 14, 2026 2:14:31 PM io.gapi.emulators.netty.HttpVersionRoutingHandler channelRead\nINFO: Detected HTTP/2 connection.\n"}}
[debug] [2026-07-14T09:44:31.607Z] Jul 14, 2026 2:44:31 PM io.gapi.emulators.netty.HttpVersionRoutingHandler channelRead
INFO: Detected HTTP/2 connection.
 {"metadata":{"emulator":{"name":"firestore"},"message":"Jul 14, 2026 2:44:31 PM io.gapi.emulators.netty.HttpVersionRoutingHandler channelRead\nINFO: Detected HTTP/2 connection.\n"}}
[debug] [2026-07-14T10:14:31.600Z] Jul 14, 2026 3:14:31 PM io.gapi.emulators.netty.HttpVersionRoutingHandler channelRead
INFO: Detected HTTP/2 connection.
 {"metadata":{"emulator":{"name":"firestore"},"message":"Jul 14, 2026 3:14:31 PM io.gapi.emulators.netty.HttpVersionRoutingHandler channelRead\nINFO: Detected HTTP/2 connection.\n"}}
[debug] [2026-07-14T10:44:31.598Z] Jul 14, 2026 3:44:31 PM io.gapi.emulators.netty.HttpVersionRoutingHandler channelRead
INFO: Detected HTTP/2 connection.
 {"metadata":{"emulator":{"name":"firestore"},"message":"Jul 14, 2026 3:44:31 PM io.gapi.emulators.netty.HttpVersionRoutingHandler channelRead\nINFO: Detected HTTP/2 connection.\n"}}
[debug] [2026-07-14T11:14:31.625Z] Jul 14, 2026 4:14:31 PM io.gapi.emulators.netty.HttpVersionRoutingHandler channelRead
INFO: Detected HTTP/2 connection.
 {"metadata":{"emulator":{"name":"firestore"},"message":"Jul 14, 2026 4:14:31 PM io.gapi.emulators.netty.HttpVersionRoutingHandler channelRead\nINFO: Detected HTTP/2 connection.\n"}}
[debug] [2026-07-14T14:48:46.251Z] Jul 14, 2026 7:48:46 PM io.gapi.emulators.netty.HttpVersionRoutingHandler channelRead
INFO: Detected HTTP/2 connection.
 {"metadata":{"emulator":{"name":"firestore"},"message":"Jul 14, 2026 7:48:46 PM io.gapi.emulators.netty.HttpVersionRoutingHandler channelRead\nINFO: Detected HTTP/2 connection.\n"}}
[debug] [2026-07-14T14:49:29.255Z] Jul 14, 2026 7:49:29 PM com.google.cloud.datastore.emulator.firestore.websocket.WebSocketChannelHandler initChannel
INFO: Connected to new websocket client
 {"metadata":{"emulator":{"name":"firestore"},"message":"Jul 14, 2026 7:49:29 PM com.google.cloud.datastore.emulator.firestore.websocket.WebSocketChannelHandler initChannel\nINFO: Connected to new websocket client\n"}}
[debug] [2026-07-14T14:49:31.748Z] Jul 14, 2026 7:49:31 PM io.gapi.emulators.netty.HttpVersionRoutingHandler channelRead
INFO: Detected non-HTTP/2 connection.
 {"metadata":{"emulator":{"name":"firestore"},"message":"Jul 14, 2026 7:49:31 PM io.gapi.emulators.netty.HttpVersionRoutingHandler channelRead\nINFO: Detected non-HTTP/2 connection.\n"}}
[debug] [2026-07-14T14:49:31.844Z] Jul 14, 2026 7:49:31 PM io.gapi.emulators.netty.HttpVersionRoutingHandler channelRead
INFO: Detected HTTP/2 connection.
 {"metadata":{"emulator":{"name":"firestore"},"message":"Jul 14, 2026 7:49:31 PM io.gapi.emulators.netty.HttpVersionRoutingHandler channelRead\nINFO: Detected HTTP/2 connection.\n"}}
[debug] [2026-07-14T14:49:32.122Z] Jul 14, 2026 7:49:32 PM io.gapi.emulators.netty.HttpVersionRoutingHandler channelRead
INFO: Detected non-HTTP/2 connection.
 {"metadata":{"emulator":{"name":"firestore"},"message":"Jul 14, 2026 7:49:32 PM io.gapi.emulators.netty.HttpVersionRoutingHandler channelRead\nINFO: Detected non-HTTP/2 connection.\n"}}
[debug] [2026-07-14T14:49:32.676Z] Jul 14, 2026 7:49:32 PM io.gapi.emulators.netty.HttpVersionRoutingHandler channelRead
INFO: Detected non-HTTP/2 connection.
 {"metadata":{"emulator":{"name":"firestore"},"message":"Jul 14, 2026 7:49:32 PM io.gapi.emulators.netty.HttpVersionRoutingHandler channelRead\nINFO: Detected non-HTTP/2 connection.\n"}}
[debug] [2026-07-14T14:49:32.938Z] Jul 14, 2026 7:49:32 PM io.gapi.emulators.netty.HttpVersionRoutingHandler channelRead
INFO: Detected non-HTTP/2 connection.
 {"metadata":{"emulator":{"name":"firestore"},"message":"Jul 14, 2026 7:49:32 PM io.gapi.emulators.netty.HttpVersionRoutingHandler channelRead\nINFO: Detected non-HTTP/2 connection.\n"}}
[debug] [2026-07-14T14:49:40.269Z] Jul 14, 2026 7:49:40 PM io.gapi.emulators.netty.HttpVersionRoutingHandler channelRead
INFO: Detected non-HTTP/2 connection.
 {"metadata":{"emulator":{"name":"firestore"},"message":"Jul 14, 2026 7:49:40 PM io.gapi.emulators.netty.HttpVersionRoutingHandler channelRead\nINFO: Detected non-HTTP/2 connection.\n"}}
[debug] [2026-07-14T14:49:40.274Z] Jul 14, 2026 7:49:40 PM io.gapi.emulators.netty.HttpVersionRoutingHandler channelRead
INFO: Detected non-HTTP/2 connection.
 {"metadata":{"emulator":{"name":"firestore"},"message":"Jul 14, 2026 7:49:40 PM io.gapi.emulators.netty.HttpVersionRoutingHandler channelRead\nINFO: Detected non-HTTP/2 connection.\n"}}
[debug] [2026-07-14T14:49:46.051Z] Jul 14, 2026 7:49:46 PM io.gapi.emulators.netty.HttpVersionRoutingHandler channelRead
INFO: Detected non-HTTP/2 connection.
 {"metadata":{"emulator":{"name":"firestore"},"message":"Jul 14, 2026 7:49:46 PM io.gapi.emulators.netty.HttpVersionRoutingHandler channelRead\nINFO: Detected non-HTTP/2 connection.\n"}}
[debug] [2026-07-14T14:49:46.208Z] Jul 14, 2026 7:49:46 PM io.gapi.emulators.netty.HttpVersionRoutingHandler channelRead
INFO: Detected non-HTTP/2 connection.
 {"metadata":{"emulator":{"name":"firestore"},"message":"Jul 14, 2026 7:49:46 PM io.gapi.emulators.netty.HttpVersionRoutingHandler channelRead\nINFO: Detected non-HTTP/2 connection.\n"}}
[debug] [2026-07-14T14:49:47.133Z] Jul 14, 2026 7:49:47 PM io.gapi.emulators.netty.HttpVersionRoutingHandler channelRead
INFO: Detected non-HTTP/2 connection.
 {"metadata":{"emulator":{"name":"firestore"},"message":"Jul 14, 2026 7:49:47 PM io.gapi.emulators.netty.HttpVersionRoutingHandler channelRead\nINFO: Detected non-HTTP/2 connection.\n"}}
[debug] [2026-07-14T14:49:47.365Z] Jul 14, 2026 7:49:47 PM io.gapi.emulators.netty.HttpVersionRoutingHandler channelRead
INFO: Detected non-HTTP/2 connection.
 {"metadata":{"emulator":{"name":"firestore"},"message":"Jul 14, 2026 7:49:47 PM io.gapi.emulators.netty.HttpVersionRoutingHandler channelRead\nINFO: Detected non-HTTP/2 connection.\n"}}
[debug] [2026-07-14T14:49:48.550Z] Jul 14, 2026 7:49:48 PM io.gapi.emulators.netty.HttpVersionRoutingHandler channelRead
INFO: Detected non-HTTP/2 connection.
 {"metadata":{"emulator":{"name":"firestore"},"message":"Jul 14, 2026 7:49:48 PM io.gapi.emulators.netty.HttpVersionRoutingHandler channelRead\nINFO: Detected non-HTTP/2 connection.\n"}}
[debug] [2026-07-14T14:49:48.695Z] Jul 14, 2026 7:49:48 PM io.gapi.emulators.netty.HttpVersionRoutingHandler channelRead
INFO: Detected non-HTTP/2 connection.
 {"metadata":{"emulator":{"name":"firestore"},"message":"Jul 14, 2026 7:49:48 PM io.gapi.emulators.netty.HttpVersionRoutingHandler channelRead\nINFO: Detected non-HTTP/2 connection.\n"}}
[debug] [2026-07-14T14:49:49.421Z] Jul 14, 2026 7:49:49 PM io.gapi.emulators.netty.HttpVersionRoutingHandler channelRead
INFO: Detected non-HTTP/2 connection.
 {"metadata":{"emulator":{"name":"firestore"},"message":"Jul 14, 2026 7:49:49 PM io.gapi.emulators.netty.HttpVersionRoutingHandler channelRead\nINFO: Detected non-HTTP/2 connection.\n"}}
[debug] [2026-07-14T14:49:49.592Z] Jul 14, 2026 7:49:49 PM io.gapi.emulators.netty.HttpVersionRoutingHandler channelRead
INFO: Detected non-HTTP/2 connection.
 {"metadata":{"emulator":{"name":"firestore"},"message":"Jul 14, 2026 7:49:49 PM io.gapi.emulators.netty.HttpVersionRoutingHandler channelRead\nINFO: Detected non-HTTP/2 connection.\n"}}
[debug] [2026-07-14T14:49:50.232Z] Jul 14, 2026 7:49:50 PM io.gapi.emulators.netty.HttpVersionRoutingHandler channelRead
INFO: Detected non-HTTP/2 connection.
 {"metadata":{"emulator":{"name":"firestore"},"message":"Jul 14, 2026 7:49:50 PM io.gapi.emulators.netty.HttpVersionRoutingHandler channelRead\nINFO: Detected non-HTTP/2 connection.\n"}}
[debug] [2026-07-14T14:49:50.388Z] Jul 14, 2026 7:49:50 PM io.gapi.emulators.netty.HttpVersionRoutingHandler channelRead
INFO: Detected non-HTTP/2 connection.
 {"metadata":{"emulator":{"name":"firestore"},"message":"Jul 14, 2026 7:49:50 PM io.gapi.emulators.netty.HttpVersionRoutingHandler channelRead\nINFO: Detected non-HTTP/2 connection.\n"}}
[debug] [2026-07-14T14:49:51.454Z] Jul 14, 2026 7:49:51 PM io.gapi.emulators.netty.HttpVersionRoutingHandler channelRead
INFO: Detected non-HTTP/2 connection.
 {"metadata":{"emulator":{"name":"firestore"},"message":"Jul 14, 2026 7:49:51 PM io.gapi.emulators.netty.HttpVersionRoutingHandler channelRead\nINFO: Detected non-HTTP/2 connection.\n"}}
[debug] [2026-07-14T14:50:23.414Z] Jul 14, 2026 7:50:23 PM io.gapi.emulators.netty.HttpVersionRoutingHandler channelRead
INFO: Detected non-HTTP/2 connection.
 {"metadata":{"emulator":{"name":"firestore"},"message":"Jul 14, 2026 7:50:23 PM io.gapi.emulators.netty.HttpVersionRoutingHandler channelRead\nINFO: Detected non-HTTP/2 connection.\n"}}
[debug] [2026-07-14T14:50:23.464Z] Jul 14, 2026 7:50:23 PM io.gapi.emulators.netty.HttpVersionRoutingHandler channelRead
INFO: Detected non-HTTP/2 connection.
 {"metadata":{"emulator":{"name":"firestore"},"message":"Jul 14, 2026 7:50:23 PM io.gapi.emulators.netty.HttpVersionRoutingHandler channelRead\nINFO: Detected non-HTTP/2 connection.\n"}}
[debug] [2026-07-14T14:50:23.497Z] Jul 14, 2026 7:50:23 PM io.gapi.emulators.netty.HttpVersionRoutingHandler channelRead
INFO: Detected non-HTTP/2 connection.
 {"metadata":{"emulator":{"name":"firestore"},"message":"Jul 14, 2026 7:50:23 PM io.gapi.emulators.netty.HttpVersionRoutingHandler channelRead\nINFO: Detected non-HTTP/2 connection.\n"}}
[debug] [2026-07-14T14:50:23.546Z] Jul 14, 2026 7:50:23 PM io.gapi.emulators.netty.HttpVersionRoutingHandler channelRead
INFO: Detected non-HTTP/2 connection.
 {"metadata":{"emulator":{"name":"firestore"},"message":"Jul 14, 2026 7:50:23 PM io.gapi.emulators.netty.HttpVersionRoutingHandler channelRead\nINFO: Detected non-HTTP/2 connection.\n"}}
[debug] [2026-07-14T14:50:23.570Z] Jul 14, 2026 7:50:23 PM io.gapi.emulators.netty.HttpVersionRoutingHandler channelRead
INFO: Detected non-HTTP/2 connection.
 {"metadata":{"emulator":{"name":"firestore"},"message":"Jul 14, 2026 7:50:23 PM io.gapi.emulators.netty.HttpVersionRoutingHandler channelRead\nINFO: Detected non-HTTP/2 connection.\n"}}
[debug] [2026-07-14T14:50:24.125Z] Jul 14, 2026 7:50:24 PM io.gapi.emulators.netty.HttpVersionRoutingHandler channelRead
INFO: Detected HTTP/2 connection.
 {"metadata":{"emulator":{"name":"firestore"},"message":"Jul 14, 2026 7:50:24 PM io.gapi.emulators.netty.HttpVersionRoutingHandler channelRead\nINFO: Detected HTTP/2 connection.\n"}}
[debug] [2026-07-14T14:51:10.199Z] Jul 14, 2026 7:51:10 PM io.gapi.emulators.netty.HttpVersionRoutingHandler channelRead
INFO: Detected non-HTTP/2 connection.
 {"metadata":{"emulator":{"name":"firestore"},"message":"Jul 14, 2026 7:51:10 PM io.gapi.emulators.netty.HttpVersionRoutingHandler channelRead\nINFO: Detected non-HTTP/2 connection.\n"}}
[debug] [2026-07-14T14:51:33.670Z] Jul 14, 2026 7:51:33 PM io.gapi.emulators.netty.HttpVersionRoutingHandler channelRead
INFO: Detected non-HTTP/2 connection.
 {"metadata":{"emulator":{"name":"firestore"},"message":"Jul 14, 2026 7:51:33 PM io.gapi.emulators.netty.HttpVersionRoutingHandler channelRead\nINFO: Detected non-HTTP/2 connection.\n"}}
[debug] [2026-07-14T14:51:35.069Z] Jul 14, 2026 7:51:35 PM io.gapi.emulators.netty.HttpVersionRoutingHandler channelRead
INFO: Detected non-HTTP/2 connection.
 {"metadata":{"emulator":{"name":"firestore"},"message":"Jul 14, 2026 7:51:35 PM io.gapi.emulators.netty.HttpVersionRoutingHandler channelRead\nINFO: Detected non-HTTP/2 connection.\n"}}
[debug] [2026-07-14T14:51:38.240Z] Jul 14, 2026 7:51:38 PM io.gapi.emulators.netty.HttpVersionRoutingHandler channelRead
INFO: Detected non-HTTP/2 connection.
 {"metadata":{"emulator":{"name":"firestore"},"message":"Jul 14, 2026 7:51:38 PM io.gapi.emulators.netty.HttpVersionRoutingHandler channelRead\nINFO: Detected non-HTTP/2 connection.\n"}}
[debug] [2026-07-14T14:52:23.423Z] Jul 14, 2026 7:52:23 PM io.gapi.emulators.netty.HttpVersionRoutingHandler channelRead
INFO: Detected non-HTTP/2 connection.
 {"metadata":{"emulator":{"name":"firestore"},"message":"Jul 14, 2026 7:52:23 PM io.gapi.emulators.netty.HttpVersionRoutingHandler channelRead\nINFO: Detected non-HTTP/2 connection.\n"}}
[debug] [2026-07-14T14:53:09.424Z] Jul 14, 2026 7:53:09 PM io.gapi.emulators.netty.HttpVersionRoutingHandler channelRead
INFO: Detected non-HTTP/2 connection.
 {"metadata":{"emulator":{"name":"firestore"},"message":"Jul 14, 2026 7:53:09 PM io.gapi.emulators.netty.HttpVersionRoutingHandler channelRead\nINFO: Detected non-HTTP/2 connection.\n"}}
[debug] [2026-07-14T14:53:55.426Z] Jul 14, 2026 7:53:55 PM io.gapi.emulators.netty.HttpVersionRoutingHandler channelRead
INFO: Detected non-HTTP/2 connection.
 {"metadata":{"emulator":{"name":"firestore"},"message":"Jul 14, 2026 7:53:55 PM io.gapi.emulators.netty.HttpVersionRoutingHandler channelRead\nINFO: Detected non-HTTP/2 connection.\n"}}
[debug] [2026-07-14T14:54:41.421Z] Jul 14, 2026 7:54:41 PM io.gapi.emulators.netty.HttpVersionRoutingHandler channelRead
INFO: Detected non-HTTP/2 connection.
 {"metadata":{"emulator":{"name":"firestore"},"message":"Jul 14, 2026 7:54:41 PM io.gapi.emulators.netty.HttpVersionRoutingHandler channelRead\nINFO: Detected non-HTTP/2 connection.\n"}}
[debug] [2026-07-14T14:55:27.426Z] Jul 14, 2026 7:55:27 PM io.gapi.emulators.netty.HttpVersionRoutingHandler channelRead
INFO: Detected non-HTTP/2 connection.
 {"metadata":{"emulator":{"name":"firestore"},"message":"Jul 14, 2026 7:55:27 PM io.gapi.emulators.netty.HttpVersionRoutingHandler channelRead\nINFO: Detected non-HTTP/2 connection.\n"}}
[debug] [2026-07-14T14:55:36.258Z] Jul 14, 2026 7:55:36 PM io.gapi.emulators.netty.HttpVersionRoutingHandler channelRead
INFO: Detected non-HTTP/2 connection.
 {"metadata":{"emulator":{"name":"firestore"},"message":"Jul 14, 2026 7:55:36 PM io.gapi.emulators.netty.HttpVersionRoutingHandler channelRead\nINFO: Detected non-HTTP/2 connection.\n"}}
[debug] [2026-07-14T14:56:12.462Z] Jul 14, 2026 7:56:12 PM io.gapi.emulators.netty.HttpVersionRoutingHandler channelRead
INFO: Detected non-HTTP/2 connection.
 {"metadata":{"emulator":{"name":"firestore"},"message":"Jul 14, 2026 7:56:12 PM io.gapi.emulators.netty.HttpVersionRoutingHandler channelRead\nINFO: Detected non-HTTP/2 connection.\n"}}
[debug] [2026-07-14T14:56:58.425Z] Jul 14, 2026 7:56:58 PM io.gapi.emulators.netty.HttpVersionRoutingHandler channelRead
INFO: Detected non-HTTP/2 connection.
 {"metadata":{"emulator":{"name":"firestore"},"message":"Jul 14, 2026 7:56:58 PM io.gapi.emulators.netty.HttpVersionRoutingHandler channelRead\nINFO: Detected non-HTTP/2 connection.\n"}}
[debug] [2026-07-14T14:57:44.427Z] Jul 14, 2026 7:57:44 PM io.gapi.emulators.netty.HttpVersionRoutingHandler channelRead
INFO: Detected non-HTTP/2 connection.
 {"metadata":{"emulator":{"name":"firestore"},"message":"Jul 14, 2026 7:57:44 PM io.gapi.emulators.netty.HttpVersionRoutingHandler channelRead\nINFO: Detected non-HTTP/2 connection.\n"}}
[debug] [2026-07-14T14:58:30.424Z] Jul 14, 2026 7:58:30 PM io.gapi.emulators.netty.HttpVersionRoutingHandler channelRead
INFO: Detected non-HTTP/2 connection.
 {"metadata":{"emulator":{"name":"firestore"},"message":"Jul 14, 2026 7:58:30 PM io.gapi.emulators.netty.HttpVersionRoutingHandler channelRead\nINFO: Detected non-HTTP/2 connection.\n"}}
[debug] [2026-07-14T14:59:46.423Z] Jul 14, 2026 7:59:46 PM io.gapi.emulators.netty.HttpVersionRoutingHandler channelRead
INFO: Detected non-HTTP/2 connection.
 {"metadata":{"emulator":{"name":"firestore"},"message":"Jul 14, 2026 7:59:46 PM io.gapi.emulators.netty.HttpVersionRoutingHandler channelRead\nINFO: Detected non-HTTP/2 connection.\n"}}
[debug] [2026-07-14T15:00:32.425Z] Jul 14, 2026 8:00:32 PM io.gapi.emulators.netty.HttpVersionRoutingHandler channelRead
INFO: Detected non-HTTP/2 connection.
 {"metadata":{"emulator":{"name":"firestore"},"message":"Jul 14, 2026 8:00:32 PM io.gapi.emulators.netty.HttpVersionRoutingHandler channelRead\nINFO: Detected non-HTTP/2 connection.\n"}}
[debug] [2026-07-14T15:01:18.420Z] Jul 14, 2026 8:01:18 PM io.gapi.emulators.netty.HttpVersionRoutingHandler channelRead
INFO: Detected non-HTTP/2 connection.
 {"metadata":{"emulator":{"name":"firestore"},"message":"Jul 14, 2026 8:01:18 PM io.gapi.emulators.netty.HttpVersionRoutingHandler channelRead\nINFO: Detected non-HTTP/2 connection.\n"}}
[debug] [2026-07-14T15:02:04.421Z] Jul 14, 2026 8:02:04 PM io.gapi.emulators.netty.HttpVersionRoutingHandler channelRead
INFO: Detected non-HTTP/2 connection.
 {"metadata":{"emulator":{"name":"firestore"},"message":"Jul 14, 2026 8:02:04 PM io.gapi.emulators.netty.HttpVersionRoutingHandler channelRead\nINFO: Detected non-HTTP/2 connection.\n"}}
[debug] [2026-07-14T15:02:50.424Z] Jul 14, 2026 8:02:50 PM io.gapi.emulators.netty.HttpVersionRoutingHandler channelRead
INFO: Detected non-HTTP/2 connection.
 {"metadata":{"emulator":{"name":"firestore"},"message":"Jul 14, 2026 8:02:50 PM io.gapi.emulators.netty.HttpVersionRoutingHandler channelRead\nINFO: Detected non-HTTP/2 connection.\n"}}
[debug] [2026-07-14T15:03:07.141Z] Jul 14, 2026 8:03:07 PM io.gapi.emulators.netty.HttpVersionRoutingHandler channelRead
INFO: Detected non-HTTP/2 connection.
 {"metadata":{"emulator":{"name":"firestore"},"message":"Jul 14, 2026 8:03:07 PM io.gapi.emulators.netty.HttpVersionRoutingHandler channelRead\nINFO: Detected non-HTTP/2 connection.\n"}}
[debug] [2026-07-14T15:03:07.141Z] Jul 14, 2026 8:03:07 PM io.gapi.emulators.netty.HttpVersionRoutingHandler channelRead
INFO: Detected non-HTTP/2 connection.
 {"metadata":{"emulator":{"name":"firestore"},"message":"Jul 14, 2026 8:03:07 PM io.gapi.emulators.netty.HttpVersionRoutingHandler channelRead\nINFO: Detected non-HTTP/2 connection.\n"}}
[debug] [2026-07-14T15:03:07.142Z] Jul 14, 2026 8:03:07 PM io.gapi.emulators.netty.HttpVersionRoutingHandler channelRead
INFO: Detected non-HTTP/2 connection.
 {"metadata":{"emulator":{"name":"firestore"},"message":"Jul 14, 2026 8:03:07 PM io.gapi.emulators.netty.HttpVersionRoutingHandler channelRead\nINFO: Detected non-HTTP/2 connection.\n"}}
[debug] [2026-07-14T15:03:11.464Z] Jul 14, 2026 8:03:11 PM io.gapi.emulators.netty.HttpVersionRoutingHandler channelRead
INFO: Detected non-HTTP/2 connection.
 {"metadata":{"emulator":{"name":"firestore"},"message":"Jul 14, 2026 8:03:11 PM io.gapi.emulators.netty.HttpVersionRoutingHandler channelRead\nINFO: Detected non-HTTP/2 connection.\n"}}
[debug] [2026-07-14T15:03:12.673Z] Jul 14, 2026 8:03:12 PM io.gapi.emulators.netty.HttpVersionRoutingHandler channelRead
INFO: Detected non-HTTP/2 connection.
 {"metadata":{"emulator":{"name":"firestore"},"message":"Jul 14, 2026 8:03:12 PM io.gapi.emulators.netty.HttpVersionRoutingHandler channelRead\nINFO: Detected non-HTTP/2 connection.\n"}}
[debug] [2026-07-14T15:03:29.466Z] Jul 14, 2026 8:03:29 PM com.google.cloud.datastore.emulator.firestore.websocket.WebSocketChannelHandler initChannel
INFO: Connected to new websocket client
 {"metadata":{"emulator":{"name":"firestore"},"message":"Jul 14, 2026 8:03:29 PM com.google.cloud.datastore.emulator.firestore.websocket.WebSocketChannelHandler initChannel\nINFO: Connected to new websocket client\n"}}
[debug] [2026-07-14T15:03:29.479Z] Jul 14, 2026 8:03:29 PM io.gapi.emulators.netty.HttpVersionRoutingHandler channelRead
INFO: Detected non-HTTP/2 connection.
 {"metadata":{"emulator":{"name":"firestore"},"message":"Jul 14, 2026 8:03:29 PM io.gapi.emulators.netty.HttpVersionRoutingHandler channelRead\nINFO: Detected non-HTTP/2 connection.\n"}}
[debug] [2026-07-14T15:03:29.643Z] Jul 14, 2026 8:03:29 PM io.gapi.emulators.netty.HttpVersionRoutingHandler channelRead
INFO: Detected non-HTTP/2 connection.
 {"metadata":{"emulator":{"name":"firestore"},"message":"Jul 14, 2026 8:03:29 PM io.gapi.emulators.netty.HttpVersionRoutingHandler channelRead\nINFO: Detected non-HTTP/2 connection.\n"}}
[debug] [2026-07-14T15:03:29.720Z] Jul 14, 2026 8:03:29 PM io.gapi.emulators.netty.HttpVersionRoutingHandler channelRead
INFO: Detected non-HTTP/2 connection.
 {"metadata":{"emulator":{"name":"firestore"},"message":"Jul 14, 2026 8:03:29 PM io.gapi.emulators.netty.HttpVersionRoutingHandler channelRead\nINFO: Detected non-HTTP/2 connection.\n"}}
[debug] [2026-07-14T15:03:29.835Z] Jul 14, 2026 8:03:29 PM io.gapi.emulators.netty.HttpVersionRoutingHandler channelRead
INFO: Detected non-HTTP/2 connection.
 {"metadata":{"emulator":{"name":"firestore"},"message":"Jul 14, 2026 8:03:29 PM io.gapi.emulators.netty.HttpVersionRoutingHandler channelRead\nINFO: Detected non-HTTP/2 connection.\n"}}
[debug] [2026-07-14T15:03:32.897Z] Jul 14, 2026 8:03:32 PM io.gapi.emulators.netty.HttpVersionRoutingHandler channelRead
INFO: Detected non-HTTP/2 connection.
 {"metadata":{"emulator":{"name":"firestore"},"message":"Jul 14, 2026 8:03:32 PM io.gapi.emulators.netty.HttpVersionRoutingHandler channelRead\nINFO: Detected non-HTTP/2 connection.\n"}}
[debug] [2026-07-14T15:03:34.678Z] Jul 14, 2026 8:03:34 PM io.gapi.emulators.netty.HttpVersionRoutingHandler channelRead
INFO: Detected non-HTTP/2 connection.
 {"metadata":{"emulator":{"name":"firestore"},"message":"Jul 14, 2026 8:03:34 PM io.gapi.emulators.netty.HttpVersionRoutingHandler channelRead\nINFO: Detected non-HTTP/2 connection.\n"}}
[debug] [2026-07-14T15:03:40.135Z] Jul 14, 2026 8:03:40 PM io.gapi.emulators.netty.HttpVersionRoutingHandler channelRead
INFO: Detected non-HTTP/2 connection.
Jul 14, 2026 8:03:40 PM com.google.cloud.datastore.emulator.firestore.webchannel.FirestoreV1WebChannelAdapter$FirestoreListenHandler onClose
INFO: channel closed
 {"metadata":{"emulator":{"name":"firestore"},"message":"Jul 14, 2026 8:03:40 PM io.gapi.emulators.netty.HttpVersionRoutingHandler channelRead\nINFO: Detected non-HTTP/2 connection.\nJul 14, 2026 8:03:40 PM com.google.cloud.datastore.emulator.firestore.webchannel.FirestoreV1WebChannelAdapter$FirestoreListenHandler onClose\nINFO: channel closed\n"}}
[debug] [2026-07-14T15:03:58.424Z] Jul 14, 2026 8:03:58 PM io.gapi.emulators.netty.HttpVersionRoutingHandler channelRead
INFO: Detected non-HTTP/2 connection.
 {"metadata":{"emulator":{"name":"firestore"},"message":"Jul 14, 2026 8:03:58 PM io.gapi.emulators.netty.HttpVersionRoutingHandler channelRead\nINFO: Detected non-HTTP/2 connection.\n"}}
[debug] [2026-07-14T15:04:44.420Z] Jul 14, 2026 8:04:44 PM io.gapi.emulators.netty.HttpVersionRoutingHandler channelRead
INFO: Detected non-HTTP/2 connection.
 {"metadata":{"emulator":{"name":"firestore"},"message":"Jul 14, 2026 8:04:44 PM io.gapi.emulators.netty.HttpVersionRoutingHandler channelRead\nINFO: Detected non-HTTP/2 connection.\n"}}
[debug] [2026-07-14T15:05:11.688Z] Jul 14, 2026 8:05:11 PM com.google.cloud.datastore.emulator.firestore.websocket.WebSocketChannelHandler channelClosed
INFO: Websocket client disconnected
 {"metadata":{"emulator":{"name":"firestore"},"message":"Jul 14, 2026 8:05:11 PM com.google.cloud.datastore.emulator.firestore.websocket.WebSocketChannelHandler channelClosed\nINFO: Websocket client disconnected\n"}}
[debug] [2026-07-14T15:05:58.214Z] 20:05:58.210 [NamespaceSystem-akka.actor.default-dispatcher-6] INFO com.firebase.core.namespace.NamespaceActor - phrasal-alpha-407309 successfully activated FBKV (SurveyIdle(0)) wait: 322ms, init: 0ms
 {"metadata":{"emulator":{"name":"database"},"message":"20:05:58.210 [NamespaceSystem-akka.actor.default-dispatcher-6] INFO com.firebase.core.namespace.NamespaceActor - phrasal-alpha-407309 successfully activated FBKV (SurveyIdle(0)) wait: 322ms, init: 0ms\n"}}
[debug] [2026-07-14T15:06:03.575Z] Jul 14, 2026 8:06:03 PM io.gapi.emulators.netty.HttpVersionRoutingHandler channelRead
INFO: Detected non-HTTP/2 connection.
 {"metadata":{"emulator":{"name":"firestore"},"message":"Jul 14, 2026 8:06:03 PM io.gapi.emulators.netty.HttpVersionRoutingHandler channelRead\nINFO: Detected non-HTTP/2 connection.\n"}}
[debug] [2026-07-14T15:06:03.597Z] Jul 14, 2026 8:06:03 PM io.gapi.emulators.netty.HttpVersionRoutingHandler channelRead
INFO: Detected non-HTTP/2 connection.
 {"metadata":{"emulator":{"name":"firestore"},"message":"Jul 14, 2026 8:06:03 PM io.gapi.emulators.netty.HttpVersionRoutingHandler channelRead\nINFO: Detected non-HTTP/2 connection.\n"}}
[debug] [2026-07-14T15:06:03.665Z] Jul 14, 2026 8:06:03 PM io.gapi.emulators.netty.HttpVersionRoutingHandler channelRead
INFO: Detected non-HTTP/2 connection.
 {"metadata":{"emulator":{"name":"firestore"},"message":"Jul 14, 2026 8:06:03 PM io.gapi.emulators.netty.HttpVersionRoutingHandler channelRead\nINFO: Detected non-HTTP/2 connection.\n"}}
[debug] [2026-07-14T15:06:03.954Z] Jul 14, 2026 8:06:03 PM io.gapi.emulators.netty.HttpVersionRoutingHandler channelRead
INFO: Detected non-HTTP/2 connection.
 {"metadata":{"emulator":{"name":"firestore"},"message":"Jul 14, 2026 8:06:03 PM io.gapi.emulators.netty.HttpVersionRoutingHandler channelRead\nINFO: Detected non-HTTP/2 connection.\n"}}
[debug] [2026-07-14T15:06:10.445Z] Jul 14, 2026 8:06:10 PM io.gapi.emulators.netty.HttpVersionRoutingHandler channelRead
INFO: Detected non-HTTP/2 connection.
 {"metadata":{"emulator":{"name":"firestore"},"message":"Jul 14, 2026 8:06:10 PM io.gapi.emulators.netty.HttpVersionRoutingHandler channelRead\nINFO: Detected non-HTTP/2 connection.\n"}}
[debug] [2026-07-14T15:06:10.451Z] Jul 14, 2026 8:06:10 PM com.google.cloud.datastore.emulator.firestore.webchannel.FirestoreV1WebChannelAdapter$FirestoreListenHandler onClose
INFO: channel closed
 {"metadata":{"emulator":{"name":"firestore"},"message":"Jul 14, 2026 8:06:10 PM com.google.cloud.datastore.emulator.firestore.webchannel.FirestoreV1WebChannelAdapter$FirestoreListenHandler onClose\nINFO: channel closed\n"}}
[debug] [2026-07-14T15:06:11.888Z] Jul 14, 2026 8:06:11 PM io.gapi.emulators.netty.HttpVersionRoutingHandler channelRead
INFO: Detected non-HTTP/2 connection.
 {"metadata":{"emulator":{"name":"firestore"},"message":"Jul 14, 2026 8:06:11 PM io.gapi.emulators.netty.HttpVersionRoutingHandler channelRead\nINFO: Detected non-HTTP/2 connection.\n"}}
[debug] [2026-07-14T15:06:11.912Z] Jul 14, 2026 8:06:11 PM io.gapi.emulators.netty.HttpVersionRoutingHandler channelRead
INFO: Detected non-HTTP/2 connection.
 {"metadata":{"emulator":{"name":"firestore"},"message":"Jul 14, 2026 8:06:11 PM io.gapi.emulators.netty.HttpVersionRoutingHandler channelRead\nINFO: Detected non-HTTP/2 connection.\n"}}
[debug] [2026-07-14T15:06:11.992Z] Jul 14, 2026 8:06:11 PM io.gapi.emulators.netty.HttpVersionRoutingHandler channelRead
INFO: Detected non-HTTP/2 connection.
 {"metadata":{"emulator":{"name":"firestore"},"message":"Jul 14, 2026 8:06:11 PM io.gapi.emulators.netty.HttpVersionRoutingHandler channelRead\nINFO: Detected non-HTTP/2 connection.\n"}}
[debug] [2026-07-14T15:06:21.469Z] Jul 14, 2026 8:06:21 PM io.gapi.emulators.netty.HttpVersionRoutingHandler channelRead
INFO: Detected non-HTTP/2 connection.
 {"metadata":{"emulator":{"name":"firestore"},"message":"Jul 14, 2026 8:06:21 PM io.gapi.emulators.netty.HttpVersionRoutingHandler channelRead\nINFO: Detected non-HTTP/2 connection.\n"}}
[debug] [2026-07-14T15:06:58.368Z] Jul 14, 2026 8:06:58 PM io.gapi.emulators.netty.HttpVersionRoutingHandler channelRead
INFO: Detected non-HTTP/2 connection.
 {"metadata":{"emulator":{"name":"firestore"},"message":"Jul 14, 2026 8:06:58 PM io.gapi.emulators.netty.HttpVersionRoutingHandler channelRead\nINFO: Detected non-HTTP/2 connection.\n"}}
[debug] [2026-07-14T15:07:44.510Z] Jul 14, 2026 8:07:44 PM io.gapi.emulators.netty.HttpVersionRoutingHandler channelRead
INFO: Detected non-HTTP/2 connection.
 {"metadata":{"emulator":{"name":"firestore"},"message":"Jul 14, 2026 8:07:44 PM io.gapi.emulators.netty.HttpVersionRoutingHandler channelRead\nINFO: Detected non-HTTP/2 connection.\n"}}
[debug] [2026-07-14T15:07:57.136Z] Jul 14, 2026 8:07:57 PM io.gapi.emulators.netty.HttpVersionRoutingHandler channelRead
INFO: Detected non-HTTP/2 connection.
 {"metadata":{"emulator":{"name":"firestore"},"message":"Jul 14, 2026 8:07:57 PM io.gapi.emulators.netty.HttpVersionRoutingHandler channelRead\nINFO: Detected non-HTTP/2 connection.\n"}}
[debug] [2026-07-14T15:08:20.165Z] Jul 14, 2026 8:08:20 PM com.google.cloud.datastore.emulator.firestore.websocket.WebSocketChannelHandler channelClosed
INFO: Websocket client disconnected
 {"metadata":{"emulator":{"name":"firestore"},"message":"Jul 14, 2026 8:08:20 PM com.google.cloud.datastore.emulator.firestore.websocket.WebSocketChannelHandler channelClosed\nINFO: Websocket client disconnected\n"}}
[debug] [2026-07-14T15:08:20.198Z] Jul 14, 2026 8:08:20 PM io.gapi.emulators.netty.HttpVersionRoutingHandler channelRead
INFO: Detected non-HTTP/2 connection.
 {"metadata":{"emulator":{"name":"firestore"},"message":"Jul 14, 2026 8:08:20 PM io.gapi.emulators.netty.HttpVersionRoutingHandler channelRead\nINFO: Detected non-HTTP/2 connection.\n"}}
[debug] [2026-07-14T15:08:20.205Z] Jul 14, 2026 8:08:20 PM com.google.cloud.datastore.emulator.firestore.websocket.WebSocketChannelHandler initChannel
INFO: Connected to new websocket client
 {"metadata":{"emulator":{"name":"firestore"},"message":"Jul 14, 2026 8:08:20 PM com.google.cloud.datastore.emulator.firestore.websocket.WebSocketChannelHandler initChannel\nINFO: Connected to new websocket client\n"}}
[debug] [2026-07-14T15:08:20.344Z] Jul 14, 2026 8:08:20 PM com.google.cloud.datastore.emulator.firestore.websocket.WebSocketChannelHandler channelClosed
INFO: Websocket client disconnected
 {"metadata":{"emulator":{"name":"firestore"},"message":"Jul 14, 2026 8:08:20 PM com.google.cloud.datastore.emulator.firestore.websocket.WebSocketChannelHandler channelClosed\nINFO: Websocket client disconnected\n"}}
[debug] [2026-07-14T15:08:20.989Z] Jul 14, 2026 8:08:20 PM com.google.cloud.datastore.emulator.firestore.websocket.WebSocketChannelHandler initChannel
INFO: Connected to new websocket client
 {"metadata":{"emulator":{"name":"firestore"},"message":"Jul 14, 2026 8:08:20 PM com.google.cloud.datastore.emulator.firestore.websocket.WebSocketChannelHandler initChannel\nINFO: Connected to new websocket client\n"}}
[debug] [2026-07-14T15:08:21.038Z] Jul 14, 2026 8:08:21 PM io.gapi.emulators.netty.HttpVersionRoutingHandler channelRead
INFO: Detected non-HTTP/2 connection.
 {"metadata":{"emulator":{"name":"firestore"},"message":"Jul 14, 2026 8:08:21 PM io.gapi.emulators.netty.HttpVersionRoutingHandler channelRead\nINFO: Detected non-HTTP/2 connection.\n"}}
[debug] [2026-07-14T15:08:21.129Z] Jul 14, 2026 8:08:21 PM io.gapi.emulators.netty.HttpVersionRoutingHandler channelRead
INFO: Detected non-HTTP/2 connection.
 {"metadata":{"emulator":{"name":"firestore"},"message":"Jul 14, 2026 8:08:21 PM io.gapi.emulators.netty.HttpVersionRoutingHandler channelRead\nINFO: Detected non-HTTP/2 connection.\n"}}
[debug] [2026-07-14T15:08:21.353Z] Jul 14, 2026 8:08:21 PM io.gapi.emulators.netty.HttpVersionRoutingHandler channelRead
INFO: Detected non-HTTP/2 connection.
 {"metadata":{"emulator":{"name":"firestore"},"message":"Jul 14, 2026 8:08:21 PM io.gapi.emulators.netty.HttpVersionRoutingHandler channelRead\nINFO: Detected non-HTTP/2 connection.\n"}}
[debug] [2026-07-14T15:08:23.148Z] Jul 14, 2026 8:08:23 PM io.gapi.emulators.netty.HttpVersionRoutingHandler channelRead
INFO: Detected non-HTTP/2 connection.
 {"metadata":{"emulator":{"name":"firestore"},"message":"Jul 14, 2026 8:08:23 PM io.gapi.emulators.netty.HttpVersionRoutingHandler channelRead\nINFO: Detected non-HTTP/2 connection.\n"}}
[debug] [2026-07-14T15:08:23.410Z] Jul 14, 2026 8:08:23 PM io.gapi.emulators.netty.HttpVersionRoutingHandler channelRead
INFO: Detected non-HTTP/2 connection.
 {"metadata":{"emulator":{"name":"firestore"},"message":"Jul 14, 2026 8:08:23 PM io.gapi.emulators.netty.HttpVersionRoutingHandler channelRead\nINFO: Detected non-HTTP/2 connection.\n"}}
[debug] [2026-07-14T15:08:30.996Z] Jul 14, 2026 8:08:30 PM io.gapi.emulators.netty.HttpVersionRoutingHandler channelRead
INFO: Detected non-HTTP/2 connection.
 {"metadata":{"emulator":{"name":"firestore"},"message":"Jul 14, 2026 8:08:30 PM io.gapi.emulators.netty.HttpVersionRoutingHandler channelRead\nINFO: Detected non-HTTP/2 connection.\n"}}
[debug] [2026-07-14T15:08:32.741Z] Jul 14, 2026 8:08:32 PM com.google.cloud.datastore.emulator.firestore.websocket.WebSocketChannelHandler channelClosed
INFO: Websocket client disconnected
 {"metadata":{"emulator":{"name":"firestore"},"message":"Jul 14, 2026 8:08:32 PM com.google.cloud.datastore.emulator.firestore.websocket.WebSocketChannelHandler channelClosed\nINFO: Websocket client disconnected\n"}}
[debug] [2026-07-14T15:08:32.765Z] Jul 14, 2026 8:08:32 PM io.gapi.emulators.netty.HttpVersionRoutingHandler channelRead
INFO: Detected non-HTTP/2 connection.
 {"metadata":{"emulator":{"name":"firestore"},"message":"Jul 14, 2026 8:08:32 PM io.gapi.emulators.netty.HttpVersionRoutingHandler channelRead\nINFO: Detected non-HTTP/2 connection.\n"}}
[debug] [2026-07-14T15:08:33.513Z] Jul 14, 2026 8:08:33 PM com.google.cloud.datastore.emulator.firestore.websocket.WebSocketChannelHandler initChannel
INFO: Connected to new websocket client
 {"metadata":{"emulator":{"name":"firestore"},"message":"Jul 14, 2026 8:08:33 PM com.google.cloud.datastore.emulator.firestore.websocket.WebSocketChannelHandler initChannel\nINFO: Connected to new websocket client\n"}}
[debug] [2026-07-14T15:08:33.605Z] Jul 14, 2026 8:08:33 PM io.gapi.emulators.netty.HttpVersionRoutingHandler channelRead
INFO: Detected non-HTTP/2 connection.
 {"metadata":{"emulator":{"name":"firestore"},"message":"Jul 14, 2026 8:08:33 PM io.gapi.emulators.netty.HttpVersionRoutingHandler channelRead\nINFO: Detected non-HTTP/2 connection.\n"}}
[debug] [2026-07-14T15:08:33.706Z] Jul 14, 2026 8:08:33 PM io.gapi.emulators.netty.HttpVersionRoutingHandler channelRead
INFO: Detected non-HTTP/2 connection.
 {"metadata":{"emulator":{"name":"firestore"},"message":"Jul 14, 2026 8:08:33 PM io.gapi.emulators.netty.HttpVersionRoutingHandler channelRead\nINFO: Detected non-HTTP/2 connection.\n"}}
[debug] [2026-07-14T15:08:49.362Z] Jul 14, 2026 8:08:49 PM io.gapi.emulators.netty.HttpVersionRoutingHandler channelRead
INFO: Detected non-HTTP/2 connection.
 {"metadata":{"emulator":{"name":"firestore"},"message":"Jul 14, 2026 8:08:49 PM io.gapi.emulators.netty.HttpVersionRoutingHandler channelRead\nINFO: Detected non-HTTP/2 connection.\n"}}
[debug] [2026-07-14T15:08:50.334Z] Jul 14, 2026 8:08:50 PM io.gapi.emulators.netty.HttpVersionRoutingHandler channelRead
INFO: Detected HTTP/2 connection.
 {"metadata":{"emulator":{"name":"firestore"},"message":"Jul 14, 2026 8:08:50 PM io.gapi.emulators.netty.HttpVersionRoutingHandler channelRead\nINFO: Detected HTTP/2 connection.\n"}}
[debug] [2026-07-14T15:09:20.604Z] Jul 14, 2026 8:09:20 PM io.gapi.emulators.netty.HttpVersionRoutingHandler channelRead
INFO: Detected non-HTTP/2 connection.
 {"metadata":{"emulator":{"name":"firestore"},"message":"Jul 14, 2026 8:09:20 PM io.gapi.emulators.netty.HttpVersionRoutingHandler channelRead\nINFO: Detected non-HTTP/2 connection.\n"}}
[debug] [2026-07-14T15:09:32.075Z] Jul 14, 2026 8:09:32 PM io.gapi.emulators.netty.HttpVersionRoutingHandler channelRead
INFO: Detected non-HTTP/2 connection.
 {"metadata":{"emulator":{"name":"firestore"},"message":"Jul 14, 2026 8:09:32 PM io.gapi.emulators.netty.HttpVersionRoutingHandler channelRead\nINFO: Detected non-HTTP/2 connection.\n"}}
[debug] [2026-07-14T15:09:32.276Z] Jul 14, 2026 8:09:32 PM io.gapi.emulators.netty.HttpVersionRoutingHandler channelRead
INFO: Detected non-HTTP/2 connection.
 {"metadata":{"emulator":{"name":"firestore"},"message":"Jul 14, 2026 8:09:32 PM io.gapi.emulators.netty.HttpVersionRoutingHandler channelRead\nINFO: Detected non-HTTP/2 connection.\n"}}
[debug] [2026-07-14T15:10:45.577Z] Jul 14, 2026 8:10:45 PM io.gapi.emulators.netty.HttpVersionRoutingHandler channelRead
INFO: Detected non-HTTP/2 connection.
 {"metadata":{"emulator":{"name":"firestore"},"message":"Jul 14, 2026 8:10:45 PM io.gapi.emulators.netty.HttpVersionRoutingHandler channelRead\nINFO: Detected non-HTTP/2 connection.\n"}}
[debug] [2026-07-14T15:11:22.143Z] Jul 14, 2026 8:11:22 PM io.gapi.emulators.netty.HttpVersionRoutingHandler channelRead
INFO: Detected non-HTTP/2 connection.
 {"metadata":{"emulator":{"name":"firestore"},"message":"Jul 14, 2026 8:11:22 PM io.gapi.emulators.netty.HttpVersionRoutingHandler channelRead\nINFO: Detected non-HTTP/2 connection.\n"}}
[debug] [2026-07-14T15:11:22.396Z] Jul 14, 2026 8:11:22 PM io.gapi.emulators.netty.HttpVersionRoutingHandler channelRead
INFO: Detected non-HTTP/2 connection.
 {"metadata":{"emulator":{"name":"firestore"},"message":"Jul 14, 2026 8:11:22 PM io.gapi.emulators.netty.HttpVersionRoutingHandler channelRead\nINFO: Detected non-HTTP/2 connection.\n"}}
[debug] [2026-07-14T15:11:23.450Z] Jul 14, 2026 8:11:23 PM io.gapi.emulators.netty.HttpVersionRoutingHandler channelRead
INFO: Detected non-HTTP/2 connection.
 {"metadata":{"emulator":{"name":"firestore"},"message":"Jul 14, 2026 8:11:23 PM io.gapi.emulators.netty.HttpVersionRoutingHandler channelRead\nINFO: Detected non-HTTP/2 connection.\n"}}
[debug] [2026-07-14T15:11:23.658Z] Jul 14, 2026 8:11:23 PM io.gapi.emulators.netty.HttpVersionRoutingHandler channelRead
INFO: Detected non-HTTP/2 connection.
 {"metadata":{"emulator":{"name":"firestore"},"message":"Jul 14, 2026 8:11:23 PM io.gapi.emulators.netty.HttpVersionRoutingHandler channelRead\nINFO: Detected non-HTTP/2 connection.\n"}}
[debug] [2026-07-14T15:11:24.781Z] Jul 14, 2026 8:11:24 PM io.gapi.emulators.netty.HttpVersionRoutingHandler channelRead
INFO: Detected non-HTTP/2 connection.
 {"metadata":{"emulator":{"name":"firestore"},"message":"Jul 14, 2026 8:11:24 PM io.gapi.emulators.netty.HttpVersionRoutingHandler channelRead\nINFO: Detected non-HTTP/2 connection.\n"}}
[debug] [2026-07-14T15:11:24.964Z] Jul 14, 2026 8:11:24 PM io.gapi.emulators.netty.HttpVersionRoutingHandler channelRead
INFO: Detected non-HTTP/2 connection.
 {"metadata":{"emulator":{"name":"firestore"},"message":"Jul 14, 2026 8:11:24 PM io.gapi.emulators.netty.HttpVersionRoutingHandler channelRead\nINFO: Detected non-HTTP/2 connection.\n"}}
[debug] [2026-07-14T15:11:26.507Z] Jul 14, 2026 8:11:26 PM io.gapi.emulators.netty.HttpVersionRoutingHandler channelRead
INFO: Detected non-HTTP/2 connection.
 {"metadata":{"emulator":{"name":"firestore"},"message":"Jul 14, 2026 8:11:26 PM io.gapi.emulators.netty.HttpVersionRoutingHandler channelRead\nINFO: Detected non-HTTP/2 connection.\n"}}
[debug] [2026-07-14T15:11:26.786Z] Jul 14, 2026 8:11:26 PM io.gapi.emulators.netty.HttpVersionRoutingHandler channelRead
INFO: Detected non-HTTP/2 connection.
 {"metadata":{"emulator":{"name":"firestore"},"message":"Jul 14, 2026 8:11:26 PM io.gapi.emulators.netty.HttpVersionRoutingHandler channelRead\nINFO: Detected non-HTTP/2 connection.\n"}}
[debug] [2026-07-14T15:11:27.641Z] Jul 14, 2026 8:11:27 PM io.gapi.emulators.netty.HttpVersionRoutingHandler channelRead
INFO: Detected non-HTTP/2 connection.
 {"metadata":{"emulator":{"name":"firestore"},"message":"Jul 14, 2026 8:11:27 PM io.gapi.emulators.netty.HttpVersionRoutingHandler channelRead\nINFO: Detected non-HTTP/2 connection.\n"}}
[debug] [2026-07-14T15:11:28.985Z] Jul 14, 2026 8:11:28 PM io.gapi.emulators.netty.HttpVersionRoutingHandler channelRead
INFO: Detected non-HTTP/2 connection.
 {"metadata":{"emulator":{"name":"firestore"},"message":"Jul 14, 2026 8:11:28 PM io.gapi.emulators.netty.HttpVersionRoutingHandler channelRead\nINFO: Detected non-HTTP/2 connection.\n"}}
[debug] [2026-07-14T15:11:35.196Z] Jul 14, 2026 8:11:35 PM io.gapi.emulators.netty.HttpVersionRoutingHandler channelRead
INFO: Detected non-HTTP/2 connection.
 {"metadata":{"emulator":{"name":"firestore"},"message":"Jul 14, 2026 8:11:35 PM io.gapi.emulators.netty.HttpVersionRoutingHandler channelRead\nINFO: Detected non-HTTP/2 connection.\n"}}
[debug] [2026-07-14T15:11:35.220Z] Jul 14, 2026 8:11:35 PM io.gapi.emulators.netty.HttpVersionRoutingHandler channelRead
INFO: Detected non-HTTP/2 connection.
 {"metadata":{"emulator":{"name":"firestore"},"message":"Jul 14, 2026 8:11:35 PM io.gapi.emulators.netty.HttpVersionRoutingHandler channelRead\nINFO: Detected non-HTTP/2 connection.\n"}}
[debug] [2026-07-14T15:11:36.594Z] Jul 14, 2026 8:11:36 PM io.gapi.emulators.netty.HttpVersionRoutingHandler channelRead
INFO: Detected non-HTTP/2 connection.
 {"metadata":{"emulator":{"name":"firestore"},"message":"Jul 14, 2026 8:11:36 PM io.gapi.emulators.netty.HttpVersionRoutingHandler channelRead\nINFO: Detected non-HTTP/2 connection.\n"}}
[debug] [2026-07-14T15:11:39.646Z] Jul 14, 2026 8:11:39 PM io.gapi.emulators.netty.HttpVersionRoutingHandler channelRead
INFO: Detected non-HTTP/2 connection.
 {"metadata":{"emulator":{"name":"firestore"},"message":"Jul 14, 2026 8:11:39 PM io.gapi.emulators.netty.HttpVersionRoutingHandler channelRead\nINFO: Detected non-HTTP/2 connection.\n"}}
[debug] [2026-07-14T15:11:45.341Z] Jul 14, 2026 8:11:45 PM io.gapi.emulators.netty.HttpVersionRoutingHandler channelRead
INFO: Detected non-HTTP/2 connection.
 {"metadata":{"emulator":{"name":"firestore"},"message":"Jul 14, 2026 8:11:45 PM io.gapi.emulators.netty.HttpVersionRoutingHandler channelRead\nINFO: Detected non-HTTP/2 connection.\n"}}
[debug] [2026-07-14T15:11:46.928Z] Jul 14, 2026 8:11:46 PM io.gapi.emulators.netty.HttpVersionRoutingHandler channelRead
INFO: Detected non-HTTP/2 connection.
 {"metadata":{"emulator":{"name":"firestore"},"message":"Jul 14, 2026 8:11:46 PM io.gapi.emulators.netty.HttpVersionRoutingHandler channelRead\nINFO: Detected non-HTTP/2 connection.\n"}}
[debug] [2026-07-14T15:11:48.296Z] Jul 14, 2026 8:11:48 PM io.gapi.emulators.netty.HttpVersionRoutingHandler channelRead
INFO: Detected non-HTTP/2 connection.
 {"metadata":{"emulator":{"name":"firestore"},"message":"Jul 14, 2026 8:11:48 PM io.gapi.emulators.netty.HttpVersionRoutingHandler channelRead\nINFO: Detected non-HTTP/2 connection.\n"}}
[debug] [2026-07-14T15:12:29.211Z] Jul 14, 2026 8:12:29 PM io.gapi.emulators.netty.HttpVersionRoutingHandler channelRead
INFO: Detected HTTP/2 connection.
 {"metadata":{"emulator":{"name":"firestore"},"message":"Jul 14, 2026 8:12:29 PM io.gapi.emulators.netty.HttpVersionRoutingHandler channelRead\nINFO: Detected HTTP/2 connection.\n"}}
[debug] [2026-07-14T15:12:34.419Z] Jul 14, 2026 8:12:34 PM io.gapi.emulators.netty.HttpVersionRoutingHandler channelRead
INFO: Detected non-HTTP/2 connection.
 {"metadata":{"emulator":{"name":"firestore"},"message":"Jul 14, 2026 8:12:34 PM io.gapi.emulators.netty.HttpVersionRoutingHandler channelRead\nINFO: Detected non-HTTP/2 connection.\n"}}
[debug] [2026-07-14T15:13:19.446Z] Jul 14, 2026 8:13:19 PM io.gapi.emulators.netty.HttpVersionRoutingHandler channelRead
INFO: Detected non-HTTP/2 connection.
 {"metadata":{"emulator":{"name":"firestore"},"message":"Jul 14, 2026 8:13:19 PM io.gapi.emulators.netty.HttpVersionRoutingHandler channelRead\nINFO: Detected non-HTTP/2 connection.\n"}}
[debug] [2026-07-14T15:14:06.400Z] Jul 14, 2026 8:14:06 PM io.gapi.emulators.netty.HttpVersionRoutingHandler channelRead
INFO: Detected non-HTTP/2 connection.
 {"metadata":{"emulator":{"name":"firestore"},"message":"Jul 14, 2026 8:14:06 PM io.gapi.emulators.netty.HttpVersionRoutingHandler channelRead\nINFO: Detected non-HTTP/2 connection.\n"}}
[debug] [2026-07-14T15:14:52.639Z] Jul 14, 2026 8:14:52 PM io.gapi.emulators.netty.HttpVersionRoutingHandler channelRead
INFO: Detected non-HTTP/2 connection.
 {"metadata":{"emulator":{"name":"firestore"},"message":"Jul 14, 2026 8:14:52 PM io.gapi.emulators.netty.HttpVersionRoutingHandler channelRead\nINFO: Detected non-HTTP/2 connection.\n"}}
[debug] [2026-07-14T15:15:39.606Z] Jul 14, 2026 8:15:39 PM io.gapi.emulators.netty.HttpVersionRoutingHandler channelRead
INFO: Detected non-HTTP/2 connection.
 {"metadata":{"emulator":{"name":"firestore"},"message":"Jul 14, 2026 8:15:39 PM io.gapi.emulators.netty.HttpVersionRoutingHandler channelRead\nINFO: Detected non-HTTP/2 connection.\n"}}
[debug] [2026-07-14T15:15:44.450Z] Jul 14, 2026 8:15:44 PM io.gapi.emulators.netty.HttpVersionRoutingHandler channelRead
INFO: Detected HTTP/2 connection.
 {"metadata":{"emulator":{"name":"firestore"},"message":"Jul 14, 2026 8:15:44 PM io.gapi.emulators.netty.HttpVersionRoutingHandler channelRead\nINFO: Detected HTTP/2 connection.\n"}}
[debug] [2026-07-14T15:16:26.395Z] Jul 14, 2026 8:16:26 PM io.gapi.emulators.netty.HttpVersionRoutingHandler channelRead
INFO: Detected non-HTTP/2 connection.
 {"metadata":{"emulator":{"name":"firestore"},"message":"Jul 14, 2026 8:16:26 PM io.gapi.emulators.netty.HttpVersionRoutingHandler channelRead\nINFO: Detected non-HTTP/2 connection.\n"}}
[debug] [2026-07-14T15:17:12.740Z] Jul 14, 2026 8:17:12 PM io.gapi.emulators.netty.HttpVersionRoutingHandler channelRead
INFO: Detected non-HTTP/2 connection.
 {"metadata":{"emulator":{"name":"firestore"},"message":"Jul 14, 2026 8:17:12 PM io.gapi.emulators.netty.HttpVersionRoutingHandler channelRead\nINFO: Detected non-HTTP/2 connection.\n"}}
[debug] [2026-07-14T15:17:58.850Z] Jul 14, 2026 8:17:58 PM io.gapi.emulators.netty.HttpVersionRoutingHandler channelRead
INFO: Detected non-HTTP/2 connection.
 {"metadata":{"emulator":{"name":"firestore"},"message":"Jul 14, 2026 8:17:58 PM io.gapi.emulators.netty.HttpVersionRoutingHandler channelRead\nINFO: Detected non-HTTP/2 connection.\n"}}
[debug] [2026-07-14T15:18:44.992Z] Jul 14, 2026 8:18:44 PM io.gapi.emulators.netty.HttpVersionRoutingHandler channelRead
INFO: Detected non-HTTP/2 connection.
 {"metadata":{"emulator":{"name":"firestore"},"message":"Jul 14, 2026 8:18:44 PM io.gapi.emulators.netty.HttpVersionRoutingHandler channelRead\nINFO: Detected non-HTTP/2 connection.\n"}}
[debug] [2026-07-14T15:19:31.064Z] Jul 14, 2026 8:19:31 PM io.gapi.emulators.netty.HttpVersionRoutingHandler channelRead
INFO: Detected non-HTTP/2 connection.
 {"metadata":{"emulator":{"name":"firestore"},"message":"Jul 14, 2026 8:19:31 PM io.gapi.emulators.netty.HttpVersionRoutingHandler channelRead\nINFO: Detected non-HTTP/2 connection.\n"}}
[debug] [2026-07-14T15:20:17.288Z] Jul 14, 2026 8:20:17 PM io.gapi.emulators.netty.HttpVersionRoutingHandler channelRead
INFO: Detected non-HTTP/2 connection.
 {"metadata":{"emulator":{"name":"firestore"},"message":"Jul 14, 2026 8:20:17 PM io.gapi.emulators.netty.HttpVersionRoutingHandler channelRead\nINFO: Detected non-HTTP/2 connection.\n"}}
[debug] [2026-07-14T15:21:03.339Z] Jul 14, 2026 8:21:03 PM io.gapi.emulators.netty.HttpVersionRoutingHandler channelRead
INFO: Detected non-HTTP/2 connection.
 {"metadata":{"emulator":{"name":"firestore"},"message":"Jul 14, 2026 8:21:03 PM io.gapi.emulators.netty.HttpVersionRoutingHandler channelRead\nINFO: Detected non-HTTP/2 connection.\n"}}
[debug] [2026-07-14T15:21:49.512Z] Jul 14, 2026 8:21:49 PM io.gapi.emulators.netty.HttpVersionRoutingHandler channelRead
INFO: Detected non-HTTP/2 connection.
 {"metadata":{"emulator":{"name":"firestore"},"message":"Jul 14, 2026 8:21:49 PM io.gapi.emulators.netty.HttpVersionRoutingHandler channelRead\nINFO: Detected non-HTTP/2 connection.\n"}}
[debug] [2026-07-14T15:22:35.594Z] Jul 14, 2026 8:22:35 PM io.gapi.emulators.netty.HttpVersionRoutingHandler channelRead
INFO: Detected non-HTTP/2 connection.
 {"metadata":{"emulator":{"name":"firestore"},"message":"Jul 14, 2026 8:22:35 PM io.gapi.emulators.netty.HttpVersionRoutingHandler channelRead\nINFO: Detected non-HTTP/2 connection.\n"}}
[debug] [2026-07-14T15:23:21.773Z] Jul 14, 2026 8:23:21 PM io.gapi.emulators.netty.HttpVersionRoutingHandler channelRead
INFO: Detected non-HTTP/2 connection.
 {"metadata":{"emulator":{"name":"firestore"},"message":"Jul 14, 2026 8:23:21 PM io.gapi.emulators.netty.HttpVersionRoutingHandler channelRead\nINFO: Detected non-HTTP/2 connection.\n"}}
[debug] [2026-07-14T15:23:44.569Z] Jul 14, 2026 8:23:44 PM io.gapi.emulators.netty.HttpVersionRoutingHandler channelRead
INFO: Detected HTTP/2 connection.
 {"metadata":{"emulator":{"name":"firestore"},"message":"Jul 14, 2026 8:23:44 PM io.gapi.emulators.netty.HttpVersionRoutingHandler channelRead\nINFO: Detected HTTP/2 connection.\n"}}
[debug] [2026-07-14T15:24:07.836Z] Jul 14, 2026 8:24:07 PM io.gapi.emulators.netty.HttpVersionRoutingHandler channelRead
INFO: Detected non-HTTP/2 connection.
 {"metadata":{"emulator":{"name":"firestore"},"message":"Jul 14, 2026 8:24:07 PM io.gapi.emulators.netty.HttpVersionRoutingHandler channelRead\nINFO: Detected non-HTTP/2 connection.\n"}}
[debug] [2026-07-14T15:24:53.906Z] Jul 14, 2026 8:24:53 PM io.gapi.emulators.netty.HttpVersionRoutingHandler channelRead
INFO: Detected non-HTTP/2 connection.
 {"metadata":{"emulator":{"name":"firestore"},"message":"Jul 14, 2026 8:24:53 PM io.gapi.emulators.netty.HttpVersionRoutingHandler channelRead\nINFO: Detected non-HTTP/2 connection.\n"}}
[debug] [2026-07-14T15:25:39.993Z] Jul 14, 2026 8:25:39 PM io.gapi.emulators.netty.HttpVersionRoutingHandler channelRead
INFO: Detected non-HTTP/2 connection.
 {"metadata":{"emulator":{"name":"firestore"},"message":"Jul 14, 2026 8:25:39 PM io.gapi.emulators.netty.HttpVersionRoutingHandler channelRead\nINFO: Detected non-HTTP/2 connection.\n"}}
[debug] [2026-07-14T15:26:00.837Z] Jul 14, 2026 8:26:00 PM io.gapi.emulators.netty.HttpVersionRoutingHandler channelRead
INFO: Detected non-HTTP/2 connection.
 {"metadata":{"emulator":{"name":"firestore"},"message":"Jul 14, 2026 8:26:00 PM io.gapi.emulators.netty.HttpVersionRoutingHandler channelRead\nINFO: Detected non-HTTP/2 connection.\n"}}
[debug] [2026-07-14T15:26:00.849Z] Jul 14, 2026 8:26:00 PM io.gapi.emulators.netty.HttpVersionRoutingHandler channelRead
INFO: Detected non-HTTP/2 connection.
 {"metadata":{"emulator":{"name":"firestore"},"message":"Jul 14, 2026 8:26:00 PM io.gapi.emulators.netty.HttpVersionRoutingHandler channelRead\nINFO: Detected non-HTTP/2 connection.\n"}}
[debug] [2026-07-14T15:26:00.853Z] Jul 14, 2026 8:26:00 PM io.gapi.emulators.netty.HttpVersionRoutingHandler channelRead
INFO: Detected non-HTTP/2 connection.
 {"metadata":{"emulator":{"name":"firestore"},"message":"Jul 14, 2026 8:26:00 PM io.gapi.emulators.netty.HttpVersionRoutingHandler channelRead\nINFO: Detected non-HTTP/2 connection.\n"}}
[debug] [2026-07-14T15:26:26.462Z] Jul 14, 2026 8:26:26 PM io.gapi.emulators.netty.HttpVersionRoutingHandler channelRead
INFO: Detected non-HTTP/2 connection.
 {"metadata":{"emulator":{"name":"firestore"},"message":"Jul 14, 2026 8:26:26 PM io.gapi.emulators.netty.HttpVersionRoutingHandler channelRead\nINFO: Detected non-HTTP/2 connection.\n"}}
[debug] [2026-07-14T15:27:42.621Z] Jul 14, 2026 8:27:42 PM io.gapi.emulators.netty.HttpVersionRoutingHandler channelRead
INFO: Detected non-HTTP/2 connection.
 {"metadata":{"emulator":{"name":"firestore"},"message":"Jul 14, 2026 8:27:42 PM io.gapi.emulators.netty.HttpVersionRoutingHandler channelRead\nINFO: Detected non-HTTP/2 connection.\n"}}
[debug] [2026-07-14T15:28:28.676Z] Jul 14, 2026 8:28:28 PM io.gapi.emulators.netty.HttpVersionRoutingHandler channelRead
INFO: Detected non-HTTP/2 connection.
 {"metadata":{"emulator":{"name":"firestore"},"message":"Jul 14, 2026 8:28:28 PM io.gapi.emulators.netty.HttpVersionRoutingHandler channelRead\nINFO: Detected non-HTTP/2 connection.\n"}}
[debug] [2026-07-14T15:29:14.807Z] Jul 14, 2026 8:29:14 PM io.gapi.emulators.netty.HttpVersionRoutingHandler channelRead
INFO: Detected non-HTTP/2 connection.
 {"metadata":{"emulator":{"name":"firestore"},"message":"Jul 14, 2026 8:29:14 PM io.gapi.emulators.netty.HttpVersionRoutingHandler channelRead\nINFO: Detected non-HTTP/2 connection.\n"}}
[debug] [2026-07-14T15:30:00.866Z] Jul 14, 2026 8:30:00 PM io.gapi.emulators.netty.HttpVersionRoutingHandler channelRead
INFO: Detected non-HTTP/2 connection.
 {"metadata":{"emulator":{"name":"firestore"},"message":"Jul 14, 2026 8:30:00 PM io.gapi.emulators.netty.HttpVersionRoutingHandler channelRead\nINFO: Detected non-HTTP/2 connection.\n"}}
[debug] [2026-07-14T15:30:47.096Z] Jul 14, 2026 8:30:47 PM io.gapi.emulators.netty.HttpVersionRoutingHandler channelRead
INFO: Detected non-HTTP/2 connection.
 {"metadata":{"emulator":{"name":"firestore"},"message":"Jul 14, 2026 8:30:47 PM io.gapi.emulators.netty.HttpVersionRoutingHandler channelRead\nINFO: Detected non-HTTP/2 connection.\n"}}
[debug] [2026-07-14T15:31:33.422Z] Jul 14, 2026 8:31:33 PM io.gapi.emulators.netty.HttpVersionRoutingHandler channelRead
INFO: Detected non-HTTP/2 connection.
 {"metadata":{"emulator":{"name":"firestore"},"message":"Jul 14, 2026 8:31:33 PM io.gapi.emulators.netty.HttpVersionRoutingHandler channelRead\nINFO: Detected non-HTTP/2 connection.\n"}}
[debug] [2026-07-14T15:32:19.655Z] Jul 14, 2026 8:32:19 PM io.gapi.emulators.netty.HttpVersionRoutingHandler channelRead
INFO: Detected non-HTTP/2 connection.
 {"metadata":{"emulator":{"name":"firestore"},"message":"Jul 14, 2026 8:32:19 PM io.gapi.emulators.netty.HttpVersionRoutingHandler channelRead\nINFO: Detected non-HTTP/2 connection.\n"}}
[debug] [2026-07-14T15:33:05.725Z] Jul 14, 2026 8:33:05 PM io.gapi.emulators.netty.HttpVersionRoutingHandler channelRead
INFO: Detected non-HTTP/2 connection.
 {"metadata":{"emulator":{"name":"firestore"},"message":"Jul 14, 2026 8:33:05 PM io.gapi.emulators.netty.HttpVersionRoutingHandler channelRead\nINFO: Detected non-HTTP/2 connection.\n"}}
[debug] [2026-07-14T15:33:51.783Z] Jul 14, 2026 8:33:51 PM io.gapi.emulators.netty.HttpVersionRoutingHandler channelRead
INFO: Detected non-HTTP/2 connection.
 {"metadata":{"emulator":{"name":"firestore"},"message":"Jul 14, 2026 8:33:51 PM io.gapi.emulators.netty.HttpVersionRoutingHandler channelRead\nINFO: Detected non-HTTP/2 connection.\n"}}
[debug] [2026-07-14T15:34:37.832Z] Jul 14, 2026 8:34:37 PM io.gapi.emulators.netty.HttpVersionRoutingHandler channelRead
INFO: Detected non-HTTP/2 connection.
 {"metadata":{"emulator":{"name":"firestore"},"message":"Jul 14, 2026 8:34:37 PM io.gapi.emulators.netty.HttpVersionRoutingHandler channelRead\nINFO: Detected non-HTTP/2 connection.\n"}}
[debug] [2026-07-14T15:35:23.931Z] Jul 14, 2026 8:35:23 PM io.gapi.emulators.netty.HttpVersionRoutingHandler channelRead
INFO: Detected non-HTTP/2 connection.
 {"metadata":{"emulator":{"name":"firestore"},"message":"Jul 14, 2026 8:35:23 PM io.gapi.emulators.netty.HttpVersionRoutingHandler channelRead\nINFO: Detected non-HTTP/2 connection.\n"}}
[debug] [2026-07-14T15:36:10.007Z] Jul 14, 2026 8:36:10 PM io.gapi.emulators.netty.HttpVersionRoutingHandler channelRead
INFO: Detected non-HTTP/2 connection.
 {"metadata":{"emulator":{"name":"firestore"},"message":"Jul 14, 2026 8:36:10 PM io.gapi.emulators.netty.HttpVersionRoutingHandler channelRead\nINFO: Detected non-HTTP/2 connection.\n"}}
[debug] [2026-07-14T15:36:56.057Z] Jul 14, 2026 8:36:56 PM io.gapi.emulators.netty.HttpVersionRoutingHandler channelRead
INFO: Detected non-HTTP/2 connection.
 {"metadata":{"emulator":{"name":"firestore"},"message":"Jul 14, 2026 8:36:56 PM io.gapi.emulators.netty.HttpVersionRoutingHandler channelRead\nINFO: Detected non-HTTP/2 connection.\n"}}
[debug] [2026-07-14T15:37:42.159Z] Jul 14, 2026 8:37:42 PM io.gapi.emulators.netty.HttpVersionRoutingHandler channelRead
INFO: Detected non-HTTP/2 connection.
 {"metadata":{"emulator":{"name":"firestore"},"message":"Jul 14, 2026 8:37:42 PM io.gapi.emulators.netty.HttpVersionRoutingHandler channelRead\nINFO: Detected non-HTTP/2 connection.\n"}}
[debug] [2026-07-14T15:38:28.207Z] Jul 14, 2026 8:38:28 PM io.gapi.emulators.netty.HttpVersionRoutingHandler channelRead
INFO: Detected non-HTTP/2 connection.
 {"metadata":{"emulator":{"name":"firestore"},"message":"Jul 14, 2026 8:38:28 PM io.gapi.emulators.netty.HttpVersionRoutingHandler channelRead\nINFO: Detected non-HTTP/2 connection.\n"}}
[debug] [2026-07-14T15:39:14.286Z] Jul 14, 2026 8:39:14 PM io.gapi.emulators.netty.HttpVersionRoutingHandler channelRead
INFO: Detected non-HTTP/2 connection.
 {"metadata":{"emulator":{"name":"firestore"},"message":"Jul 14, 2026 8:39:14 PM io.gapi.emulators.netty.HttpVersionRoutingHandler channelRead\nINFO: Detected non-HTTP/2 connection.\n"}}
[debug] [2026-07-14T15:39:52.042Z] Jul 14, 2026 8:39:52 PM io.gapi.emulators.netty.HttpVersionRoutingHandler channelRead
INFO: Detected non-HTTP/2 connection.
 {"metadata":{"emulator":{"name":"firestore"},"message":"Jul 14, 2026 8:39:52 PM io.gapi.emulators.netty.HttpVersionRoutingHandler channelRead\nINFO: Detected non-HTTP/2 connection.\n"}}
[debug] [2026-07-14T15:39:52.048Z] Jul 14, 2026 8:39:52 PM com.google.cloud.datastore.emulator.firestore.webchannel.FirestoreV1WebChannelAdapter$FirestoreListenHandler onClose
INFO: channel closed
 {"metadata":{"emulator":{"name":"firestore"},"message":"Jul 14, 2026 8:39:52 PM com.google.cloud.datastore.emulator.firestore.webchannel.FirestoreV1WebChannelAdapter$FirestoreListenHandler onClose\nINFO: channel closed\n"}}
[debug] [2026-07-14T15:39:53.069Z] Jul 14, 2026 8:39:53 PM io.gapi.emulators.netty.HttpVersionRoutingHandler channelRead
INFO: Detected non-HTTP/2 connection.
 {"metadata":{"emulator":{"name":"firestore"},"message":"Jul 14, 2026 8:39:53 PM io.gapi.emulators.netty.HttpVersionRoutingHandler channelRead\nINFO: Detected non-HTTP/2 connection.\n"}}
[debug] [2026-07-14T15:39:53.108Z] Jul 14, 2026 8:39:53 PM io.gapi.emulators.netty.HttpVersionRoutingHandler channelRead
INFO: Detected non-HTTP/2 connection.
 {"metadata":{"emulator":{"name":"firestore"},"message":"Jul 14, 2026 8:39:53 PM io.gapi.emulators.netty.HttpVersionRoutingHandler channelRead\nINFO: Detected non-HTTP/2 connection.\n"}}
[debug] [2026-07-14T15:40:39.411Z] Jul 14, 2026 8:40:39 PM io.gapi.emulators.netty.HttpVersionRoutingHandler channelRead
INFO: Detected non-HTTP/2 connection.
 {"metadata":{"emulator":{"name":"firestore"},"message":"Jul 14, 2026 8:40:39 PM io.gapi.emulators.netty.HttpVersionRoutingHandler channelRead\nINFO: Detected non-HTTP/2 connection.\n"}}
[debug] [2026-07-14T15:41:25.489Z] Jul 14, 2026 8:41:25 PM io.gapi.emulators.netty.HttpVersionRoutingHandler channelRead
INFO: Detected non-HTTP/2 connection.
 {"metadata":{"emulator":{"name":"firestore"},"message":"Jul 14, 2026 8:41:25 PM io.gapi.emulators.netty.HttpVersionRoutingHandler channelRead\nINFO: Detected non-HTTP/2 connection.\n"}}
[debug] [2026-07-14T15:42:11.568Z] Jul 14, 2026 8:42:11 PM io.gapi.emulators.netty.HttpVersionRoutingHandler channelRead
INFO: Detected non-HTTP/2 connection.
 {"metadata":{"emulator":{"name":"firestore"},"message":"Jul 14, 2026 8:42:11 PM io.gapi.emulators.netty.HttpVersionRoutingHandler channelRead\nINFO: Detected non-HTTP/2 connection.\n"}}
[debug] [2026-07-14T15:42:57.631Z] Jul 14, 2026 8:42:57 PM io.gapi.emulators.netty.HttpVersionRoutingHandler channelRead
INFO: Detected non-HTTP/2 connection.
 {"metadata":{"emulator":{"name":"firestore"},"message":"Jul 14, 2026 8:42:57 PM io.gapi.emulators.netty.HttpVersionRoutingHandler channelRead\nINFO: Detected non-HTTP/2 connection.\n"}}
[debug] [2026-07-14T15:43:43.692Z] Jul 14, 2026 8:43:43 PM io.gapi.emulators.netty.HttpVersionRoutingHandler channelRead
INFO: Detected non-HTTP/2 connection.
 {"metadata":{"emulator":{"name":"firestore"},"message":"Jul 14, 2026 8:43:43 PM io.gapi.emulators.netty.HttpVersionRoutingHandler channelRead\nINFO: Detected non-HTTP/2 connection.\n"}}
[debug] [2026-07-14T15:43:44.668Z] Jul 14, 2026 8:43:44 PM io.gapi.emulators.netty.HttpVersionRoutingHandler channelRead
INFO: Detected HTTP/2 connection.
 {"metadata":{"emulator":{"name":"firestore"},"message":"Jul 14, 2026 8:43:44 PM io.gapi.emulators.netty.HttpVersionRoutingHandler channelRead\nINFO: Detected HTTP/2 connection.\n"}}
[debug] [2026-07-14T15:44:29.751Z] Jul 14, 2026 8:44:29 PM io.gapi.emulators.netty.HttpVersionRoutingHandler channelRead
INFO: Detected non-HTTP/2 connection.
 {"metadata":{"emulator":{"name":"firestore"},"message":"Jul 14, 2026 8:44:29 PM io.gapi.emulators.netty.HttpVersionRoutingHandler channelRead\nINFO: Detected non-HTTP/2 connection.\n"}}
[debug] [2026-07-14T15:45:15.804Z] Jul 14, 2026 8:45:15 PM io.gapi.emulators.netty.HttpVersionRoutingHandler channelRead
INFO: Detected non-HTTP/2 connection.
 {"metadata":{"emulator":{"name":"firestore"},"message":"Jul 14, 2026 8:45:15 PM io.gapi.emulators.netty.HttpVersionRoutingHandler channelRead\nINFO: Detected non-HTTP/2 connection.\n"}}
[debug] [2026-07-14T15:46:01.936Z] Jul 14, 2026 8:46:01 PM io.gapi.emulators.netty.HttpVersionRoutingHandler channelRead
INFO: Detected non-HTTP/2 connection.
 {"metadata":{"emulator":{"name":"firestore"},"message":"Jul 14, 2026 8:46:01 PM io.gapi.emulators.netty.HttpVersionRoutingHandler channelRead\nINFO: Detected non-HTTP/2 connection.\n"}}
[debug] [2026-07-14T15:46:48.035Z] Jul 14, 2026 8:46:48 PM io.gapi.emulators.netty.HttpVersionRoutingHandler channelRead
INFO: Detected non-HTTP/2 connection.
 {"metadata":{"emulator":{"name":"firestore"},"message":"Jul 14, 2026 8:46:48 PM io.gapi.emulators.netty.HttpVersionRoutingHandler channelRead\nINFO: Detected non-HTTP/2 connection.\n"}}
[debug] [2026-07-14T15:47:34.088Z] Jul 14, 2026 8:47:34 PM io.gapi.emulators.netty.HttpVersionRoutingHandler channelRead
INFO: Detected non-HTTP/2 connection.
 {"metadata":{"emulator":{"name":"firestore"},"message":"Jul 14, 2026 8:47:34 PM io.gapi.emulators.netty.HttpVersionRoutingHandler channelRead\nINFO: Detected non-HTTP/2 connection.\n"}}
[debug] [2026-07-14T15:48:05.023Z] Jul 14, 2026 8:48:05 PM io.gapi.emulators.netty.HttpVersionRoutingHandler channelRead
INFO: Detected non-HTTP/2 connection.
 {"metadata":{"emulator":{"name":"firestore"},"message":"Jul 14, 2026 8:48:05 PM io.gapi.emulators.netty.HttpVersionRoutingHandler channelRead\nINFO: Detected non-HTTP/2 connection.\n"}}
[debug] [2026-07-14T15:48:05.046Z] Jul 14, 2026 8:48:05 PM com.google.cloud.datastore.emulator.firestore.webchannel.FirestoreV1WebChannelAdapter$FirestoreListenHandler onClose
INFO: channel closed
 {"metadata":{"emulator":{"name":"firestore"},"message":"Jul 14, 2026 8:48:05 PM com.google.cloud.datastore.emulator.firestore.webchannel.FirestoreV1WebChannelAdapter$FirestoreListenHandler onClose\nINFO: channel closed\n"}}
[debug] [2026-07-14T15:48:06.075Z] Jul 14, 2026 8:48:06 PM io.gapi.emulators.netty.HttpVersionRoutingHandler channelRead
INFO: Detected non-HTTP/2 connection.
 {"metadata":{"emulator":{"name":"firestore"},"message":"Jul 14, 2026 8:48:06 PM io.gapi.emulators.netty.HttpVersionRoutingHandler channelRead\nINFO: Detected non-HTTP/2 connection.\n"}}
[debug] [2026-07-14T15:48:06.178Z] Jul 14, 2026 8:48:06 PM io.gapi.emulators.netty.HttpVersionRoutingHandler channelRead
INFO: Detected non-HTTP/2 connection.
 {"metadata":{"emulator":{"name":"firestore"},"message":"Jul 14, 2026 8:48:06 PM io.gapi.emulators.netty.HttpVersionRoutingHandler channelRead\nINFO: Detected non-HTTP/2 connection.\n"}}
[debug] [2026-07-14T15:48:12.024Z] Jul 14, 2026 8:48:12 PM io.gapi.emulators.netty.HttpVersionRoutingHandler channelRead
INFO: Detected non-HTTP/2 connection.
 {"metadata":{"emulator":{"name":"firestore"},"message":"Jul 14, 2026 8:48:12 PM io.gapi.emulators.netty.HttpVersionRoutingHandler channelRead\nINFO: Detected non-HTTP/2 connection.\n"}}
[debug] [2026-07-14T15:48:58.206Z] Jul 14, 2026 8:48:58 PM io.gapi.emulators.netty.HttpVersionRoutingHandler channelRead
INFO: Detected non-HTTP/2 connection.
 {"metadata":{"emulator":{"name":"firestore"},"message":"Jul 14, 2026 8:48:58 PM io.gapi.emulators.netty.HttpVersionRoutingHandler channelRead\nINFO: Detected non-HTTP/2 connection.\n"}}
[debug] [2026-07-14T15:49:44.291Z] Jul 14, 2026 8:49:44 PM io.gapi.emulators.netty.HttpVersionRoutingHandler channelRead
INFO: Detected non-HTTP/2 connection.
 {"metadata":{"emulator":{"name":"firestore"},"message":"Jul 14, 2026 8:49:44 PM io.gapi.emulators.netty.HttpVersionRoutingHandler channelRead\nINFO: Detected non-HTTP/2 connection.\n"}}
[debug] [2026-07-14T15:50:30.351Z] Jul 14, 2026 8:50:30 PM io.gapi.emulators.netty.HttpVersionRoutingHandler channelRead
INFO: Detected non-HTTP/2 connection.
 {"metadata":{"emulator":{"name":"firestore"},"message":"Jul 14, 2026 8:50:30 PM io.gapi.emulators.netty.HttpVersionRoutingHandler channelRead\nINFO: Detected non-HTTP/2 connection.\n"}}
[debug] [2026-07-14T15:51:16.415Z] Jul 14, 2026 8:51:16 PM io.gapi.emulators.netty.HttpVersionRoutingHandler channelRead
INFO: Detected non-HTTP/2 connection.
 {"metadata":{"emulator":{"name":"firestore"},"message":"Jul 14, 2026 8:51:16 PM io.gapi.emulators.netty.HttpVersionRoutingHandler channelRead\nINFO: Detected non-HTTP/2 connection.\n"}}
[debug] [2026-07-14T15:52:02.461Z] Jul 14, 2026 8:52:02 PM io.gapi.emulators.netty.HttpVersionRoutingHandler channelRead
INFO: Detected non-HTTP/2 connection.
 {"metadata":{"emulator":{"name":"firestore"},"message":"Jul 14, 2026 8:52:02 PM io.gapi.emulators.netty.HttpVersionRoutingHandler channelRead\nINFO: Detected non-HTTP/2 connection.\n"}}
[debug] [2026-07-14T15:52:48.567Z] Jul 14, 2026 8:52:48 PM io.gapi.emulators.netty.HttpVersionRoutingHandler channelRead
INFO: Detected non-HTTP/2 connection.
 {"metadata":{"emulator":{"name":"firestore"},"message":"Jul 14, 2026 8:52:48 PM io.gapi.emulators.netty.HttpVersionRoutingHandler channelRead\nINFO: Detected non-HTTP/2 connection.\n"}}
[debug] [2026-07-14T15:53:34.633Z] Jul 14, 2026 8:53:34 PM io.gapi.emulators.netty.HttpVersionRoutingHandler channelRead
INFO: Detected non-HTTP/2 connection.
 {"metadata":{"emulator":{"name":"firestore"},"message":"Jul 14, 2026 8:53:34 PM io.gapi.emulators.netty.HttpVersionRoutingHandler channelRead\nINFO: Detected non-HTTP/2 connection.\n"}}
[debug] [2026-07-14T15:54:20.723Z] Jul 14, 2026 8:54:20 PM io.gapi.emulators.netty.HttpVersionRoutingHandler channelRead
INFO: Detected non-HTTP/2 connection.
 {"metadata":{"emulator":{"name":"firestore"},"message":"Jul 14, 2026 8:54:20 PM io.gapi.emulators.netty.HttpVersionRoutingHandler channelRead\nINFO: Detected non-HTTP/2 connection.\n"}}
[debug] [2026-07-14T15:55:06.865Z] Jul 14, 2026 8:55:06 PM io.gapi.emulators.netty.HttpVersionRoutingHandler channelRead
INFO: Detected non-HTTP/2 connection.
 {"metadata":{"emulator":{"name":"firestore"},"message":"Jul 14, 2026 8:55:06 PM io.gapi.emulators.netty.HttpVersionRoutingHandler channelRead\nINFO: Detected non-HTTP/2 connection.\n"}}
[debug] [2026-07-14T15:55:49.352Z] Jul 14, 2026 8:55:49 PM io.gapi.emulators.netty.HttpVersionRoutingHandler channelRead
INFO: Detected non-HTTP/2 connection.
 {"metadata":{"emulator":{"name":"firestore"},"message":"Jul 14, 2026 8:55:49 PM io.gapi.emulators.netty.HttpVersionRoutingHandler channelRead\nINFO: Detected non-HTTP/2 connection.\n"}}
[debug] [2026-07-14T15:55:49.356Z] Jul 14, 2026 8:55:49 PM com.google.cloud.datastore.emulator.firestore.webchannel.FirestoreV1WebChannelAdapter$FirestoreListenHandler onClose
INFO: channel closed
 {"metadata":{"emulator":{"name":"firestore"},"message":"Jul 14, 2026 8:55:49 PM com.google.cloud.datastore.emulator.firestore.webchannel.FirestoreV1WebChannelAdapter$FirestoreListenHandler onClose\nINFO: channel closed\n"}}
[debug] [2026-07-14T16:26:28.039Z] Jul 14, 2026 9:26:28 PM io.gapi.emulators.netty.HttpVersionRoutingHandler channelRead
INFO: Detected non-HTTP/2 connection.
 {"metadata":{"emulator":{"name":"firestore"},"message":"Jul 14, 2026 9:26:28 PM io.gapi.emulators.netty.HttpVersionRoutingHandler channelRead\nINFO: Detected non-HTTP/2 connection.\n"}}
[debug] [2026-07-14T16:26:28.337Z] Jul 14, 2026 9:26:28 PM io.gapi.emulators.netty.HttpVersionRoutingHandler channelRead
INFO: Detected non-HTTP/2 connection.
 {"metadata":{"emulator":{"name":"firestore"},"message":"Jul 14, 2026 9:26:28 PM io.gapi.emulators.netty.HttpVersionRoutingHandler channelRead\nINFO: Detected non-HTTP/2 connection.\n"}}
[debug] [2026-07-14T16:26:33.425Z] Jul 14, 2026 9:26:33 PM io.gapi.emulators.netty.HttpVersionRoutingHandler channelRead
INFO: Detected non-HTTP/2 connection.
 {"metadata":{"emulator":{"name":"firestore"},"message":"Jul 14, 2026 9:26:33 PM io.gapi.emulators.netty.HttpVersionRoutingHandler channelRead\nINFO: Detected non-HTTP/2 connection.\n"}}
[debug] [2026-07-14T16:26:33.428Z] Jul 14, 2026 9:26:33 PM com.google.cloud.datastore.emulator.firestore.webchannel.FirestoreV1WebChannelAdapter$FirestoreListenHandler onClose
INFO: channel closed
 {"metadata":{"emulator":{"name":"firestore"},"message":"Jul 14, 2026 9:26:33 PM com.google.cloud.datastore.emulator.firestore.webchannel.FirestoreV1WebChannelAdapter$FirestoreListenHandler onClose\nINFO: channel closed\n"}}
[debug] [2026-07-14T16:26:34.453Z] Jul 14, 2026 9:26:34 PM io.gapi.emulators.netty.HttpVersionRoutingHandler channelRead
INFO: Detected non-HTTP/2 connection.
 {"metadata":{"emulator":{"name":"firestore"},"message":"Jul 14, 2026 9:26:34 PM io.gapi.emulators.netty.HttpVersionRoutingHandler channelRead\nINFO: Detected non-HTTP/2 connection.\n"}}
[debug] [2026-07-14T16:26:34.514Z] Jul 14, 2026 9:26:34 PM io.gapi.emulators.netty.HttpVersionRoutingHandler channelRead
INFO: Detected non-HTTP/2 connection.
 {"metadata":{"emulator":{"name":"firestore"},"message":"Jul 14, 2026 9:26:34 PM io.gapi.emulators.netty.HttpVersionRoutingHandler channelRead\nINFO: Detected non-HTTP/2 connection.\n"}}
[debug] [2026-07-14T16:26:40.123Z] Jul 14, 2026 9:26:40 PM io.gapi.emulators.netty.HttpVersionRoutingHandler channelRead
INFO: Detected non-HTTP/2 connection.
 {"metadata":{"emulator":{"name":"firestore"},"message":"Jul 14, 2026 9:26:40 PM io.gapi.emulators.netty.HttpVersionRoutingHandler channelRead\nINFO: Detected non-HTTP/2 connection.\n"}}
[debug] [2026-07-14T16:27:25.727Z] Jul 14, 2026 9:27:25 PM io.gapi.emulators.netty.HttpVersionRoutingHandler channelRead
INFO: Detected HTTP/2 connection.
 {"metadata":{"emulator":{"name":"firestore"},"message":"Jul 14, 2026 9:27:25 PM io.gapi.emulators.netty.HttpVersionRoutingHandler channelRead\nINFO: Detected HTTP/2 connection.\n"}}
[debug] [2026-07-14T16:27:26.923Z] Jul 14, 2026 9:27:26 PM io.gapi.emulators.netty.HttpVersionRoutingHandler channelRead
INFO: Detected non-HTTP/2 connection.
 {"metadata":{"emulator":{"name":"firestore"},"message":"Jul 14, 2026 9:27:26 PM io.gapi.emulators.netty.HttpVersionRoutingHandler channelRead\nINFO: Detected non-HTTP/2 connection.\n"}}
[debug] [2026-07-14T16:27:38.662Z] Jul 14, 2026 9:27:38 PM io.gapi.emulators.netty.HttpVersionRoutingHandler channelRead
INFO: Detected non-HTTP/2 connection.
 {"metadata":{"emulator":{"name":"firestore"},"message":"Jul 14, 2026 9:27:38 PM io.gapi.emulators.netty.HttpVersionRoutingHandler channelRead\nINFO: Detected non-HTTP/2 connection.\n"}}
[debug] [2026-07-14T16:27:46.040Z] Jul 14, 2026 9:27:46 PM io.gapi.emulators.netty.HttpVersionRoutingHandler channelRead
INFO: Detected HTTP/2 connection.
 {"metadata":{"emulator":{"name":"firestore"},"message":"Jul 14, 2026 9:27:46 PM io.gapi.emulators.netty.HttpVersionRoutingHandler channelRead\nINFO: Detected HTTP/2 connection.\n"}}
[debug] [2026-07-14T16:27:46.059Z] Jul 14, 2026 9:27:46 PM io.gapi.emulators.netty.HttpVersionRoutingHandler channelRead
INFO: Detected HTTP/2 connection.
 {"metadata":{"emulator":{"name":"firestore"},"message":"Jul 14, 2026 9:27:46 PM io.gapi.emulators.netty.HttpVersionRoutingHandler channelRead\nINFO: Detected HTTP/2 connection.\n"}}
[debug] [2026-07-14T16:28:10.796Z] Jul 14, 2026 9:28:10 PM io.gapi.emulators.netty.HttpVersionRoutingHandler channelRead
INFO: Detected non-HTTP/2 connection.
 {"metadata":{"emulator":{"name":"firestore"},"message":"Jul 14, 2026 9:28:10 PM io.gapi.emulators.netty.HttpVersionRoutingHandler channelRead\nINFO: Detected non-HTTP/2 connection.\n"}}
[debug] [2026-07-14T16:28:10.810Z] Jul 14, 2026 9:28:10 PM com.google.cloud.datastore.emulator.firestore.webchannel.FirestoreV1WebChannelAdapter$FirestoreListenHandler onClose
INFO: channel closed
 {"metadata":{"emulator":{"name":"firestore"},"message":"Jul 14, 2026 9:28:10 PM com.google.cloud.datastore.emulator.firestore.webchannel.FirestoreV1WebChannelAdapter$FirestoreListenHandler onClose\nINFO: channel closed\n"}}
[debug] [2026-07-14T16:28:11.871Z] Jul 14, 2026 9:28:11 PM io.gapi.emulators.netty.HttpVersionRoutingHandler channelRead
INFO: Detected non-HTTP/2 connection.
 {"metadata":{"emulator":{"name":"firestore"},"message":"Jul 14, 2026 9:28:11 PM io.gapi.emulators.netty.HttpVersionRoutingHandler channelRead\nINFO: Detected non-HTTP/2 connection.\n"}}
[debug] [2026-07-14T16:28:11.973Z] Jul 14, 2026 9:28:11 PM io.gapi.emulators.netty.HttpVersionRoutingHandler channelRead
INFO: Detected non-HTTP/2 connection.
 {"metadata":{"emulator":{"name":"firestore"},"message":"Jul 14, 2026 9:28:11 PM io.gapi.emulators.netty.HttpVersionRoutingHandler channelRead\nINFO: Detected non-HTTP/2 connection.\n"}}
[debug] [2026-07-14T16:28:15.791Z] Jul 14, 2026 9:28:15 PM io.gapi.emulators.netty.HttpVersionRoutingHandler channelRead
INFO: Detected non-HTTP/2 connection.
 {"metadata":{"emulator":{"name":"firestore"},"message":"Jul 14, 2026 9:28:15 PM io.gapi.emulators.netty.HttpVersionRoutingHandler channelRead\nINFO: Detected non-HTTP/2 connection.\n"}}
[debug] [2026-07-14T16:28:15.802Z] Jul 14, 2026 9:28:15 PM com.google.cloud.datastore.emulator.firestore.webchannel.FirestoreV1WebChannelAdapter$FirestoreListenHandler onClose
INFO: channel closed
 {"metadata":{"emulator":{"name":"firestore"},"message":"Jul 14, 2026 9:28:15 PM com.google.cloud.datastore.emulator.firestore.webchannel.FirestoreV1WebChannelAdapter$FirestoreListenHandler onClose\nINFO: channel closed\n"}}
[debug] [2026-07-14T16:28:16.783Z] Jul 14, 2026 9:28:16 PM io.gapi.emulators.netty.HttpVersionRoutingHandler channelRead
INFO: Detected non-HTTP/2 connection.
 {"metadata":{"emulator":{"name":"firestore"},"message":"Jul 14, 2026 9:28:16 PM io.gapi.emulators.netty.HttpVersionRoutingHandler channelRead\nINFO: Detected non-HTTP/2 connection.\n"}}
[debug] [2026-07-14T16:28:16.887Z] Jul 14, 2026 9:28:16 PM io.gapi.emulators.netty.HttpVersionRoutingHandler channelRead
INFO: Detected non-HTTP/2 connection.
 {"metadata":{"emulator":{"name":"firestore"},"message":"Jul 14, 2026 9:28:16 PM io.gapi.emulators.netty.HttpVersionRoutingHandler channelRead\nINFO: Detected non-HTTP/2 connection.\n"}}
[debug] [2026-07-14T16:28:22.003Z] Jul 14, 2026 9:28:22 PM io.gapi.emulators.netty.HttpVersionRoutingHandler channelRead
INFO: Detected non-HTTP/2 connection.
 {"metadata":{"emulator":{"name":"firestore"},"message":"Jul 14, 2026 9:28:22 PM io.gapi.emulators.netty.HttpVersionRoutingHandler channelRead\nINFO: Detected non-HTTP/2 connection.\n"}}
[debug] [2026-07-14T16:28:50.331Z] Jul 14, 2026 9:28:50 PM io.gapi.emulators.netty.HttpVersionRoutingHandler channelRead
INFO: Detected non-HTTP/2 connection.
 {"metadata":{"emulator":{"name":"firestore"},"message":"Jul 14, 2026 9:28:50 PM io.gapi.emulators.netty.HttpVersionRoutingHandler channelRead\nINFO: Detected non-HTTP/2 connection.\n"}}
[debug] [2026-07-14T16:28:50.334Z] Jul 14, 2026 9:28:50 PM com.google.cloud.datastore.emulator.firestore.webchannel.FirestoreV1WebChannelAdapter$FirestoreListenHandler onClose
INFO: channel closed
 {"metadata":{"emulator":{"name":"firestore"},"message":"Jul 14, 2026 9:28:50 PM com.google.cloud.datastore.emulator.firestore.webchannel.FirestoreV1WebChannelAdapter$FirestoreListenHandler onClose\nINFO: channel closed\n"}}
[debug] [2026-07-14T16:28:51.352Z] Jul 14, 2026 9:28:51 PM io.gapi.emulators.netty.HttpVersionRoutingHandler channelRead
INFO: Detected non-HTTP/2 connection.
 {"metadata":{"emulator":{"name":"firestore"},"message":"Jul 14, 2026 9:28:51 PM io.gapi.emulators.netty.HttpVersionRoutingHandler channelRead\nINFO: Detected non-HTTP/2 connection.\n"}}
[debug] [2026-07-14T16:28:51.417Z] Jul 14, 2026 9:28:51 PM io.gapi.emulators.netty.HttpVersionRoutingHandler channelRead
INFO: Detected non-HTTP/2 connection.
 {"metadata":{"emulator":{"name":"firestore"},"message":"Jul 14, 2026 9:28:51 PM io.gapi.emulators.netty.HttpVersionRoutingHandler channelRead\nINFO: Detected non-HTTP/2 connection.\n"}}
[debug] [2026-07-14T16:28:57.872Z] Jul 14, 2026 9:28:57 PM io.gapi.emulators.netty.HttpVersionRoutingHandler channelRead
INFO: Detected non-HTTP/2 connection.
 {"metadata":{"emulator":{"name":"firestore"},"message":"Jul 14, 2026 9:28:57 PM io.gapi.emulators.netty.HttpVersionRoutingHandler channelRead\nINFO: Detected non-HTTP/2 connection.\n"}}
[debug] [2026-07-14T16:29:00.321Z] Jul 14, 2026 9:29:00 PM io.gapi.emulators.netty.HttpVersionRoutingHandler channelRead
INFO: Detected non-HTTP/2 connection.
 {"metadata":{"emulator":{"name":"firestore"},"message":"Jul 14, 2026 9:29:00 PM io.gapi.emulators.netty.HttpVersionRoutingHandler channelRead\nINFO: Detected non-HTTP/2 connection.\n"}}
[debug] [2026-07-14T16:29:00.332Z] Jul 14, 2026 9:29:00 PM com.google.cloud.datastore.emulator.firestore.webchannel.FirestoreV1WebChannelAdapter$FirestoreListenHandler onClose
INFO: channel closed
 {"metadata":{"emulator":{"name":"firestore"},"message":"Jul 14, 2026 9:29:00 PM com.google.cloud.datastore.emulator.firestore.webchannel.FirestoreV1WebChannelAdapter$FirestoreListenHandler onClose\nINFO: channel closed\n"}}
[debug] [2026-07-14T16:29:01.365Z] Jul 14, 2026 9:29:01 PM io.gapi.emulators.netty.HttpVersionRoutingHandler channelRead
INFO: Detected non-HTTP/2 connection.
 {"metadata":{"emulator":{"name":"firestore"},"message":"Jul 14, 2026 9:29:01 PM io.gapi.emulators.netty.HttpVersionRoutingHandler channelRead\nINFO: Detected non-HTTP/2 connection.\n"}}
[debug] [2026-07-14T16:29:01.421Z] Jul 14, 2026 9:29:01 PM io.gapi.emulators.netty.HttpVersionRoutingHandler channelRead
INFO: Detected non-HTTP/2 connection.
 {"metadata":{"emulator":{"name":"firestore"},"message":"Jul 14, 2026 9:29:01 PM io.gapi.emulators.netty.HttpVersionRoutingHandler channelRead\nINFO: Detected non-HTTP/2 connection.\n"}}
[debug] [2026-07-14T16:29:06.660Z] Jul 14, 2026 9:29:06 PM io.gapi.emulators.netty.HttpVersionRoutingHandler channelRead
INFO: Detected non-HTTP/2 connection.
 {"metadata":{"emulator":{"name":"firestore"},"message":"Jul 14, 2026 9:29:06 PM io.gapi.emulators.netty.HttpVersionRoutingHandler channelRead\nINFO: Detected non-HTTP/2 connection.\n"}}
[debug] [2026-07-14T16:29:54.995Z] Jul 14, 2026 9:29:54 PM io.gapi.emulators.netty.HttpVersionRoutingHandler channelRead
INFO: Detected non-HTTP/2 connection.
 {"metadata":{"emulator":{"name":"firestore"},"message":"Jul 14, 2026 9:29:54 PM io.gapi.emulators.netty.HttpVersionRoutingHandler channelRead\nINFO: Detected non-HTTP/2 connection.\n"}}
[debug] [2026-07-14T16:29:55.000Z] Jul 14, 2026 9:29:54 PM com.google.cloud.datastore.emulator.firestore.webchannel.FirestoreV1WebChannelAdapter$FirestoreListenHandler onClose
INFO: channel closed
 {"metadata":{"emulator":{"name":"firestore"},"message":"Jul 14, 2026 9:29:54 PM com.google.cloud.datastore.emulator.firestore.webchannel.FirestoreV1WebChannelAdapter$FirestoreListenHandler onClose\nINFO: channel closed\n"}}
[debug] [2026-07-14T16:29:55.982Z] Jul 14, 2026 9:29:55 PM io.gapi.emulators.netty.HttpVersionRoutingHandler channelRead
INFO: Detected non-HTTP/2 connection.
 {"metadata":{"emulator":{"name":"firestore"},"message":"Jul 14, 2026 9:29:55 PM io.gapi.emulators.netty.HttpVersionRoutingHandler channelRead\nINFO: Detected non-HTTP/2 connection.\n"}}
[debug] [2026-07-14T16:29:56.019Z] Jul 14, 2026 9:29:56 PM io.gapi.emulators.netty.HttpVersionRoutingHandler channelRead
INFO: Detected non-HTTP/2 connection.
 {"metadata":{"emulator":{"name":"firestore"},"message":"Jul 14, 2026 9:29:56 PM io.gapi.emulators.netty.HttpVersionRoutingHandler channelRead\nINFO: Detected non-HTTP/2 connection.\n"}}
[debug] [2026-07-14T16:29:59.998Z] Jul 14, 2026 9:29:59 PM io.gapi.emulators.netty.HttpVersionRoutingHandler channelRead
INFO: Detected non-HTTP/2 connection.
 {"metadata":{"emulator":{"name":"firestore"},"message":"Jul 14, 2026 9:29:59 PM io.gapi.emulators.netty.HttpVersionRoutingHandler channelRead\nINFO: Detected non-HTTP/2 connection.\n"}}
[debug] [2026-07-14T16:30:00.030Z] Jul 14, 2026 9:30:00 PM com.google.cloud.datastore.emulator.firestore.webchannel.FirestoreV1WebChannelAdapter$FirestoreListenHandler onClose
INFO: channel closed
 {"metadata":{"emulator":{"name":"firestore"},"message":"Jul 14, 2026 9:30:00 PM com.google.cloud.datastore.emulator.firestore.webchannel.FirestoreV1WebChannelAdapter$FirestoreListenHandler onClose\nINFO: channel closed\n"}}
[debug] [2026-07-14T16:30:01.079Z] Jul 14, 2026 9:30:01 PM io.gapi.emulators.netty.HttpVersionRoutingHandler channelRead
INFO: Detected non-HTTP/2 connection.
 {"metadata":{"emulator":{"name":"firestore"},"message":"Jul 14, 2026 9:30:01 PM io.gapi.emulators.netty.HttpVersionRoutingHandler channelRead\nINFO: Detected non-HTTP/2 connection.\n"}}
[debug] [2026-07-14T16:30:01.164Z] Jul 14, 2026 9:30:01 PM io.gapi.emulators.netty.HttpVersionRoutingHandler channelRead
INFO: Detected non-HTTP/2 connection.
 {"metadata":{"emulator":{"name":"firestore"},"message":"Jul 14, 2026 9:30:01 PM io.gapi.emulators.netty.HttpVersionRoutingHandler channelRead\nINFO: Detected non-HTTP/2 connection.\n"}}
[debug] [2026-07-14T16:30:06.790Z] Jul 14, 2026 9:30:06 PM io.gapi.emulators.netty.HttpVersionRoutingHandler channelRead
INFO: Detected non-HTTP/2 connection.
 {"metadata":{"emulator":{"name":"firestore"},"message":"Jul 14, 2026 9:30:06 PM io.gapi.emulators.netty.HttpVersionRoutingHandler channelRead\nINFO: Detected non-HTTP/2 connection.\n"}}
[debug] [2026-07-14T16:31:06.806Z] Jul 14, 2026 9:31:06 PM io.gapi.emulators.netty.HttpVersionRoutingHandler channelRead
INFO: Detected non-HTTP/2 connection.
 {"metadata":{"emulator":{"name":"firestore"},"message":"Jul 14, 2026 9:31:06 PM io.gapi.emulators.netty.HttpVersionRoutingHandler channelRead\nINFO: Detected non-HTTP/2 connection.\n"}}
[debug] [2026-07-14T16:31:32.500Z] Jul 14, 2026 9:31:32 PM io.gapi.emulators.netty.HttpVersionRoutingHandler channelRead
INFO: Detected non-HTTP/2 connection.
 {"metadata":{"emulator":{"name":"firestore"},"message":"Jul 14, 2026 9:31:32 PM io.gapi.emulators.netty.HttpVersionRoutingHandler channelRead\nINFO: Detected non-HTTP/2 connection.\n"}}
[debug] [2026-07-14T16:32:19.416Z] Jul 14, 2026 9:32:19 PM io.gapi.emulators.netty.HttpVersionRoutingHandler channelRead
INFO: Detected non-HTTP/2 connection.
 {"metadata":{"emulator":{"name":"firestore"},"message":"Jul 14, 2026 9:32:19 PM io.gapi.emulators.netty.HttpVersionRoutingHandler channelRead\nINFO: Detected non-HTTP/2 connection.\n"}}
[debug] [2026-07-14T16:33:05.479Z] Jul 14, 2026 9:33:05 PM io.gapi.emulators.netty.HttpVersionRoutingHandler channelRead
INFO: Detected non-HTTP/2 connection.
 {"metadata":{"emulator":{"name":"firestore"},"message":"Jul 14, 2026 9:33:05 PM io.gapi.emulators.netty.HttpVersionRoutingHandler channelRead\nINFO: Detected non-HTTP/2 connection.\n"}}
[debug] [2026-07-14T16:33:51.524Z] Jul 14, 2026 9:33:51 PM io.gapi.emulators.netty.HttpVersionRoutingHandler channelRead
INFO: Detected non-HTTP/2 connection.
 {"metadata":{"emulator":{"name":"firestore"},"message":"Jul 14, 2026 9:33:51 PM io.gapi.emulators.netty.HttpVersionRoutingHandler channelRead\nINFO: Detected non-HTTP/2 connection.\n"}}
[debug] [2026-07-14T16:34:37.604Z] Jul 14, 2026 9:34:37 PM io.gapi.emulators.netty.HttpVersionRoutingHandler channelRead
INFO: Detected non-HTTP/2 connection.
 {"metadata":{"emulator":{"name":"firestore"},"message":"Jul 14, 2026 9:34:37 PM io.gapi.emulators.netty.HttpVersionRoutingHandler channelRead\nINFO: Detected non-HTTP/2 connection.\n"}}
[debug] [2026-07-14T16:35:23.696Z] Jul 14, 2026 9:35:23 PM io.gapi.emulators.netty.HttpVersionRoutingHandler channelRead
INFO: Detected non-HTTP/2 connection.
 {"metadata":{"emulator":{"name":"firestore"},"message":"Jul 14, 2026 9:35:23 PM io.gapi.emulators.netty.HttpVersionRoutingHandler channelRead\nINFO: Detected non-HTTP/2 connection.\n"}}
[debug] [2026-07-14T16:36:09.832Z] Jul 14, 2026 9:36:09 PM io.gapi.emulators.netty.HttpVersionRoutingHandler channelRead
INFO: Detected non-HTTP/2 connection.
 {"metadata":{"emulator":{"name":"firestore"},"message":"Jul 14, 2026 9:36:09 PM io.gapi.emulators.netty.HttpVersionRoutingHandler channelRead\nINFO: Detected non-HTTP/2 connection.\n"}}
[debug] [2026-07-14T16:36:55.916Z] Jul 14, 2026 9:36:55 PM io.gapi.emulators.netty.HttpVersionRoutingHandler channelRead
INFO: Detected non-HTTP/2 connection.
 {"metadata":{"emulator":{"name":"firestore"},"message":"Jul 14, 2026 9:36:55 PM io.gapi.emulators.netty.HttpVersionRoutingHandler channelRead\nINFO: Detected non-HTTP/2 connection.\n"}}
[debug] [2026-07-14T16:37:42.005Z] Jul 14, 2026 9:37:42 PM io.gapi.emulators.netty.HttpVersionRoutingHandler channelRead
INFO: Detected non-HTTP/2 connection.
 {"metadata":{"emulator":{"name":"firestore"},"message":"Jul 14, 2026 9:37:42 PM io.gapi.emulators.netty.HttpVersionRoutingHandler channelRead\nINFO: Detected non-HTTP/2 connection.\n"}}
[debug] [2026-07-14T16:38:28.173Z] Jul 14, 2026 9:38:28 PM io.gapi.emulators.netty.HttpVersionRoutingHandler channelRead
INFO: Detected non-HTTP/2 connection.
 {"metadata":{"emulator":{"name":"firestore"},"message":"Jul 14, 2026 9:38:28 PM io.gapi.emulators.netty.HttpVersionRoutingHandler channelRead\nINFO: Detected non-HTTP/2 connection.\n"}}
[debug] [2026-07-14T16:39:14.256Z] Jul 14, 2026 9:39:14 PM io.gapi.emulators.netty.HttpVersionRoutingHandler channelRead
INFO: Detected non-HTTP/2 connection.
 {"metadata":{"emulator":{"name":"firestore"},"message":"Jul 14, 2026 9:39:14 PM io.gapi.emulators.netty.HttpVersionRoutingHandler channelRead\nINFO: Detected non-HTTP/2 connection.\n"}}
[debug] [2026-07-14T16:40:00.359Z] Jul 14, 2026 9:40:00 PM io.gapi.emulators.netty.HttpVersionRoutingHandler channelRead
INFO: Detected non-HTTP/2 connection.
 {"metadata":{"emulator":{"name":"firestore"},"message":"Jul 14, 2026 9:40:00 PM io.gapi.emulators.netty.HttpVersionRoutingHandler channelRead\nINFO: Detected non-HTTP/2 connection.\n"}}
[debug] [2026-07-14T16:40:46.429Z] Jul 14, 2026 9:40:46 PM io.gapi.emulators.netty.HttpVersionRoutingHandler channelRead
INFO: Detected non-HTTP/2 connection.
 {"metadata":{"emulator":{"name":"firestore"},"message":"Jul 14, 2026 9:40:46 PM io.gapi.emulators.netty.HttpVersionRoutingHandler channelRead\nINFO: Detected non-HTTP/2 connection.\n"}}
[debug] [2026-07-14T16:40:58.775Z] Jul 14, 2026 9:40:58 PM io.gapi.emulators.netty.HttpVersionRoutingHandler channelRead
INFO: Detected non-HTTP/2 connection.
 {"metadata":{"emulator":{"name":"firestore"},"message":"Jul 14, 2026 9:40:58 PM io.gapi.emulators.netty.HttpVersionRoutingHandler channelRead\nINFO: Detected non-HTTP/2 connection.\n"}}
[debug] [2026-07-14T16:40:58.784Z] Jul 14, 2026 9:40:58 PM com.google.cloud.datastore.emulator.firestore.webchannel.FirestoreV1WebChannelAdapter$FirestoreListenHandler onClose
INFO: channel closed
 {"metadata":{"emulator":{"name":"firestore"},"message":"Jul 14, 2026 9:40:58 PM com.google.cloud.datastore.emulator.firestore.webchannel.FirestoreV1WebChannelAdapter$FirestoreListenHandler onClose\nINFO: channel closed\n"}}
[debug] [2026-07-14T16:40:59.806Z] Jul 14, 2026 9:40:59 PM io.gapi.emulators.netty.HttpVersionRoutingHandler channelRead
INFO: Detected non-HTTP/2 connection.
 {"metadata":{"emulator":{"name":"firestore"},"message":"Jul 14, 2026 9:40:59 PM io.gapi.emulators.netty.HttpVersionRoutingHandler channelRead\nINFO: Detected non-HTTP/2 connection.\n"}}
[debug] [2026-07-14T16:40:59.866Z] Jul 14, 2026 9:40:59 PM io.gapi.emulators.netty.HttpVersionRoutingHandler channelRead
INFO: Detected non-HTTP/2 connection.
 {"metadata":{"emulator":{"name":"firestore"},"message":"Jul 14, 2026 9:40:59 PM io.gapi.emulators.netty.HttpVersionRoutingHandler channelRead\nINFO: Detected non-HTTP/2 connection.\n"}}
[debug] [2026-07-14T16:41:03.211Z] Jul 14, 2026 9:41:03 PM io.gapi.emulators.netty.HttpVersionRoutingHandler channelRead
INFO: Detected non-HTTP/2 connection.
 {"metadata":{"emulator":{"name":"firestore"},"message":"Jul 14, 2026 9:41:03 PM io.gapi.emulators.netty.HttpVersionRoutingHandler channelRead\nINFO: Detected non-HTTP/2 connection.\n"}}
[debug] [2026-07-14T16:41:03.231Z] Jul 14, 2026 9:41:03 PM com.google.cloud.datastore.emulator.firestore.webchannel.FirestoreV1WebChannelAdapter$FirestoreListenHandler onClose
INFO: channel closed
 {"metadata":{"emulator":{"name":"firestore"},"message":"Jul 14, 2026 9:41:03 PM com.google.cloud.datastore.emulator.firestore.webchannel.FirestoreV1WebChannelAdapter$FirestoreListenHandler onClose\nINFO: channel closed\n"}}
[debug] [2026-07-14T16:41:04.200Z] Jul 14, 2026 9:41:04 PM io.gapi.emulators.netty.HttpVersionRoutingHandler channelRead
INFO: Detected non-HTTP/2 connection.
 {"metadata":{"emulator":{"name":"firestore"},"message":"Jul 14, 2026 9:41:04 PM io.gapi.emulators.netty.HttpVersionRoutingHandler channelRead\nINFO: Detected non-HTTP/2 connection.\n"}}
[debug] [2026-07-14T16:41:04.307Z] Jul 14, 2026 9:41:04 PM io.gapi.emulators.netty.HttpVersionRoutingHandler channelRead
INFO: Detected non-HTTP/2 connection.
 {"metadata":{"emulator":{"name":"firestore"},"message":"Jul 14, 2026 9:41:04 PM io.gapi.emulators.netty.HttpVersionRoutingHandler channelRead\nINFO: Detected non-HTTP/2 connection.\n"}}
[debug] [2026-07-14T16:41:09.878Z] Jul 14, 2026 9:41:09 PM io.gapi.emulators.netty.HttpVersionRoutingHandler channelRead
INFO: Detected non-HTTP/2 connection.
 {"metadata":{"emulator":{"name":"firestore"},"message":"Jul 14, 2026 9:41:09 PM io.gapi.emulators.netty.HttpVersionRoutingHandler channelRead\nINFO: Detected non-HTTP/2 connection.\n"}}
[debug] [2026-07-14T16:41:46.042Z] Jul 14, 2026 9:41:46 PM io.gapi.emulators.netty.HttpVersionRoutingHandler channelRead
INFO: Detected non-HTTP/2 connection.
 {"metadata":{"emulator":{"name":"firestore"},"message":"Jul 14, 2026 9:41:46 PM io.gapi.emulators.netty.HttpVersionRoutingHandler channelRead\nINFO: Detected non-HTTP/2 connection.\n"}}
[debug] [2026-07-14T16:42:17.589Z] Jul 14, 2026 9:42:17 PM io.gapi.emulators.netty.HttpVersionRoutingHandler channelRead
INFO: Detected non-HTTP/2 connection.
 {"metadata":{"emulator":{"name":"firestore"},"message":"Jul 14, 2026 9:42:17 PM io.gapi.emulators.netty.HttpVersionRoutingHandler channelRead\nINFO: Detected non-HTTP/2 connection.\n"}}
[debug] [2026-07-14T16:42:47.126Z] Jul 14, 2026 9:42:47 PM io.gapi.emulators.netty.HttpVersionRoutingHandler channelRead
INFO: Detected non-HTTP/2 connection.
 {"metadata":{"emulator":{"name":"firestore"},"message":"Jul 14, 2026 9:42:47 PM io.gapi.emulators.netty.HttpVersionRoutingHandler channelRead\nINFO: Detected non-HTTP/2 connection.\n"}}
[debug] [2026-07-14T16:42:47.134Z] Jul 14, 2026 9:42:47 PM com.google.cloud.datastore.emulator.firestore.webchannel.FirestoreV1WebChannelAdapter$FirestoreListenHandler onClose
INFO: channel closed
 {"metadata":{"emulator":{"name":"firestore"},"message":"Jul 14, 2026 9:42:47 PM com.google.cloud.datastore.emulator.firestore.webchannel.FirestoreV1WebChannelAdapter$FirestoreListenHandler onClose\nINFO: channel closed\n"}}
[debug] [2026-07-14T16:42:47.987Z] Jul 14, 2026 9:42:47 PM io.gapi.emulators.netty.HttpVersionRoutingHandler channelRead
INFO: Detected non-HTTP/2 connection.
 {"metadata":{"emulator":{"name":"firestore"},"message":"Jul 14, 2026 9:42:47 PM io.gapi.emulators.netty.HttpVersionRoutingHandler channelRead\nINFO: Detected non-HTTP/2 connection.\n"}}
[debug] [2026-07-14T16:42:48.054Z] Jul 14, 2026 9:42:48 PM io.gapi.emulators.netty.HttpVersionRoutingHandler channelRead
INFO: Detected non-HTTP/2 connection.
 {"metadata":{"emulator":{"name":"firestore"},"message":"Jul 14, 2026 9:42:48 PM io.gapi.emulators.netty.HttpVersionRoutingHandler channelRead\nINFO: Detected non-HTTP/2 connection.\n"}}
[debug] [2026-07-14T16:42:52.004Z] Jul 14, 2026 9:42:52 PM io.gapi.emulators.netty.HttpVersionRoutingHandler channelRead
INFO: Detected non-HTTP/2 connection.
 {"metadata":{"emulator":{"name":"firestore"},"message":"Jul 14, 2026 9:42:52 PM io.gapi.emulators.netty.HttpVersionRoutingHandler channelRead\nINFO: Detected non-HTTP/2 connection.\n"}}
[debug] [2026-07-14T16:42:52.012Z] Jul 14, 2026 9:42:52 PM com.google.cloud.datastore.emulator.firestore.webchannel.FirestoreV1WebChannelAdapter$FirestoreListenHandler onClose
INFO: channel closed
 {"metadata":{"emulator":{"name":"firestore"},"message":"Jul 14, 2026 9:42:52 PM com.google.cloud.datastore.emulator.firestore.webchannel.FirestoreV1WebChannelAdapter$FirestoreListenHandler onClose\nINFO: channel closed\n"}}
[debug] [2026-07-14T16:42:53.032Z] Jul 14, 2026 9:42:53 PM io.gapi.emulators.netty.HttpVersionRoutingHandler channelRead
INFO: Detected non-HTTP/2 connection.
 {"metadata":{"emulator":{"name":"firestore"},"message":"Jul 14, 2026 9:42:53 PM io.gapi.emulators.netty.HttpVersionRoutingHandler channelRead\nINFO: Detected non-HTTP/2 connection.\n"}}
[debug] [2026-07-14T16:42:53.084Z] Jul 14, 2026 9:42:53 PM io.gapi.emulators.netty.HttpVersionRoutingHandler channelRead
INFO: Detected non-HTTP/2 connection.
 {"metadata":{"emulator":{"name":"firestore"},"message":"Jul 14, 2026 9:42:53 PM io.gapi.emulators.netty.HttpVersionRoutingHandler channelRead\nINFO: Detected non-HTTP/2 connection.\n"}}
[debug] [2026-07-14T16:42:58.243Z] Jul 14, 2026 9:42:58 PM io.gapi.emulators.netty.HttpVersionRoutingHandler channelRead
INFO: Detected non-HTTP/2 connection.
 {"metadata":{"emulator":{"name":"firestore"},"message":"Jul 14, 2026 9:42:58 PM io.gapi.emulators.netty.HttpVersionRoutingHandler channelRead\nINFO: Detected non-HTTP/2 connection.\n"}}
[debug] [2026-07-14T16:43:44.373Z] Jul 14, 2026 9:43:44 PM io.gapi.emulators.netty.HttpVersionRoutingHandler channelRead
INFO: Detected non-HTTP/2 connection.
 {"metadata":{"emulator":{"name":"firestore"},"message":"Jul 14, 2026 9:43:44 PM io.gapi.emulators.netty.HttpVersionRoutingHandler channelRead\nINFO: Detected non-HTTP/2 connection.\n"}}
[debug] [2026-07-14T16:43:47.238Z] Jul 14, 2026 9:43:47 PM io.gapi.emulators.netty.HttpVersionRoutingHandler channelRead
INFO: Detected non-HTTP/2 connection.
 {"metadata":{"emulator":{"name":"firestore"},"message":"Jul 14, 2026 9:43:47 PM io.gapi.emulators.netty.HttpVersionRoutingHandler channelRead\nINFO: Detected non-HTTP/2 connection.\n"}}
[debug] [2026-07-14T16:43:47.254Z] Jul 14, 2026 9:43:47 PM com.google.cloud.datastore.emulator.firestore.webchannel.FirestoreV1WebChannelAdapter$FirestoreListenHandler onClose
INFO: channel closed
 {"metadata":{"emulator":{"name":"firestore"},"message":"Jul 14, 2026 9:43:47 PM com.google.cloud.datastore.emulator.firestore.webchannel.FirestoreV1WebChannelAdapter$FirestoreListenHandler onClose\nINFO: channel closed\n"}}
[debug] [2026-07-14T16:43:48.188Z] Jul 14, 2026 9:43:48 PM io.gapi.emulators.netty.HttpVersionRoutingHandler channelRead
INFO: Detected non-HTTP/2 connection.
 {"metadata":{"emulator":{"name":"firestore"},"message":"Jul 14, 2026 9:43:48 PM io.gapi.emulators.netty.HttpVersionRoutingHandler channelRead\nINFO: Detected non-HTTP/2 connection.\n"}}
[debug] [2026-07-14T16:43:48.212Z] Jul 14, 2026 9:43:48 PM io.gapi.emulators.netty.HttpVersionRoutingHandler channelRead
INFO: Detected non-HTTP/2 connection.
 {"metadata":{"emulator":{"name":"firestore"},"message":"Jul 14, 2026 9:43:48 PM io.gapi.emulators.netty.HttpVersionRoutingHandler channelRead\nINFO: Detected non-HTTP/2 connection.\n"}}
[debug] [2026-07-14T16:43:51.937Z] Jul 14, 2026 9:43:51 PM io.gapi.emulators.netty.HttpVersionRoutingHandler channelRead
INFO: Detected non-HTTP/2 connection.
 {"metadata":{"emulator":{"name":"firestore"},"message":"Jul 14, 2026 9:43:51 PM io.gapi.emulators.netty.HttpVersionRoutingHandler channelRead\nINFO: Detected non-HTTP/2 connection.\n"}}
[debug] [2026-07-14T16:43:51.944Z] Jul 14, 2026 9:43:51 PM com.google.cloud.datastore.emulator.firestore.webchannel.FirestoreV1WebChannelAdapter$FirestoreListenHandler onClose
INFO: channel closed
 {"metadata":{"emulator":{"name":"firestore"},"message":"Jul 14, 2026 9:43:51 PM com.google.cloud.datastore.emulator.firestore.webchannel.FirestoreV1WebChannelAdapter$FirestoreListenHandler onClose\nINFO: channel closed\n"}}
[debug] [2026-07-14T16:43:52.968Z] Jul 14, 2026 9:43:52 PM io.gapi.emulators.netty.HttpVersionRoutingHandler channelRead
INFO: Detected non-HTTP/2 connection.
 {"metadata":{"emulator":{"name":"firestore"},"message":"Jul 14, 2026 9:43:52 PM io.gapi.emulators.netty.HttpVersionRoutingHandler channelRead\nINFO: Detected non-HTTP/2 connection.\n"}}
[debug] [2026-07-14T16:43:53.089Z] Jul 14, 2026 9:43:53 PM io.gapi.emulators.netty.HttpVersionRoutingHandler channelRead
INFO: Detected non-HTTP/2 connection.
 {"metadata":{"emulator":{"name":"firestore"},"message":"Jul 14, 2026 9:43:53 PM io.gapi.emulators.netty.HttpVersionRoutingHandler channelRead\nINFO: Detected non-HTTP/2 connection.\n"}}
[debug] [2026-07-14T16:43:58.793Z] Jul 14, 2026 9:43:58 PM io.gapi.emulators.netty.HttpVersionRoutingHandler channelRead
INFO: Detected non-HTTP/2 connection.
 {"metadata":{"emulator":{"name":"firestore"},"message":"Jul 14, 2026 9:43:58 PM io.gapi.emulators.netty.HttpVersionRoutingHandler channelRead\nINFO: Detected non-HTTP/2 connection.\n"}}
[debug] [2026-07-14T16:44:27.351Z] Received signal SIGHUP 1
[info]  
[info] i  emulators: Received SIGHUP for the first time. Starting a clean shutdown. 
[info] i  emulators: Please wait for a clean shutdown or send the SIGHUP signal again to stop right now. 
[debug] [2026-07-14T16:44:27.390Z] Error: write EIO
    at afterWriteDispatched (node:internal/stream_base_commons:159:15)
    at writeGeneric (node:internal/stream_base_commons:150:3)
    at Socket._writeGeneric (node:net:966:11)
    at Socket._write (node:net:978:8)
    at writeOrBuffer (node:internal/streams/writable:572:12)
    at _write (node:internal/streams/writable:501:10)
    at Writable.write (node:internal/streams/writable:510:10)
    at Console.log (/usr/local/lib/node_modules/firebase-tools/node_modules/winston/lib/winston/transports/console.js:87:23)
    at Console._write (/usr/local/lib/node_modules/firebase-tools/node_modules/winston-transport/modern.js:103:17)
    at doWrite (/usr/local/lib/node_modules/firebase-tools/node_modules/winston-transport/node_modules/readable-stream/lib/_stream_writable.js:390:139)
[error] 
[error] Error: An unexpected error has occurred.
[debug] [2026-07-14T16:44:27.397Z] Error: write EIO
    at afterWriteDispatched (node:internal/stream_base_commons:159:15)
    at writeGeneric (node:internal/stream_base_commons:150:3)
    at Socket._writeGeneric (node:net:966:11)
    at Socket._write (node:net:978:8)
    at writeOrBuffer (node:internal/streams/writable:572:12)
    at _write (node:internal/streams/writable:501:10)
    at Writable.write (node:internal/streams/writable:510:10)
    at Console.log (/usr/local/lib/node_modules/firebase-tools/node_modules/winston/lib/winston/transports/console.js:87:23)
    at Console._write (/usr/local/lib/node_modules/firebase-tools/node_modules/winston-transport/modern.js:103:17)
    at doWrite (/usr/local/lib/node_modules/firebase-tools/node_modules/winston-transport/node_modules/readable-stream/lib/_stream_writable.js:390:139)
[error] 
[error] Error: An unexpected error has occurred.
[debug] [2026-07-14T16:44:27.405Z] Error: write EIO
    at afterWriteDispatched (node:internal/stream_base_commons:159:15)
    at writeGeneric (node:internal/stream_base_commons:150:3)
    at Socket._writeGeneric (node:net:966:11)
    at Socket._write (node:net:978:8)
    at writeOrBuffer (node:internal/streams/writable:572:12)
    at _write (node:internal/streams/writable:501:10)
    at Writable.write (node:internal/streams/writable:510:10)
    at Console.log (/usr/local/lib/node_modules/firebase-tools/node_modules/winston/lib/winston/transports/console.js:87:23)
    at Console._write (/usr/local/lib/node_modules/firebase-tools/node_modules/winston-transport/modern.js:103:17)
    at doWrite (/usr/local/lib/node_modules/firebase-tools/node_modules/winston-transport/node_modules/readable-stream/lib/_stream_writable.js:390:139)
[error] 
[error] Error: An unexpected error has occurred.
[debug] [2026-07-14T16:44:27.407Z] Error: write EIO
    at afterWriteDispatched (node:internal/stream_base_commons:159:15)
    at writeGeneric (node:internal/stream_base_commons:150:3)
    at Socket._writeGeneric (node:net:966:11)
    at Socket._write (node:net:978:8)
    at writeOrBuffer (node:internal/streams/writable:572:12)
    at _write (node:internal/streams/writable:501:10)
    at Writable.write (node:internal/streams/writable:510:10)
    at Console.log (/usr/local/lib/node_modules/firebase-tools/node_modules/winston/lib/winston/transports/console.js:87:23)
    at Console._write (/usr/local/lib/node_modules/firebase-tools/node_modules/winston-transport/modern.js:103:17)
    at doWrite (/usr/local/lib/node_modules/firebase-tools/node_modules/winston-transport/node_modules/readable-stream/lib/_stream_writable.js:390:139)
[error] 
[error] Error: An unexpected error has occurred.
[debug] [2026-07-14T16:44:27.411Z] Error: write EIO
    at afterWriteDispatched (node:internal/stream_base_commons:159:15)
    at writeGeneric (node:internal/stream_base_commons:150:3)
    at Socket._writeGeneric (node:net:966:11)
    at Socket._write (node:net:978:8)
    at writeOrBuffer (node:internal/streams/writable:572:12)
    at _write (node:internal/streams/writable:501:10)
    at Writable.write (node:internal/streams/writable:510:10)
    at Console.log (/usr/local/lib/node_modules/firebase-tools/node_modules/winston/lib/winston/transports/console.js:87:23)
    at Console._write (/usr/local/lib/node_modules/firebase-tools/node_modules/winston-transport/modern.js:103:17)
    at doWrite (/usr/local/lib/node_modules/firebase-tools/node_modules/winston-transport/node_modules/readable-stream/lib/_stream_writable.js:390:139)
[error] 
[error] Error: An unexpected error has occurred.
[debug] [2026-07-14T16:44:27.413Z] Error: write EIO
    at afterWriteDispatched (node:internal/stream_base_commons:159:15)
    at writeGeneric (node:internal/stream_base_commons:150:3)
    at Socket._writeGeneric (node:net:966:11)
    at Socket._write (node:net:978:8)
    at writeOrBuffer (node:internal/streams/writable:572:12)
    at _write (node:internal/streams/writable:501:10)
    at Writable.write (node:internal/streams/writable:510:10)
    at Console.log (/usr/local/lib/node_modules/firebase-tools/node_modules/winston/lib/winston/transports/console.js:87:23)
    at Console._write (/usr/local/lib/node_modules/firebase-tools/node_modules/winston-transport/modern.js:103:17)
    at doWrite (/usr/local/lib/node_modules/firebase-tools/node_modules/winston-transport/node_modules/readable-stream/lib/_stream_writable.js:390:139)
[error] 
[error] Error: An unexpected error has occurred.
[debug] [2026-07-14T16:44:27.414Z] Error: write EIO
    at afterWriteDispatched (node:internal/stream_base_commons:159:15)
    at writeGeneric (node:internal/stream_base_commons:150:3)
    at Socket._writeGeneric (node:net:966:11)
    at Socket._write (node:net:978:8)
    at writeOrBuffer (node:internal/streams/writable:572:12)
    at _write (node:internal/streams/writable:501:10)
    at Writable.write (node:internal/streams/writable:510:10)
    at Console.log (/usr/local/lib/node_modules/firebase-tools/node_modules/winston/lib/winston/transports/console.js:87:23)
    at Console._write (/usr/local/lib/node_modules/firebase-tools/node_modules/winston-transport/modern.js:103:17)
    at doWrite (/usr/local/lib/node_modules/firebase-tools/node_modules/winston-transport/node_modules/readable-stream/lib/_stream_writable.js:390:139)
[error] 
[error] Error: An unexpected error has occurred.
[debug] [2026-07-14T16:44:27.415Z] Error: write EIO
    at afterWriteDispatched (node:internal/stream_base_commons:159:15)
    at writeGeneric (node:internal/stream_base_commons:150:3)
    at Socket._writeGeneric (node:net:966:11)
    at Socket._write (node:net:978:8)
    at writeOrBuffer (node:internal/streams/writable:572:12)
    at _write (node:internal/streams/writable:501:10)
    at Writable.write (node:internal/streams/writable:510:10)
    at Console.log (/usr/local/lib/node_modules/firebase-tools/node_modules/winston/lib/winston/transports/console.js:87:23)
    at Console._write (/usr/local/lib/node_modules/firebase-tools/node_modules/winston-transport/modern.js:103:17)
    at doWrite (/usr/local/lib/node_modules/firebase-tools/node_modules/winston-transport/node_modules/readable-stream/lib/_stream_writable.js:390:139)
[error] 
[error] Error: An unexpected error has occurred.
[debug] [2026-07-14T16:44:27.417Z] Error: write EIO
    at afterWriteDispatched (node:internal/stream_base_commons:159:15)
    at writeGeneric (node:internal/stream_base_commons:150:3)
    at Socket._writeGeneric (node:net:966:11)
    at Socket._write (node:net:978:8)
    at writeOrBuffer (node:internal/streams/writable:572:12)
    at _write (node:internal/streams/writable:501:10)
    at Writable.write (node:internal/streams/writable:510:10)
    at Console.log (/usr/local/lib/node_modules/firebase-tools/node_modules/winston/lib/winston/transports/console.js:87:23)
    at Console._write (/usr/local/lib/node_modules/firebase-tools/node_modules/winston-transport/modern.js:103:17)
    at doWrite (/usr/local/lib/node_modules/firebase-tools/node_modules/winston-transport/node_modules/readable-stream/lib/_stream_writable.js:390:139)
[error] 
[error] Error: An unexpected error has occurred.
[debug] [2026-07-14T16:44:27.419Z] Error: write EIO
    at afterWriteDispatched (node:internal/stream_base_commons:159:15)
    at writeGeneric (node:internal/stream_base_commons:150:3)
    at Socket._writeGeneric (node:net:966:11)
    at Socket._write (node:net:978:8)
    at writeOrBuffer (node:internal/streams/writable:572:12)
    at _write (node:internal/streams/writable:501:10)
    at Writable.write (node:internal/streams/writable:510:10)
    at Console.log (/usr/local/lib/node_modules/firebase-tools/node_modules/winston/lib/winston/transports/console.js:87:23)
    at Console._write (/usr/local/lib/node_modules/firebase-tools/node_modules/winston-transport/modern.js:103:17)
    at doWrite (/usr/local/lib/node_modules/firebase-tools/node_modules/winston-transport/node_modules/readable-stream/lib/_stream_writable.js:390:139)
[error] 
[error] Error: An unexpected error has occurred.
[debug] [2026-07-14T16:44:27.420Z] Error: write EIO
    at afterWriteDispatched (node:internal/stream_base_commons:159:15)
    at writeGeneric (node:internal/stream_base_commons:150:3)
    at Socket._writeGeneric (node:net:966:11)
    at Socket._write (node:net:978:8)
    at writeOrBuffer (node:internal/streams/writable:572:12)
    at _write (node:internal/streams/writable:501:10)
    at Writable.write (node:internal/streams/writable:510:10)
    at Console.log (/usr/local/lib/node_modules/firebase-tools/node_modules/winston/lib/winston/transports/console.js:87:23)
    at Console._write (/usr/local/lib/node_modules/firebase-tools/node_modules/winston-transport/modern.js:103:17)
    at doWrite (/usr/local/lib/node_modules/firebase-tools/node_modules/winston-transport/node_modules/readable-stream/lib/_stream_writable.js:390:139)
[error] 
[error] Error: An unexpected error has occurred.
[debug] [2026-07-14T16:44:27.421Z] Error: write EIO
    at afterWriteDispatched (node:internal/stream_base_commons:159:15)
    at writeGeneric (node:internal/stream_base_commons:150:3)
    at Socket._writeGeneric (node:net:966:11)
    at Socket._write (node:net:978:8)
    at writeOrBuffer (node:internal/streams/writable:572:12)
    at _write (node:internal/streams/writable:501:10)
    at Writable.write (node:internal/streams/writable:510:10)
    at Console.log (/usr/local/lib/node_modules/firebase-tools/node_modules/winston/lib/winston/transports/console.js:87:23)
    at Console._write (/usr/local/lib/node_modules/firebase-tools/node_modules/winston-transport/modern.js:103:17)
    at doWrite (/usr/local/lib/node_modules/firebase-tools/node_modules/winston-transport/node_modules/readable-stream/lib/_stream_writable.js:390:139)
[error] 
[error] Error: An unexpected error has occurred.
[debug] [2026-07-14T16:44:27.423Z] Error: write EIO
    at afterWriteDispatched (node:internal/stream_base_commons:159:15)
    at writeGeneric (node:internal/stream_base_commons:150:3)
    at Socket._writeGeneric (node:net:966:11)
    at Socket._write (node:net:978:8)
    at writeOrBuffer (node:internal/streams/writable:572:12)
    at _write (node:internal/streams/writable:501:10)
    at Writable.write (node:internal/streams/writable:510:10)
    at Console.log (/usr/local/lib/node_modules/firebase-tools/node_modules/winston/lib/winston/transports/console.js:87:23)
    at Console._write (/usr/local/lib/node_modules/firebase-tools/node_modules/winston-transport/modern.js:103:17)
    at doWrite (/usr/local/lib/node_modules/firebase-tools/node_modules/winston-transport/node_modules/readable-stream/lib/_stream_writable.js:390:139)
[error] 
[error] Error: An unexpected error has occurred.
[debug] [2026-07-14T16:44:27.424Z] Error: write EIO
    at afterWriteDispatched (node:internal/stream_base_commons:159:15)
    at writeGeneric (node:internal/stream_base_commons:150:3)
    at Socket._writeGeneric (node:net:966:11)
    at Socket._write (node:net:978:8)
    at writeOrBuffer (node:internal/streams/writable:572:12)
    at _write (node:internal/streams/writable:501:10)
    at Writable.write (node:internal/streams/writable:510:10)
    at Console.log (/usr/local/lib/node_modules/firebase-tools/node_modules/winston/lib/winston/transports/console.js:87:23)
    at Console._write (/usr/local/lib/node_modules/firebase-tools/node_modules/winston-transport/modern.js:103:17)
    at doWrite (/usr/local/lib/node_modules/firebase-tools/node_modules/winston-transport/node_modules/readable-stream/lib/_stream_writable.js:390:139)
[error] 
[error] Error: An unexpected error has occurred.
[debug] [2026-07-14T16:44:27.425Z] Error: write EIO
    at afterWriteDispatched (node:internal/stream_base_commons:159:15)
    at writeGeneric (node:internal/stream_base_commons:150:3)
    at Socket._writeGeneric (node:net:966:11)
    at Socket._write (node:net:978:8)
    at writeOrBuffer (node:internal/streams/writable:572:12)
    at _write (node:internal/streams/writable:501:10)
    at Writable.write (node:internal/streams/writable:510:10)
    at Console.log (/usr/local/lib/node_modules/firebase-tools/node_modules/winston/lib/winston/transports/console.js:87:23)
    at Console._write (/usr/local/lib/node_modules/firebase-tools/node_modules/winston-transport/modern.js:103:17)
    at doWrite (/usr/local/lib/node_modules/firebase-tools/node_modules/winston-transport/node_modules/readable-stream/lib/_stream_writable.js:390:139)
[error] 
[error] Error: An unexpected error has occurred.
[debug] [2026-07-14T16:44:27.426Z] Error: write EIO
    at afterWriteDispatched (node:internal/stream_base_commons:159:15)
    at writeGeneric (node:internal/stream_base_commons:150:3)
    at Socket._writeGeneric (node:net:966:11)
    at Socket._write (node:net:978:8)
    at writeOrBuffer (node:internal/streams/writable:572:12)
    at _write (node:internal/streams/writable:501:10)
    at Writable.write (node:internal/streams/writable:510:10)
    at Console.log (/usr/local/lib/node_modules/firebase-tools/node_modules/winston/lib/winston/transports/console.js:87:23)
    at Console._write (/usr/local/lib/node_modules/firebase-tools/node_modules/winston-transport/modern.js:103:17)
    at doWrite (/usr/local/lib/node_modules/firebase-tools/node_modules/winston-transport/node_modules/readable-stream/lib/_stream_writable.js:390:139)
[error] 
[error] Error: An unexpected error has occurred.
[debug] [2026-07-14T16:44:27.428Z] Error: write EIO
    at afterWriteDispatched (node:internal/stream_base_commons:159:15)
    at writeGeneric (node:internal/stream_base_commons:150:3)
    at Socket._writeGeneric (node:net:966:11)
    at Socket._write (node:net:978:8)
    at writeOrBuffer (node:internal/streams/writable:572:12)
    at _write (node:internal/streams/writable:501:10)
    at Writable.write (node:internal/streams/writable:510:10)
    at Console.log (/usr/local/lib/node_modules/firebase-tools/node_modules/winston/lib/winston/transports/console.js:87:23)
    at Console._write (/usr/local/lib/node_modules/firebase-tools/node_modules/winston-transport/modern.js:103:17)
    at doWrite (/usr/local/lib/node_modules/firebase-tools/node_modules/winston-transport/node_modules/readable-stream/lib/_stream_writable.js:390:139)
[error] 
[error] Error: An unexpected error has occurred.
[debug] [2026-07-14T16:44:27.429Z] Error: write EIO
    at afterWriteDispatched (node:internal/stream_base_commons:159:15)
    at writeGeneric (node:internal/stream_base_commons:150:3)
    at Socket._writeGeneric (node:net:966:11)
    at Socket._write (node:net:978:8)
    at writeOrBuffer (node:internal/streams/writable:572:12)
    at _write (node:internal/streams/writable:501:10)
    at Writable.write (node:internal/streams/writable:510:10)
    at Console.log (/usr/local/lib/node_modules/firebase-tools/node_modules/winston/lib/winston/transports/console.js:87:23)
    at Console._write (/usr/local/lib/node_modules/firebase-tools/node_modules/winston-transport/modern.js:103:17)
    at doWrite (/usr/local/lib/node_modules/firebase-tools/node_modules/winston-transport/node_modules/readable-stream/lib/_stream_writable.js:390:139)
[error] 
[error] Error: An unexpected error has occurred.
[debug] [2026-07-14T16:44:27.434Z] Jul 14, 2026 9:44:27 PM com.google.cloud.datastore.emulator.firestore.websocket.WebSocketChannelHandler channelClosed
INFO: Websocket client disconnected
 {"metadata":{"emulator":{"name":"firestore"},"message":"Jul 14, 2026 9:44:27 PM com.google.cloud.datastore.emulator.firestore.websocket.WebSocketChannelHandler channelClosed\nINFO: Websocket client disconnected\n"}}
[debug] [2026-07-14T16:44:27.434Z] Error: write EIO
    at afterWriteDispatched (node:internal/stream_base_commons:159:15)
    at writeGeneric (node:internal/stream_base_commons:150:3)
    at Socket._writeGeneric (node:net:966:11)
    at Socket._write (node:net:978:8)
    at writeOrBuffer (node:internal/streams/writable:572:12)
    at _write (node:internal/streams/writable:501:10)
    at Writable.write (node:internal/streams/writable:510:10)
    at Console.log (/usr/local/lib/node_modules/firebase-tools/node_modules/winston/lib/winston/transports/console.js:87:23)
    at Console._write (/usr/local/lib/node_modules/firebase-tools/node_modules/winston-transport/modern.js:103:17)
    at doWrite (/usr/local/lib/node_modules/firebase-tools/node_modules/winston-transport/node_modules/readable-stream/lib/_stream_writable.js:390:139)
[error] 
[error] Error: An unexpected error has occurred.
[debug] [2026-07-14T16:44:27.436Z] Error: write EIO
    at afterWriteDispatched (node:internal/stream_base_commons:159:15)
    at writeGeneric (node:internal/stream_base_commons:150:3)
    at Socket._writeGeneric (node:net:966:11)
    at Socket._write (node:net:978:8)
    at writeOrBuffer (node:internal/streams/writable:572:12)
    at _write (node:internal/streams/writable:501:10)
    at Writable.write (node:internal/streams/writable:510:10)
    at Console.log (/usr/local/lib/node_modules/firebase-tools/node_modules/winston/lib/winston/transports/console.js:87:23)
    at Console._write (/usr/local/lib/node_modules/firebase-tools/node_modules/winston-transport/modern.js:103:17)
    at doWrite (/usr/local/lib/node_modules/firebase-tools/node_modules/winston-transport/node_modules/readable-stream/lib/_stream_writable.js:390:139)
[error] 
[error] Error: An unexpected error has occurred.
[debug] [2026-07-14T16:44:27.438Z] Error: write EIO
    at afterWriteDispatched (node:internal/stream_base_commons:159:15)
    at writeGeneric (node:internal/stream_base_commons:150:3)
    at Socket._writeGeneric (node:net:966:11)
    at Socket._write (node:net:978:8)
    at writeOrBuffer (node:internal/streams/writable:572:12)
    at _write (node:internal/streams/writable:501:10)
    at Writable.write (node:internal/streams/writable:510:10)
    at Console.log (/usr/local/lib/node_modules/firebase-tools/node_modules/winston/lib/winston/transports/console.js:87:23)
    at Console._write (/usr/local/lib/node_modules/firebase-tools/node_modules/winston-transport/modern.js:103:17)
    at doWrite (/usr/local/lib/node_modules/firebase-tools/node_modules/winston-transport/node_modules/readable-stream/lib/_stream_writable.js:390:139)
[error] 
[error] Error: An unexpected error has occurred.
[debug] [2026-07-14T16:44:27.440Z] Error: write EIO
    at afterWriteDispatched (node:internal/stream_base_commons:159:15)
    at writeGeneric (node:internal/stream_base_commons:150:3)
    at Socket._writeGeneric (node:net:966:11)
    at Socket._write (node:net:978:8)
    at writeOrBuffer (node:internal/streams/writable:572:12)
    at _write (node:internal/streams/writable:501:10)
    at Writable.write (node:internal/streams/writable:510:10)
    at Console.log (/usr/local/lib/node_modules/firebase-tools/node_modules/winston/lib/winston/transports/console.js:87:23)
    at Console._write (/usr/local/lib/node_modules/firebase-tools/node_modules/winston-transport/modern.js:103:17)
    at doWrite (/usr/local/lib/node_modules/firebase-tools/node_modules/winston-transport/node_modules/readable-stream/lib/_stream_writable.js:390:139)
[error] 
[error] Error: An unexpected error has occurred.
[debug] [2026-07-14T16:44:27.441Z] Error: write EIO
    at afterWriteDispatched (node:internal/stream_base_commons:159:15)
    at writeGeneric (node:internal/stream_base_commons:150:3)
    at Socket._writeGeneric (node:net:966:11)
    at Socket._write (node:net:978:8)
    at writeOrBuffer (node:internal/streams/writable:572:12)
    at _write (node:internal/streams/writable:501:10)
    at Writable.write (node:internal/streams/writable:510:10)
    at Console.log (/usr/local/lib/node_modules/firebase-tools/node_modules/winston/lib/winston/transports/console.js:87:23)
    at Console._write (/usr/local/lib/node_modules/firebase-tools/node_modules/winston-transport/modern.js:103:17)
    at doWrite (/usr/local/lib/node_modules/firebase-tools/node_modules/winston-transport/node_modules/readable-stream/lib/_stream_writable.js:390:139)
[error] 
[error] Error: An unexpected error has occurred.
[debug] [2026-07-14T16:44:27.442Z] Error: write EIO
    at afterWriteDispatched (node:internal/stream_base_commons:159:15)
    at writeGeneric (node:internal/stream_base_commons:150:3)
    at Socket._writeGeneric (node:net:966:11)
    at Socket._write (node:net:978:8)
    at writeOrBuffer (node:internal/streams/writable:572:12)
    at _write (node:internal/streams/writable:501:10)
    at Writable.write (node:internal/streams/writable:510:10)
    at Console.log (/usr/local/lib/node_modules/firebase-tools/node_modules/winston/lib/winston/transports/console.js:87:23)
    at Console._write (/usr/local/lib/node_modules/firebase-tools/node_modules/winston-transport/modern.js:103:17)
    at doWrite (/usr/local/lib/node_modules/firebase-tools/node_modules/winston-transport/node_modules/readable-stream/lib/_stream_writable.js:390:139)
[error] 
[error] Error: An unexpected error has occurred.
[debug] [2026-07-14T16:44:27.443Z] Error: write EIO
    at afterWriteDispatched (node:internal/stream_base_commons:159:15)
    at writeGeneric (node:internal/stream_base_commons:150:3)
    at Socket._writeGeneric (node:net:966:11)
    at Socket._write (node:net:978:8)
    at writeOrBuffer (node:internal/streams/writable:572:12)
    at _write (node:internal/streams/writable:501:10)
    at Writable.write (node:internal/streams/writable:510:10)
    at Console.log (/usr/local/lib/node_modules/firebase-tools/node_modules/winston/lib/winston/transports/console.js:87:23)
    at Console._write (/usr/local/lib/node_modules/firebase-tools/node_modules/winston-transport/modern.js:103:17)
    at doWrite (/usr/local/lib/node_modules/firebase-tools/node_modules/winston-transport/node_modules/readable-stream/lib/_stream_writable.js:390:139)
[error] 
[error] Error: An unexpected error has occurred.
[debug] [2026-07-14T16:44:27.445Z] Error: write EIO
    at afterWriteDispatched (node:internal/stream_base_commons:159:15)
    at writeGeneric (node:internal/stream_base_commons:150:3)
    at Socket._writeGeneric (node:net:966:11)
    at Socket._write (node:net:978:8)
    at writeOrBuffer (node:internal/streams/writable:572:12)
    at _write (node:internal/streams/writable:501:10)
    at Writable.write (node:internal/streams/writable:510:10)
    at Console.log (/usr/local/lib/node_modules/firebase-tools/node_modules/winston/lib/winston/transports/console.js:87:23)
    at Console._write (/usr/local/lib/node_modules/firebase-tools/node_modules/winston-transport/modern.js:103:17)
    at doWrite (/usr/local/lib/node_modules/firebase-tools/node_modules/winston-transport/node_modules/readable-stream/lib/_stream_writable.js:390:139)
[error] 
[error] Error: An unexpected error has occurred.
[debug] [2026-07-14T16:44:27.446Z] Error: write EIO
    at afterWriteDispatched (node:internal/stream_base_commons:159:15)
    at writeGeneric (node:internal/stream_base_commons:150:3)
    at Socket._writeGeneric (node:net:966:11)
    at Socket._write (node:net:978:8)
    at writeOrBuffer (node:internal/streams/writable:572:12)
    at _write (node:internal/streams/writable:501:10)
    at Writable.write (node:internal/streams/writable:510:10)
    at Console.log (/usr/local/lib/node_modules/firebase-tools/node_modules/winston/lib/winston/transports/console.js:87:23)
    at Console._write (/usr/local/lib/node_modules/firebase-tools/node_modules/winston-transport/modern.js:103:17)
    at doWrite (/usr/local/lib/node_modules/firebase-tools/node_modules/winston-transport/node_modules/readable-stream/lib/_stream_writable.js:390:139)
[error] 
[error] Error: An unexpected error has occurred.
[debug] [2026-07-14T16:44:27.447Z] Error: write EIO
    at afterWriteDispatched (node:internal/stream_base_commons:159:15)
    at writeGeneric (node:internal/stream_base_commons:150:3)
    at Socket._writeGeneric (node:net:966:11)
    at Socket._write (node:net:978:8)
    at writeOrBuffer (node:internal/streams/writable:572:12)
    at _write (node:internal/streams/writable:501:10)
    at Writable.write (node:internal/streams/writable:510:10)
    at Console.log (/usr/local/lib/node_modules/firebase-tools/node_modules/winston/lib/winston/transports/console.js:87:23)
    at Console._write (/usr/local/lib/node_modules/firebase-tools/node_modules/winston-transport/modern.js:103:17)
    at doWrite (/usr/local/lib/node_modules/firebase-tools/node_modules/winston-transport/node_modules/readable-stream/lib/_stream_writable.js:390:139)
[error] 
[error] Error: An unexpected error has occurred.
[debug] [2026-07-14T16:44:27.448Z] Error: write EIO
    at afterWriteDispatched (node:internal/stream_base_commons:159:15)
    at writeGeneric (node:internal/stream_base_commons:150:3)
    at Socket._writeGeneric (node:net:966:11)
    at Socket._write (node:net:978:8)
    at writeOrBuffer (node:internal/streams/writable:572:12)
    at _write (node:internal/streams/writable:501:10)
    at Writable.write (node:internal/streams/writable:510:10)
    at Console.log (/usr/local/lib/node_modules/firebase-tools/node_modules/winston/lib/winston/transports/console.js:87:23)
    at Console._write (/usr/local/lib/node_modules/firebase-tools/node_modules/winston-transport/modern.js:103:17)
    at doWrite (/usr/local/lib/node_modules/firebase-tools/node_modules/winston-transport/node_modules/readable-stream/lib/_stream_writable.js:390:139)
[error] 
[error] Error: An unexpected error has occurred.
[debug] [2026-07-14T16:44:27.449Z] Error: write EIO
    at afterWriteDispatched (node:internal/stream_base_commons:159:15)
    at writeGeneric (node:internal/stream_base_commons:150:3)
    at Socket._writeGeneric (node:net:966:11)
    at Socket._write (node:net:978:8)
    at writeOrBuffer (node:internal/streams/writable:572:12)
    at _write (node:internal/streams/writable:501:10)
    at Writable.write (node:internal/streams/writable:510:10)
    at Console.log (/usr/local/lib/node_modules/firebase-tools/node_modules/winston/lib/winston/transports/console.js:87:23)
    at Console._write (/usr/local/lib/node_modules/firebase-tools/node_modules/winston-transport/modern.js:103:17)
    at doWrite (/usr/local/lib/node_modules/firebase-tools/node_modules/winston-transport/node_modules/readable-stream/lib/_stream_writable.js:390:139)
[error] 
[error] Error: An unexpected error has occurred.
[debug] [2026-07-14T16:44:27.451Z] Error: write EIO
    at afterWriteDispatched (node:internal/stream_base_commons:159:15)
    at writeGeneric (node:internal/stream_base_commons:150:3)
    at Socket._writeGeneric (node:net:966:11)
    at Socket._write (node:net:978:8)
    at writeOrBuffer (node:internal/streams/writable:572:12)
    at _write (node:internal/streams/writable:501:10)
    at Writable.write (node:internal/streams/writable:510:10)
    at Console.log (/usr/local/lib/node_modules/firebase-tools/node_modules/winston/lib/winston/transports/console.js:87:23)
    at Console._write (/usr/local/lib/node_modules/firebase-tools/node_modules/winston-transport/modern.js:103:17)
    at doWrite (/usr/local/lib/node_modules/firebase-tools/node_modules/winston-transport/node_modules/readable-stream/lib/_stream_writable.js:390:139)
[error] 
[error] Error: An unexpected error has occurred.
[debug] [2026-07-14T16:44:27.452Z] Error: write EIO
    at afterWriteDispatched (node:internal/stream_base_commons:159:15)
    at writeGeneric (node:internal/stream_base_commons:150:3)
    at Socket._writeGeneric (node:net:966:11)
    at Socket._write (node:net:978:8)
    at writeOrBuffer (node:internal/streams/writable:572:12)
    at _write (node:internal/streams/writable:501:10)
    at Writable.write (node:internal/streams/writable:510:10)
    at Console.log (/usr/local/lib/node_modules/firebase-tools/node_modules/winston/lib/winston/transports/console.js:87:23)
    at Console._write (/usr/local/lib/node_modules/firebase-tools/node_modules/winston-transport/modern.js:103:17)
    at doWrite (/usr/local/lib/node_modules/firebase-tools/node_modules/winston-transport/node_modules/readable-stream/lib/_stream_writable.js:390:139)
[error] 
[error] Error: An unexpected error has occurred.
[debug] [2026-07-14T16:44:27.453Z] Error: write EIO
    at afterWriteDispatched (node:internal/stream_base_commons:159:15)
    at writeGeneric (node:internal/stream_base_commons:150:3)
    at Socket._writeGeneric (node:net:966:11)
    at Socket._write (node:net:978:8)
    at writeOrBuffer (node:internal/streams/writable:572:12)
    at _write (node:internal/streams/writable:501:10)
    at Writable.write (node:internal/streams/writable:510:10)
    at Console.log (/usr/local/lib/node_modules/firebase-tools/node_modules/winston/lib/winston/transports/console.js:87:23)
    at Console._write (/usr/local/lib/node_modules/firebase-tools/node_modules/winston-transport/modern.js:103:17)
    at doWrite (/usr/local/lib/node_modules/firebase-tools/node_modules/winston-transport/node_modules/readable-stream/lib/_stream_writable.js:390:139)
[error] 
[error] Error: An unexpected error has occurred.
[debug] [2026-07-14T16:44:27.455Z] Error: write EIO
    at afterWriteDispatched (node:internal/stream_base_commons:159:15)
    at writeGeneric (node:internal/stream_base_commons:150:3)
    at Socket._writeGeneric (node:net:966:11)
    at Socket._write (node:net:978:8)
    at writeOrBuffer (node:internal/streams/writable:572:12)
    at _write (node:internal/streams/writable:501:10)
    at Writable.write (node:internal/streams/writable:510:10)
    at Console.log (/usr/local/lib/node_modules/firebase-tools/node_modules/winston/lib/winston/transports/console.js:87:23)
    at Console._write (/usr/local/lib/node_modules/firebase-tools/node_modules/winston-transport/modern.js:103:17)
    at doWrite (/usr/local/lib/node_modules/firebase-tools/node_modules/winston-transport/node_modules/readable-stream/lib/_stream_writable.js:390:139)
[error] 
[error] Error: An unexpected error has occurred.
[debug] [2026-07-14T16:44:27.456Z] Error: write EIO
    at afterWriteDispatched (node:internal/stream_base_commons:159:15)
    at writeGeneric (node:internal/stream_base_commons:150:3)
    at Socket._writeGeneric (node:net:966:11)
    at Socket._write (node:net:978:8)
    at writeOrBuffer (node:internal/streams/writable:572:12)
    at _write (node:internal/streams/writable:501:10)
    at Writable.write (node:internal/streams/writable:510:10)
    at Console.log (/usr/local/lib/node_modules/firebase-tools/node_modules/winston/lib/winston/transports/console.js:87:23)
    at Console._write (/usr/local/lib/node_modules/firebase-tools/node_modules/winston-transport/modern.js:103:17)
    at doWrite (/usr/local/lib/node_modules/firebase-tools/node_modules/winston-transport/node_modules/readable-stream/lib/_stream_writable.js:390:139)
[error] 
[error] Error: An unexpected error has occurred.
[debug] [2026-07-14T16:44:27.461Z] Error: write EIO
    at afterWriteDispatched (node:internal/stream_base_commons:159:15)
    at writeGeneric (node:internal/stream_base_commons:150:3)
    at Socket._writeGeneric (node:net:966:11)
    at Socket._write (node:net:978:8)
    at writeOrBuffer (node:internal/streams/writable:572:12)
    at _write (node:internal/streams/writable:501:10)
    at Writable.write (node:internal/streams/writable:510:10)
    at Console.log (/usr/local/lib/node_modules/firebase-tools/node_modules/winston/lib/winston/transports/console.js:87:23)
    at Console._write (/usr/local/lib/node_modules/firebase-tools/node_modules/winston-transport/modern.js:103:17)
    at doWrite (/usr/local/lib/node_modules/firebase-tools/node_modules/winston-transport/node_modules/readable-stream/lib/_stream_writable.js:390:139)
[error] 
[error] Error: An unexpected error has occurred.
[debug] [2026-07-14T16:44:27.462Z] Error: write EIO
    at afterWriteDispatched (node:internal/stream_base_commons:159:15)
    at writeGeneric (node:internal/stream_base_commons:150:3)
    at Socket._writeGeneric (node:net:966:11)
    at Socket._write (node:net:978:8)
    at writeOrBuffer (node:internal/streams/writable:572:12)
    at _write (node:internal/streams/writable:501:10)
    at Writable.write (node:internal/streams/writable:510:10)
    at Console.log (/usr/local/lib/node_modules/firebase-tools/node_modules/winston/lib/winston/transports/console.js:87:23)
    at Console._write (/usr/local/lib/node_modules/firebase-tools/node_modules/winston-transport/modern.js:103:17)
    at doWrite (/usr/local/lib/node_modules/firebase-tools/node_modules/winston-transport/node_modules/readable-stream/lib/_stream_writable.js:390:139)
[error] 
[error] Error: An unexpected error has occurred.
[debug] [2026-07-14T16:44:27.463Z] Error: write EIO
    at afterWriteDispatched (node:internal/stream_base_commons:159:15)
    at writeGeneric (node:internal/stream_base_commons:150:3)
    at Socket._writeGeneric (node:net:966:11)
    at Socket._write (node:net:978:8)
    at writeOrBuffer (node:internal/streams/writable:572:12)
    at _write (node:internal/streams/writable:501:10)
    at Writable.write (node:internal/streams/writable:510:10)
    at Console.log (/usr/local/lib/node_modules/firebase-tools/node_modules/winston/lib/winston/transports/console.js:87:23)
    at Console._write (/usr/local/lib/node_modules/firebase-tools/node_modules/winston-transport/modern.js:103:17)
    at doWrite (/usr/local/lib/node_modules/firebase-tools/node_modules/winston-transport/node_modules/readable-stream/lib/_stream_writable.js:390:139)
[error] 
[error] Error: An unexpected error has occurred.
[debug] [2026-07-14T16:44:27.465Z] Error: write EIO
    at afterWriteDispatched (node:internal/stream_base_commons:159:15)
    at writeGeneric (node:internal/stream_base_commons:150:3)
    at Socket._writeGeneric (node:net:966:11)
    at Socket._write (node:net:978:8)
    at writeOrBuffer (node:internal/streams/writable:572:12)
    at _write (node:internal/streams/writable:501:10)
    at Writable.write (node:internal/streams/writable:510:10)
    at Console.log (/usr/local/lib/node_modules/firebase-tools/node_modules/winston/lib/winston/transports/console.js:87:23)
    at Console._write (/usr/local/lib/node_modules/firebase-tools/node_modules/winston-transport/modern.js:103:17)
    at doWrite (/usr/local/lib/node_modules/firebase-tools/node_modules/winston-transport/node_modules/readable-stream/lib/_stream_writable.js:390:139)
[error] 
[error] Error: An unexpected error has occurred.
[debug] [2026-07-14T16:44:27.466Z] Error: write EIO
    at afterWriteDispatched (node:internal/stream_base_commons:159:15)
    at writeGeneric (node:internal/stream_base_commons:150:3)
    at Socket._writeGeneric (node:net:966:11)
    at Socket._write (node:net:978:8)
    at writeOrBuffer (node:internal/streams/writable:572:12)
    at _write (node:internal/streams/writable:501:10)
    at Writable.write (node:internal/streams/writable:510:10)
    at Console.log (/usr/local/lib/node_modules/firebase-tools/node_modules/winston/lib/winston/transports/console.js:87:23)
    at Console._write (/usr/local/lib/node_modules/firebase-tools/node_modules/winston-transport/modern.js:103:17)
    at doWrite (/usr/local/lib/node_modules/firebase-tools/node_modules/winston-transport/node_modules/readable-stream/lib/_stream_writable.js:390:139)
[error] 
[error] Error: An unexpected error has occurred.
[debug] [2026-07-14T16:44:27.468Z] Error: write EIO
    at afterWriteDispatched (node:internal/stream_base_commons:159:15)
    at writeGeneric (node:internal/stream_base_commons:150:3)
    at Socket._writeGeneric (node:net:966:11)
    at Socket._write (node:net:978:8)
    at writeOrBuffer (node:internal/streams/writable:572:12)
    at _write (node:internal/streams/writable:501:10)
    at Writable.write (node:internal/streams/writable:510:10)
    at Console.log (/usr/local/lib/node_modules/firebase-tools/node_modules/winston/lib/winston/transports/console.js:87:23)
    at Console._write (/usr/local/lib/node_modules/firebase-tools/node_modules/winston-transport/modern.js:103:17)
    at doWrite (/usr/local/lib/node_modules/firebase-tools/node_modules/winston-transport/node_modules/readable-stream/lib/_stream_writable.js:390:139)
[error] 
[error] Error: An unexpected error has occurred.
[debug] [2026-07-14T16:44:27.469Z] Error: write EIO
    at afterWriteDispatched (node:internal/stream_base_commons:159:15)
    at writeGeneric (node:internal/stream_base_commons:150:3)
    at Socket._writeGeneric (node:net:966:11)
    at Socket._write (node:net:978:8)
    at writeOrBuffer (node:internal/streams/writable:572:12)
    at _write (node:internal/streams/writable:501:10)
    at Writable.write (node:internal/streams/writable:510:10)
    at Console.log (/usr/local/lib/node_modules/firebase-tools/node_modules/winston/lib/winston/transports/console.js:87:23)
    at Console._write (/usr/local/lib/node_modules/firebase-tools/node_modules/winston-transport/modern.js:103:17)
    at doWrite (/usr/local/lib/node_modules/firebase-tools/node_modules/winston-transport/node_modules/readable-stream/lib/_stream_writable.js:390:139)
[error] 
[error] Error: An unexpected error has occurred.
[debug] [2026-07-14T16:44:27.470Z] Error: write EIO
    at afterWriteDispatched (node:internal/stream_base_commons:159:15)
    at writeGeneric (node:internal/stream_base_commons:150:3)
    at Socket._writeGeneric (node:net:966:11)
    at Socket._write (node:net:978:8)
    at writeOrBuffer (node:internal/streams/writable:572:12)
    at _write (node:internal/streams/writable:501:10)
    at Writable.write (node:internal/streams/writable:510:10)
    at Console.log (/usr/local/lib/node_modules/firebase-tools/node_modules/winston/lib/winston/transports/console.js:87:23)
    at Console._write (/usr/local/lib/node_modules/firebase-tools/node_modules/winston-transport/modern.js:103:17)
    at doWrite (/usr/local/lib/node_modules/firebase-tools/node_modules/winston-transport/node_modules/readable-stream/lib/_stream_writable.js:390:139)
[error] 
[error] Error: An unexpected error has occurred.
[debug] [2026-07-14T16:44:27.471Z] Error: write EIO
    at afterWriteDispatched (node:internal/stream_base_commons:159:15)
    at writeGeneric (node:internal/stream_base_commons:150:3)
    at Socket._writeGeneric (node:net:966:11)
    at Socket._write (node:net:978:8)
    at writeOrBuffer (node:internal/streams/writable:572:12)
    at _write (node:internal/streams/writable:501:10)
    at Writable.write (node:internal/streams/writable:510:10)
    at Console.log (/usr/local/lib/node_modules/firebase-tools/node_modules/winston/lib/winston/transports/console.js:87:23)
    at Console._write (/usr/local/lib/node_modules/firebase-tools/node_modules/winston-transport/modern.js:103:17)
    at doWrite (/usr/local/lib/node_modules/firebase-tools/node_modules/winston-transport/node_modules/readable-stream/lib/_stream_writable.js:390:139)
[error] 
[error] Error: An unexpected error has occurred.
[debug] [2026-07-14T16:44:27.472Z] Error: write EIO
    at afterWriteDispatched (node:internal/stream_base_commons:159:15)
    at writeGeneric (node:internal/stream_base_commons:150:3)
    at Socket._writeGeneric (node:net:966:11)
    at Socket._write (node:net:978:8)
    at writeOrBuffer (node:internal/streams/writable:572:12)
    at _write (node:internal/streams/writable:501:10)
    at Writable.write (node:internal/streams/writable:510:10)
    at Console.log (/usr/local/lib/node_modules/firebase-tools/node_modules/winston/lib/winston/transports/console.js:87:23)
    at Console._write (/usr/local/lib/node_modules/firebase-tools/node_modules/winston-transport/modern.js:103:17)
    at doWrite (/usr/local/lib/node_modules/firebase-tools/node_modules/winston-transport/node_modules/readable-stream/lib/_stream_writable.js:390:139)
[error] 
[error] Error: An unexpected error has occurred.
[debug] [2026-07-14T16:44:27.473Z] Error: write EIO
    at afterWriteDispatched (node:internal/stream_base_commons:159:15)
    at writeGeneric (node:internal/stream_base_commons:150:3)
    at Socket._writeGeneric (node:net:966:11)
    at Socket._write (node:net:978:8)
    at writeOrBuffer (node:internal/streams/writable:572:12)
    at _write (node:internal/streams/writable:501:10)
    at Writable.write (node:internal/streams/writable:510:10)
    at Console.log (/usr/local/lib/node_modules/firebase-tools/node_modules/winston/lib/winston/transports/console.js:87:23)
    at Console._write (/usr/local/lib/node_modules/firebase-tools/node_modules/winston-transport/modern.js:103:17)
    at doWrite (/usr/local/lib/node_modules/firebase-tools/node_modules/winston-transport/node_modules/readable-stream/lib/_stream_writable.js:390:139)
[error] 
[error] Error: An unexpected error has occurred.
[debug] [2026-07-14T16:44:27.478Z] Error: write EIO
    at afterWriteDispatched (node:internal/stream_base_commons:159:15)
    at writeGeneric (node:internal/stream_base_commons:150:3)
    at Socket._writeGeneric (node:net:966:11)
    at Socket._write (node:net:978:8)
    at writeOrBuffer (node:internal/streams/writable:572:12)
    at _write (node:internal/streams/writable:501:10)
    at Writable.write (node:internal/streams/writable:510:10)
    at Console.log (/usr/local/lib/node_modules/firebase-tools/node_modules/winston/lib/winston/transports/console.js:87:23)
    at Console._write (/usr/local/lib/node_modules/firebase-tools/node_modules/winston-transport/modern.js:103:17)
    at doWrite (/usr/local/lib/node_modules/firebase-tools/node_modules/winston-transport/node_modules/readable-stream/lib/_stream_writable.js:390:139)
[error] 
[error] Error: An unexpected error has occurred.
[debug] [2026-07-14T16:44:27.479Z] Error: write EIO
    at afterWriteDispatched (node:internal/stream_base_commons:159:15)
    at writeGeneric (node:internal/stream_base_commons:150:3)
    at Socket._writeGeneric (node:net:966:11)
    at Socket._write (node:net:978:8)
    at writeOrBuffer (node:internal/streams/writable:572:12)
    at _write (node:internal/streams/writable:501:10)
    at Writable.write (node:internal/streams/writable:510:10)
    at Console.log (/usr/local/lib/node_modules/firebase-tools/node_modules/winston/lib/winston/transports/console.js:87:23)
    at Console._write (/usr/local/lib/node_modules/firebase-tools/node_modules/winston-transport/modern.js:103:17)
    at doWrite (/usr/local/lib/node_modules/firebase-tools/node_modules/winston-transport/node_modules/readable-stream/lib/_stream_writable.js:390:139)
[error] 
[error] Error: An unexpected error has occurred.
[debug] [2026-07-14T16:44:27.480Z] Error: write EIO
    at afterWriteDispatched (node:internal/stream_base_commons:159:15)
    at writeGeneric (node:internal/stream_base_commons:150:3)
    at Socket._writeGeneric (node:net:966:11)
    at Socket._write (node:net:978:8)
    at writeOrBuffer (node:internal/streams/writable:572:12)
    at _write (node:internal/streams/writable:501:10)
    at Writable.write (node:internal/streams/writable:510:10)
    at Console.log (/usr/local/lib/node_modules/firebase-tools/node_modules/winston/lib/winston/transports/console.js:87:23)
    at Console._write (/usr/local/lib/node_modules/firebase-tools/node_modules/winston-transport/modern.js:103:17)
    at doWrite (/usr/local/lib/node_modules/firebase-tools/node_modules/winston-transport/node_modules/readable-stream/lib/_stream_writable.js:390:139)
[error] 
[error] Error: An unexpected error has occurred.
[debug] [2026-07-14T16:44:27.481Z] Error: write EIO
    at afterWriteDispatched (node:internal/stream_base_commons:159:15)
    at writeGeneric (node:internal/stream_base_commons:150:3)
    at Socket._writeGeneric (node:net:966:11)
    at Socket._write (node:net:978:8)
    at writeOrBuffer (node:internal/streams/writable:572:12)
    at _write (node:internal/streams/writable:501:10)
    at Writable.write (node:internal/streams/writable:510:10)
    at Console.log (/usr/local/lib/node_modules/firebase-tools/node_modules/winston/lib/winston/transports/console.js:87:23)
    at Console._write (/usr/local/lib/node_modules/firebase-tools/node_modules/winston-transport/modern.js:103:17)
    at doWrite (/usr/local/lib/node_modules/firebase-tools/node_modules/winston-transport/node_modules/readable-stream/lib/_stream_writable.js:390:139)
[error] 
[error] Error: An unexpected error has occurred.
[debug] [2026-07-14T16:44:27.482Z] Error: write EIO
    at afterWriteDispatched (node:internal/stream_base_commons:159:15)
    at writeGeneric (node:internal/stream_base_commons:150:3)
    at Socket._writeGeneric (node:net:966:11)
    at Socket._write (node:net:978:8)
    at writeOrBuffer (node:internal/streams/writable:572:12)
    at _write (node:internal/streams/writable:501:10)
    at Writable.write (node:internal/streams/writable:510:10)
    at Console.log (/usr/local/lib/node_modules/firebase-tools/node_modules/winston/lib/winston/transports/console.js:87:23)
    at Console._write (/usr/local/lib/node_modules/firebase-tools/node_modules/winston-transport/modern.js:103:17)
    at doWrite (/usr/local/lib/node_modules/firebase-tools/node_modules/winston-transport/node_modules/readable-stream/lib/_stream_writable.js:390:139)
[error] 
[error] Error: An unexpected error has occurred.
[debug] [2026-07-14T16:44:27.483Z] Error: write EIO
    at afterWriteDispatched (node:internal/stream_base_commons:159:15)
    at writeGeneric (node:internal/stream_base_commons:150:3)
    at Socket._writeGeneric (node:net:966:11)
    at Socket._write (node:net:978:8)
    at writeOrBuffer (node:internal/streams/writable:572:12)
    at _write (node:internal/streams/writable:501:10)
    at Writable.write (node:internal/streams/writable:510:10)
    at Console.log (/usr/local/lib/node_modules/firebase-tools/node_modules/winston/lib/winston/transports/console.js:87:23)
    at Console._write (/usr/local/lib/node_modules/firebase-tools/node_modules/winston-transport/modern.js:103:17)
    at doWrite (/usr/local/lib/node_modules/firebase-tools/node_modules/winston-transport/node_modules/readable-stream/lib/_stream_writable.js:390:139)
[error] 
[error] Error: An unexpected error has occurred.
[debug] [2026-07-14T16:44:27.484Z] Error: write EIO
    at afterWriteDispatched (node:internal/stream_base_commons:159:15)
    at writeGeneric (node:internal/stream_base_commons:150:3)
    at Socket._writeGeneric (node:net:966:11)
    at Socket._write (node:net:978:8)
    at writeOrBuffer (node:internal/streams/writable:572:12)
    at _write (node:internal/streams/writable:501:10)
    at Writable.write (node:internal/streams/writable:510:10)
    at Console.log (/usr/local/lib/node_modules/firebase-tools/node_modules/winston/lib/winston/transports/console.js:87:23)
    at Console._write (/usr/local/lib/node_modules/firebase-tools/node_modules/winston-transport/modern.js:103:17)
    at doWrite (/usr/local/lib/node_modules/firebase-tools/node_modules/winston-transport/node_modules/readable-stream/lib/_stream_writable.js:390:139)
[error] 
[error] Error: An unexpected error has occurred.
[debug] [2026-07-14T16:44:27.484Z] Error: write EIO
    at afterWriteDispatched (node:internal/stream_base_commons:159:15)
    at writeGeneric (node:internal/stream_base_commons:150:3)
    at Socket._writeGeneric (node:net:966:11)
    at Socket._write (node:net:978:8)
    at writeOrBuffer (node:internal/streams/writable:572:12)
    at _write (node:internal/streams/writable:501:10)
    at Writable.write (node:internal/streams/writable:510:10)
    at Console.log (/usr/local/lib/node_modules/firebase-tools/node_modules/winston/lib/winston/transports/console.js:87:23)
    at Console._write (/usr/local/lib/node_modules/firebase-tools/node_modules/winston-transport/modern.js:103:17)
    at doWrite (/usr/local/lib/node_modules/firebase-tools/node_modules/winston-transport/node_modules/readable-stream/lib/_stream_writable.js:390:139)
[error] 
[error] Error: An unexpected error has occurred.
[debug] [2026-07-14T16:44:27.485Z] Error: write EIO
    at afterWriteDispatched (node:internal/stream_base_commons:159:15)
    at writeGeneric (node:internal/stream_base_commons:150:3)
    at Socket._writeGeneric (node:net:966:11)
    at Socket._write (node:net:978:8)
    at writeOrBuffer (node:internal/streams/writable:572:12)
    at _write (node:internal/streams/writable:501:10)
    at Writable.write (node:internal/streams/writable:510:10)
    at Console.log (/usr/local/lib/node_modules/firebase-tools/node_modules/winston/lib/winston/transports/console.js:87:23)
    at Console._write (/usr/local/lib/node_modules/firebase-tools/node_modules/winston-transport/modern.js:103:17)
    at doWrite (/usr/local/lib/node_modules/firebase-tools/node_modules/winston-transport/node_modules/readable-stream/lib/_stream_writable.js:390:139)
[error] 
[error] Error: An unexpected error has occurred.
[debug] [2026-07-14T16:44:27.486Z] Error: write EIO
    at afterWriteDispatched (node:internal/stream_base_commons:159:15)
    at writeGeneric (node:internal/stream_base_commons:150:3)
    at Socket._writeGeneric (node:net:966:11)
    at Socket._write (node:net:978:8)
    at writeOrBuffer (node:internal/streams/writable:572:12)
    at _write (node:internal/streams/writable:501:10)
    at Writable.write (node:internal/streams/writable:510:10)
    at Console.log (/usr/local/lib/node_modules/firebase-tools/node_modules/winston/lib/winston/transports/console.js:87:23)
    at Console._write (/usr/local/lib/node_modules/firebase-tools/node_modules/winston-transport/modern.js:103:17)
    at doWrite (/usr/local/lib/node_modules/firebase-tools/node_modules/winston-transport/node_modules/readable-stream/lib/_stream_writable.js:390:139)
[error] 
[error] Error: An unexpected error has occurred.
[debug] [2026-07-14T16:44:27.487Z] Error: write EIO
    at afterWriteDispatched (node:internal/stream_base_commons:159:15)
    at writeGeneric (node:internal/stream_base_commons:150:3)
    at Socket._writeGeneric (node:net:966:11)
    at Socket._write (node:net:978:8)
    at writeOrBuffer (node:internal/streams/writable:572:12)
    at _write (node:internal/streams/writable:501:10)
    at Writable.write (node:internal/streams/writable:510:10)
    at Console.log (/usr/local/lib/node_modules/firebase-tools/node_modules/winston/lib/winston/transports/console.js:87:23)
    at Console._write (/usr/local/lib/node_modules/firebase-tools/node_modules/winston-transport/modern.js:103:17)
    at doWrite (/usr/local/lib/node_modules/firebase-tools/node_modules/winston-transport/node_modules/readable-stream/lib/_stream_writable.js:390:139)
[error] 
[error] Error: An unexpected error has occurred.
[debug] [2026-07-14T16:44:27.488Z] Error: write EIO
    at afterWriteDispatched (node:internal/stream_base_commons:159:15)
    at writeGeneric (node:internal/stream_base_commons:150:3)
    at Socket._writeGeneric (node:net:966:11)
    at Socket._write (node:net:978:8)
    at writeOrBuffer (node:internal/streams/writable:572:12)
    at _write (node:internal/streams/writable:501:10)
    at Writable.write (node:internal/streams/writable:510:10)
    at Console.log (/usr/local/lib/node_modules/firebase-tools/node_modules/winston/lib/winston/transports/console.js:87:23)
    at Console._write (/usr/local/lib/node_modules/firebase-tools/node_modules/winston-transport/modern.js:103:17)
    at doWrite (/usr/local/lib/node_modules/firebase-tools/node_modules/winston-transport/node_modules/readable-stream/lib/_stream_writable.js:390:139)
[error] 
[error] Error: An unexpected error has occurred.
[debug] [2026-07-14T16:44:27.489Z] Error: write EIO
    at afterWriteDispatched (node:internal/stream_base_commons:159:15)
    at writeGeneric (node:internal/stream_base_commons:150:3)
    at Socket._writeGeneric (node:net:966:11)
    at Socket._write (node:net:978:8)
    at writeOrBuffer (node:internal/streams/writable:572:12)
    at _write (node:internal/streams/writable:501:10)
    at Writable.write (node:internal/streams/writable:510:10)
    at Console.log (/usr/local/lib/node_modules/firebase-tools/node_modules/winston/lib/winston/transports/console.js:87:23)
    at Console._write (/usr/local/lib/node_modules/firebase-tools/node_modules/winston-transport/modern.js:103:17)
    at doWrite (/usr/local/lib/node_modules/firebase-tools/node_modules/winston-transport/node_modules/readable-stream/lib/_stream_writable.js:390:139)
[error] 
[error] Error: An unexpected error has occurred.
[debug] [2026-07-14T16:44:27.490Z] Error: write EIO
    at afterWriteDispatched (node:internal/stream_base_commons:159:15)
    at writeGeneric (node:internal/stream_base_commons:150:3)
    at Socket._writeGeneric (node:net:966:11)
    at Socket._write (node:net:978:8)
    at writeOrBuffer (node:internal/streams/writable:572:12)
    at _write (node:internal/streams/writable:501:10)
    at Writable.write (node:internal/streams/writable:510:10)
    at Console.log (/usr/local/lib/node_modules/firebase-tools/node_modules/winston/lib/winston/transports/console.js:87:23)
    at Console._write (/usr/local/lib/node_modules/firebase-tools/node_modules/winston-transport/modern.js:103:17)
    at doWrite (/usr/local/lib/node_modules/firebase-tools/node_modules/winston-transport/node_modules/readable-stream/lib/_stream_writable.js:390:139)
[error] 
[error] Error: An unexpected error has occurred.
[debug] [2026-07-14T16:44:27.491Z] Error: write EIO
    at afterWriteDispatched (node:internal/stream_base_commons:159:15)
    at writeGeneric (node:internal/stream_base_commons:150:3)
    at Socket._writeGeneric (node:net:966:11)
    at Socket._write (node:net:978:8)
    at writeOrBuffer (node:internal/streams/writable:572:12)
    at _write (node:internal/streams/writable:501:10)
    at Writable.write (node:internal/streams/writable:510:10)
    at Console.log (/usr/local/lib/node_modules/firebase-tools/node_modules/winston/lib/winston/transports/console.js:87:23)
    at Console._write (/usr/local/lib/node_modules/firebase-tools/node_modules/winston-transport/modern.js:103:17)
    at doWrite (/usr/local/lib/node_modules/firebase-tools/node_modules/winston-transport/node_modules/readable-stream/lib/_stream_writable.js:390:139)
[error] 
[error] Error: An unexpected error has occurred.
[debug] [2026-07-14T16:44:27.492Z] Error: write EIO
    at afterWriteDispatched (node:internal/stream_base_commons:159:15)
    at writeGeneric (node:internal/stream_base_commons:150:3)
    at Socket._writeGeneric (node:net:966:11)
    at Socket._write (node:net:978:8)
    at writeOrBuffer (node:internal/streams/writable:572:12)
    at _write (node:internal/streams/writable:501:10)
    at Writable.write (node:internal/streams/writable:510:10)
    at Console.log (/usr/local/lib/node_modules/firebase-tools/node_modules/winston/lib/winston/transports/console.js:87:23)
    at Console._write (/usr/local/lib/node_modules/firebase-tools/node_modules/winston-transport/modern.js:103:17)
    at doWrite (/usr/local/lib/node_modules/firebase-tools/node_modules/winston-transport/node_modules/readable-stream/lib/_stream_writable.js:390:139)
[error] 
[error] Error: An unexpected error has occurred.
[debug] [2026-07-14T16:44:27.493Z] Error: write EIO
    at afterWriteDispatched (node:internal/stream_base_commons:159:15)
    at writeGeneric (node:internal/stream_base_commons:150:3)
    at Socket._writeGeneric (node:net:966:11)
    at Socket._write (node:net:978:8)
    at writeOrBuffer (node:internal/streams/writable:572:12)
    at _write (node:internal/streams/writable:501:10)
    at Writable.write (node:internal/streams/writable:510:10)
    at Console.log (/usr/local/lib/node_modules/firebase-tools/node_modules/winston/lib/winston/transports/console.js:87:23)
    at Console._write (/usr/local/lib/node_modules/firebase-tools/node_modules/winston-transport/modern.js:103:17)
    at doWrite (/usr/local/lib/node_modules/firebase-tools/node_modules/winston-transport/node_modules/readable-stream/lib/_stream_writable.js:390:139)
[error] 
[error] Error: An unexpected error has occurred.
[debug] [2026-07-14T16:44:27.494Z] Error: write EIO
    at afterWriteDispatched (node:internal/stream_base_commons:159:15)
    at writeGeneric (node:internal/stream_base_commons:150:3)
    at Socket._writeGeneric (node:net:966:11)
    at Socket._write (node:net:978:8)
    at writeOrBuffer (node:internal/streams/writable:572:12)
    at _write (node:internal/streams/writable:501:10)
    at Writable.write (node:internal/streams/writable:510:10)
    at Console.log (/usr/local/lib/node_modules/firebase-tools/node_modules/winston/lib/winston/transports/console.js:87:23)
    at Console._write (/usr/local/lib/node_modules/firebase-tools/node_modules/winston-transport/modern.js:103:17)
    at doWrite (/usr/local/lib/node_modules/firebase-tools/node_modules/winston-transport/node_modules/readable-stream/lib/_stream_writable.js:390:139)
[error] 
[error] Error: An unexpected error has occurred.
[debug] [2026-07-14T16:44:27.494Z] Error: write EIO
    at afterWriteDispatched (node:internal/stream_base_commons:159:15)
    at writeGeneric (node:internal/stream_base_commons:150:3)
    at Socket._writeGeneric (node:net:966:11)
    at Socket._write (node:net:978:8)
    at writeOrBuffer (node:internal/streams/writable:572:12)
    at _write (node:internal/streams/writable:501:10)
    at Writable.write (node:internal/streams/writable:510:10)
    at Console.log (/usr/local/lib/node_modules/firebase-tools/node_modules/winston/lib/winston/transports/console.js:87:23)
    at Console._write (/usr/local/lib/node_modules/firebase-tools/node_modules/winston-transport/modern.js:103:17)
    at doWrite (/usr/local/lib/node_modules/firebase-tools/node_modules/winston-transport/node_modules/readable-stream/lib/_stream_writable.js:390:139)
[error] 
[error] Error: An unexpected error has occurred.
[debug] [2026-07-14T16:44:27.495Z] Error: write EIO
    at afterWriteDispatched (node:internal/stream_base_commons:159:15)
    at writeGeneric (node:internal/stream_base_commons:150:3)
    at Socket._writeGeneric (node:net:966:11)
    at Socket._write (node:net:978:8)
    at writeOrBuffer (node:internal/streams/writable:572:12)
    at _write (node:internal/streams/writable:501:10)
    at Writable.write (node:internal/streams/writable:510:10)
    at Console.log (/usr/local/lib/node_modules/firebase-tools/node_modules/winston/lib/winston/transports/console.js:87:23)
    at Console._write (/usr/local/lib/node_modules/firebase-tools/node_modules/winston-transport/modern.js:103:17)
    at doWrite (/usr/local/lib/node_modules/firebase-tools/node_modules/winston-transport/node_modules/readable-stream/lib/_stream_writable.js:390:139)
[error] 
[error] Error: An unexpected error has occurred.
[debug] [2026-07-14T16:44:27.496Z] Error: write EIO
    at afterWriteDispatched (node:internal/stream_base_commons:159:15)
    at writeGeneric (node:internal/stream_base_commons:150:3)
    at Socket._writeGeneric (node:net:966:11)
    at Socket._write (node:net:978:8)
    at writeOrBuffer (node:internal/streams/writable:572:12)
    at _write (node:internal/streams/writable:501:10)
    at Writable.write (node:internal/streams/writable:510:10)
    at Console.log (/usr/local/lib/node_modules/firebase-tools/node_modules/winston/lib/winston/transports/console.js:87:23)
    at Console._write (/usr/local/lib/node_modules/firebase-tools/node_modules/winston-transport/modern.js:103:17)
    at doWrite (/usr/local/lib/node_modules/firebase-tools/node_modules/winston-transport/node_modules/readable-stream/lib/_stream_writable.js:390:139)
[error] 
[error] Error: An unexpected error has occurred.
[debug] [2026-07-14T16:44:27.497Z] Error: write EIO
    at afterWriteDispatched (node:internal/stream_base_commons:159:15)
    at writeGeneric (node:internal/stream_base_commons:150:3)
    at Socket._writeGeneric (node:net:966:11)
    at Socket._write (node:net:978:8)
    at writeOrBuffer (node:internal/streams/writable:572:12)
    at _write (node:internal/streams/writable:501:10)
    at Writable.write (node:internal/streams/writable:510:10)
    at Console.log (/usr/local/lib/node_modules/firebase-tools/node_modules/winston/lib/winston/transports/console.js:87:23)
    at Console._write (/usr/local/lib/node_modules/firebase-tools/node_modules/winston-transport/modern.js:103:17)
    at doWrite (/usr/local/lib/node_modules/firebase-tools/node_modules/winston-transport/node_modules/readable-stream/lib/_stream_writable.js:390:139)
[error] 
[error] Error: An unexpected error has occurred.
[debug] [2026-07-14T16:44:27.498Z] Error: write EIO
    at afterWriteDispatched (node:internal/stream_base_commons:159:15)
    at writeGeneric (node:internal/stream_base_commons:150:3)
    at Socket._writeGeneric (node:net:966:11)
    at Socket._write (node:net:978:8)
    at writeOrBuffer (node:internal/streams/writable:572:12)
    at _write (node:internal/streams/writable:501:10)
    at Writable.write (node:internal/streams/writable:510:10)
    at Console.log (/usr/local/lib/node_modules/firebase-tools/node_modules/winston/lib/winston/transports/console.js:87:23)
    at Console._write (/usr/local/lib/node_modules/firebase-tools/node_modules/winston-transport/modern.js:103:17)
    at doWrite (/usr/local/lib/node_modules/firebase-tools/node_modules/winston-transport/node_modules/readable-stream/lib/_stream_writable.js:390:139)
[error] 
[error] Error: An unexpected error has occurred.
[debug] [2026-07-14T16:44:27.499Z] Error: write EIO
    at afterWriteDispatched (node:internal/stream_base_commons:159:15)
    at writeGeneric (node:internal/stream_base_commons:150:3)
    at Socket._writeGeneric (node:net:966:11)
    at Socket._write (node:net:978:8)
    at writeOrBuffer (node:internal/streams/writable:572:12)
    at _write (node:internal/streams/writable:501:10)
    at Writable.write (node:internal/streams/writable:510:10)
    at Console.log (/usr/local/lib/node_modules/firebase-tools/node_modules/winston/lib/winston/transports/console.js:87:23)
    at Console._write (/usr/local/lib/node_modules/firebase-tools/node_modules/winston-transport/modern.js:103:17)
    at doWrite (/usr/local/lib/node_modules/firebase-tools/node_modules/winston-transport/node_modules/readable-stream/lib/_stream_writable.js:390:139)
[error] 
[error] Error: An unexpected error has occurred.
[debug] [2026-07-14T16:44:27.502Z] Error: write EIO
    at afterWriteDispatched (node:internal/stream_base_commons:159:15)
    at writeGeneric (node:internal/stream_base_commons:150:3)
    at Socket._writeGeneric (node:net:966:11)
    at Socket._write (node:net:978:8)
    at writeOrBuffer (node:internal/streams/writable:572:12)
    at _write (node:internal/streams/writable:501:10)
    at Writable.write (node:internal/streams/writable:510:10)
    at Console.log (/usr/local/lib/node_modules/firebase-tools/node_modules/winston/lib/winston/transports/console.js:87:23)
    at Console._write (/usr/local/lib/node_modules/firebase-tools/node_modules/winston-transport/modern.js:103:17)
    at doWrite (/usr/local/lib/node_modules/firebase-tools/node_modules/winston-transport/node_modules/readable-stream/lib/_stream_writable.js:390:139)
[error] 
[error] Error: An unexpected error has occurred.
[debug] [2026-07-14T16:44:27.503Z] Error: write EIO
    at afterWriteDispatched (node:internal/stream_base_commons:159:15)
    at writeGeneric (node:internal/stream_base_commons:150:3)
    at Socket._writeGeneric (node:net:966:11)
    at Socket._write (node:net:978:8)
    at writeOrBuffer (node:internal/streams/writable:572:12)
    at _write (node:internal/streams/writable:501:10)
    at Writable.write (node:internal/streams/writable:510:10)
    at Console.log (/usr/local/lib/node_modules/firebase-tools/node_modules/winston/lib/winston/transports/console.js:87:23)
    at Console._write (/usr/local/lib/node_modules/firebase-tools/node_modules/winston-transport/modern.js:103:17)
    at doWrite (/usr/local/lib/node_modules/firebase-tools/node_modules/winston-transport/node_modules/readable-stream/lib/_stream_writable.js:390:139)
[error] 
[error] Error: An unexpected error has occurred.
[debug] [2026-07-14T16:44:27.504Z] Error: write EIO
    at afterWriteDispatched (node:internal/stream_base_commons:159:15)
    at writeGeneric (node:internal/stream_base_commons:150:3)
    at Socket._writeGeneric (node:net:966:11)
    at Socket._write (node:net:978:8)
    at writeOrBuffer (node:internal/streams/writable:572:12)
    at _write (node:internal/streams/writable:501:10)
    at Writable.write (node:internal/streams/writable:510:10)
    at Console.log (/usr/local/lib/node_modules/firebase-tools/node_modules/winston/lib/winston/transports/console.js:87:23)
    at Console._write (/usr/local/lib/node_modules/firebase-tools/node_modules/winston-transport/modern.js:103:17)
    at doWrite (/usr/local/lib/node_modules/firebase-tools/node_modules/winston-transport/node_modules/readable-stream/lib/_stream_writable.js:390:139)
[error] 
[debug] [2026-07-16T18:49:29.987Z] ----------------------------------------------------------------------
[debug] [2026-07-16T18:49:30.007Z] Command:       /usr/bin/node-22 /usr/local/bin/firebase emulators:start
[debug] [2026-07-16T18:49:30.008Z] CLI Version:   15.18.0
[debug] [2026-07-16T18:49:30.008Z] Platform:      linux
[debug] [2026-07-16T18:49:30.009Z] Node Version:  v22.22.2
[debug] [2026-07-16T18:49:30.009Z] Time:          Thu Jul 16 2026 23:49:30 GMT+0500 (Pakistan Standard Time)
[debug] [2026-07-16T18:49:30.009Z] ----------------------------------------------------------------------
[debug] 
[debug] [2026-07-16T18:49:30.013Z] >>> [apiv2][query] GET https://firebase-public.firebaseio.com/cli.json [none]
[debug] [2026-07-16T18:49:32.376Z] Object "" in "firebase.json" has unknown property: {"additionalProperty":"flutter"}
[debug] [2026-07-16T18:49:32.384Z] > command requires scopes: ["email","openid","https://www.googleapis.com/auth/cloudplatformprojects.readonly","https://www.googleapis.com/auth/firebase","https://www.googleapis.com/auth/cloud-platform"]
[debug] [2026-07-16T18:49:32.385Z] > authorizing via signed-in user (hammadawan9255@gmail.com)
[debug] [2026-07-16T18:49:32.477Z] java version "26" 2026-03-17
Java(TM) SE Runtime Environment (build 26+35-2893)

[debug] [2026-07-16T18:49:32.478Z] Java HotSpot(TM) 64-Bit Server VM (build 26+35-2893, mixed mode, sharing)

[debug] [2026-07-16T18:49:32.486Z] Parsed Java major version: 26
[info] i  emulators: Starting emulators: auth, firestore, database {"metadata":{"emulator":{"name":"hub"},"message":"Starting emulators: auth, firestore, database"}}
[debug] [2026-07-16T18:49:32.499Z] [logging] Logging Emulator only supports listening on one address (127.0.0.1). Not listening on ::1
[debug] [2026-07-16T18:49:32.499Z] [auth] Authentication Emulator only supports listening on one address (127.0.0.1). Not listening on ::1
[debug] [2026-07-16T18:49:32.499Z] [firestore] Firestore Emulator only supports listening on one address (127.0.0.1). Not listening on ::1
[debug] [2026-07-16T18:49:32.499Z] [firestore.websocket] websocket server for firestore only supports listening on one address (127.0.0.1). Not listening on ::1
[debug] [2026-07-16T18:49:32.499Z] [database] Database Emulator only supports listening on one address (127.0.0.1). Not listening on ::1
[debug] [2026-07-16T18:49:32.500Z] assigned listening specs for emulators {"user":{"hub":[{"address":"127.0.0.1","family":"IPv4","port":4400},{"address":"::1","family":"IPv6","port":4400}],"ui":[{"address":"127.0.0.1","family":"IPv4","port":4000},{"address":"::1","family":"IPv6","port":4000}],"logging":[{"address":"127.0.0.1","family":"IPv4","port":4500}],"auth":[{"address":"127.0.0.1","family":"IPv4","port":9099}],"firestore":[{"address":"127.0.0.1","family":"IPv4","port":8080}],"firestore.websocket":[{"address":"127.0.0.1","family":"IPv4","port":9150}],"database":[{"address":"127.0.0.1","family":"IPv4","port":9000}]},"metadata":{"message":"assigned listening specs for emulators"}}
[debug] [2026-07-16T18:49:32.513Z] Write emulator hub locator at /tmp/hub-phrasal-alpha-407309.json
[warn] ⚠  firestore: Cloud Firestore Emulator does not support multiple databases yet. {"metadata":{"emulator":{"name":"firestore"},"message":"Cloud Firestore Emulator does not support multiple databases yet."}}
[warn] ⚠  firestore: Did not find a Cloud Firestore rules file specified in a firebase.json config file. {"metadata":{"emulator":{"name":"firestore"},"message":"Did not find a Cloud Firestore rules file specified in a firebase.json config file."}}
[warn] ⚠  firestore: The emulator will default to allowing all reads and writes. Learn more about this option: https://firebase.google.com/docs/emulator-suite/install_and_configure#security_rules_configuration. {"metadata":{"emulator":{"name":"firestore"},"message":"The emulator will default to allowing all reads and writes. Learn more about this option: https://firebase.google.com/docs/emulator-suite/install_and_configure#security_rules_configuration."}}
[debug] [2026-07-16T18:49:32.530Z] Ignoring unsupported arg: auto_download {"metadata":{"emulator":{"name":"firestore"},"message":"Ignoring unsupported arg: auto_download"}}
[debug] [2026-07-16T18:49:32.530Z] Ignoring unsupported arg: single_project_mode_error {"metadata":{"emulator":{"name":"firestore"},"message":"Ignoring unsupported arg: single_project_mode_error"}}
[debug] [2026-07-16T18:49:32.530Z] Starting Firestore Emulator with command {"binary":"java","args":["-Dgoogle.cloud_firestore.debug_log_level=FINE","-Duser.language=en","-jar","/home/hammad/.cache/firebase/emulators/cloud-firestore-emulator-v1.21.0.jar","--host","127.0.0.1","--port",8080,"--websocket_port",9150,"--database-edition","standard","--project_id","phrasal-alpha-407309","--single_project_mode",true],"optionalArgs":["port","webchannel_port","host","rules","websocket_port","database-edition","functions_emulator","seed_from_export","project_id","single_project_mode"],"joinArgs":false,"shell":false,"port":8080} {"metadata":{"emulator":{"name":"firestore"},"message":"Starting Firestore Emulator with command {\"binary\":\"java\",\"args\":[\"-Dgoogle.cloud_firestore.debug_log_level=FINE\",\"-Duser.language=en\",\"-jar\",\"/home/hammad/.cache/firebase/emulators/cloud-firestore-emulator-v1.21.0.jar\",\"--host\",\"127.0.0.1\",\"--port\",8080,\"--websocket_port\",9150,\"--database-edition\",\"standard\",\"--project_id\",\"phrasal-alpha-407309\",\"--single_project_mode\",true],\"optionalArgs\":[\"port\",\"webchannel_port\",\"host\",\"rules\",\"websocket_port\",\"database-edition\",\"functions_emulator\",\"seed_from_export\",\"project_id\",\"single_project_mode\"],\"joinArgs\":false,\"shell\":false,\"port\":8080}"}}
[info] i  firestore: Firestore Emulator logging to firestore-debug.log {"metadata":{"emulator":{"name":"firestore"},"message":"Firestore Emulator logging to \u001b[1mfirestore-debug.log\u001b[22m"}}
[debug] [2026-07-16T18:49:33.114Z] WARNING: A terminally deprecated method in sun.misc.Unsafe has been called
WARNING: sun.misc.Unsafe::allocateMemory has been called by io.netty.util.internal.PlatformDependent0$2 (file:/home/hammad/.cache/firebase/emulators/cloud-firestore-emulator-v1.21.0.jar)
WARNING: Please consider reporting this to the maintainers of class io.netty.util.internal.PlatformDependent0$2
WARNING: sun.misc.Unsafe::allocateMemory will be removed in a future release
 {"metadata":{"emulator":{"name":"firestore"},"message":"WARNING: A terminally deprecated method in sun.misc.Unsafe has been called\nWARNING: sun.misc.Unsafe::allocateMemory has been called by io.netty.util.internal.PlatformDependent0$2 (file:/home/hammad/.cache/firebase/emulators/cloud-firestore-emulator-v1.21.0.jar)\nWARNING: Please consider reporting this to the maintainers of class io.netty.util.internal.PlatformDependent0$2\nWARNING: sun.misc.Unsafe::allocateMemory will be removed in a future release\n"}}
[debug] [2026-07-16T18:49:33.195Z] <<< [apiv2][status] GET https://firebase-public.firebaseio.com/cli.json 200
[debug] [2026-07-16T18:49:33.196Z] <<< [apiv2][body] GET https://firebase-public.firebaseio.com/cli.json {"cloudBuildErrorAfter":1594252800000,"cloudBuildWarnAfter":1590019200000,"defaultNode10After":1594252800000,"minVersion":"3.0.5","node8DeploysDisabledAfter":1613390400000,"node8RuntimeDisabledAfter":1615809600000,"node8WarnAfter":1600128000000}
[debug] [2026-07-16T18:49:33.683Z] WARNING: A restricted method in  {"metadata":{"emulator":{"name":"firestore"},"message":"WARNING: A restricted method in "}}
[debug] [2026-07-16T18:49:33.684Z] java.lang.System has been called
WARNING: java.lang.System::loadLibrary has been called by io.netty.util.internal.NativeLibraryUtil in an unnamed module (file:/home/hammad/.cache/firebase/emulators/cloud-firestore-emulator-v1.21.0.jar)
WARNING: Use --enable-native-access=ALL-UNNAMED to avoid a warning for callers in this module
WARNING: Restricted methods will be blocked in a future release unless native access is enabled

 {"metadata":{"emulator":{"name":"firestore"},"message":"java.lang.System has been called\nWARNING: java.lang.System::loadLibrary has been called by io.netty.util.internal.NativeLibraryUtil in an unnamed module (file:/home/hammad/.cache/firebase/emulators/cloud-firestore-emulator-v1.21.0.jar)\nWARNING: Use --enable-native-access=ALL-UNNAMED to avoid a warning for callers in this module\nWARNING: Restricted methods will be blocked in a future release unless native access is enabled\n\n"}}
[debug] [2026-07-16T18:49:34.451Z] Jul 16, 2026 11:49:34 PM com.google.cloud.datastore.emulator.firestore.websocket.WebSocketServer start
INFO: Started WebSocket server on ws://127.0.0.1:9150
 {"metadata":{"emulator":{"name":"firestore"},"message":"Jul 16, 2026 11:49:34 PM com.google.cloud.datastore.emulator.firestore.websocket.WebSocketServer start\nINFO: Started WebSocket server on ws://127.0.0.1:9150\n"}}
[debug] [2026-07-16T18:49:34.475Z] 
API endpoint: http://127.0.0.1:8080 {"metadata":{"emulator":{"name":"firestore"},"message":"\nAPI endpoint: http://127.0.0.1:8080"}}
[debug] [2026-07-16T18:49:34.476Z] 
Database Edition: STANDARD
Database Mode: CLOUD_FIRESTORE

If you are using a library that supports the FIRESTORE_EMULATOR_HOST environment variable, run:

   export FIRESTORE_EMULATOR_HOST=127.0.0.1:8080

If you are running a Firestore in Datastore Mode project, run:

   export DATASTORE_EMULATOR_HOST=127.0.0.1:8080

Note: Support for Datastore Mode is in preview. If you encounter any bugs please file at https://github.com/firebase/firebase-tools/issues.
Dev App Server is now running.

 {"metadata":{"emulator":{"name":"firestore"},"message":"\nDatabase Edition: STANDARD\nDatabase Mode: CLOUD_FIRESTORE\n\nIf you are using a library that supports the FIRESTORE_EMULATOR_HOST environment variable, run:\n\n   export FIRESTORE_EMULATOR_HOST=127.0.0.1:8080\n\nIf you are running a Firestore in Datastore Mode project, run:\n\n   export DATASTORE_EMULATOR_HOST=127.0.0.1:8080\n\nNote: Support for Datastore Mode is in preview. If you encounter any bugs please file at https://github.com/firebase/firebase-tools/issues.\nDev App Server is now running.\n\n"}}
[info] ✔  firestore: Firestore Emulator was started in standard edition. {"metadata":{"emulator":{"name":"firestore"},"message":"Firestore Emulator was started in standard edition."}}
[info] ✔  firestore: Firestore Emulator UI websocket is running on 9150. {"metadata":{"emulator":{"name":"firestore"},"message":"Firestore Emulator UI websocket is running on 9150."}}
[debug] [2026-07-16T18:49:34.574Z] Checked if tokens are valid: false, expires at: 1784013698682
[debug] [2026-07-16T18:49:34.576Z] Checked if tokens are valid: false, expires at: 1784013698682
[debug] [2026-07-16T18:49:34.578Z] > refreshing access token with scopes: []
[debug] [2026-07-16T18:49:34.588Z] >>> [apiv2][query] POST https://www.googleapis.com/oauth2/v3/token [none]
[debug] [2026-07-16T18:49:34.588Z] >>> [apiv2][body] POST https://www.googleapis.com/oauth2/v3/token [omitted]
[debug] [2026-07-16T18:49:35.031Z] <<< [apiv2][status] POST https://www.googleapis.com/oauth2/v3/token 200
[debug] [2026-07-16T18:49:35.031Z] <<< [apiv2][body] POST https://www.googleapis.com/oauth2/v3/token [omitted]
[debug] [2026-07-16T18:49:35.041Z] >>> [apiv2][query] GET https://firebase.googleapis.com/v1beta1/projects/phrasal-alpha-407309 [none]
[debug] [2026-07-16T18:49:35.701Z] <<< [apiv2][status] GET https://firebase.googleapis.com/v1beta1/projects/phrasal-alpha-407309 200
[debug] [2026-07-16T18:49:35.701Z] <<< [apiv2][body] GET https://firebase.googleapis.com/v1beta1/projects/phrasal-alpha-407309 {"projectId":"phrasal-alpha-407309","projectNumber":"671801788510","displayName":"pickkaru","name":"projects/phrasal-alpha-407309","resources":{"hostingSite":"phrasal-alpha-407309"},"state":"ACTIVE","labels":{"firebase":"enabled"},"etag":"1_f72c0b33-1de2-426c-bc77-706381eeb60d"}
[debug] [2026-07-16T18:49:35.702Z] database rules config:  []
[warn] ⚠  database: Did not find a Realtime Database rules file specified in a firebase.json config file. The emulator will default to allowing all reads and writes. Learn more about this option: https://firebase.google.com/docs/emulator-suite/install_and_configure#security_rules_configuration. {"metadata":{"emulator":{"name":"database"},"message":"Did not find a Realtime Database rules file specified in a firebase.json config file. The emulator will default to allowing all reads and writes. Learn more about this option: https://firebase.google.com/docs/emulator-suite/install_and_configure#security_rules_configuration."}}
[debug] [2026-07-16T18:49:35.705Z] Ignoring unsupported arg: projectId {"metadata":{"emulator":{"name":"database"},"message":"Ignoring unsupported arg: projectId"}}
[debug] [2026-07-16T18:49:35.706Z] Ignoring unsupported arg: auto_download {"metadata":{"emulator":{"name":"database"},"message":"Ignoring unsupported arg: auto_download"}}
[debug] [2026-07-16T18:49:35.706Z] Ignoring unsupported arg: rules {"metadata":{"emulator":{"name":"database"},"message":"Ignoring unsupported arg: rules"}}
[debug] [2026-07-16T18:49:35.706Z] Starting Database Emulator with command {"binary":"java","args":["-Duser.language=en","-jar","/home/hammad/.cache/firebase/emulators/firebase-database-emulator-v4.11.2.jar","--host","127.0.0.1","--port",9000,"--single_project_mode","Warning"],"optionalArgs":["port","host","functions_emulator_port","functions_emulator_host","single_project_mode"],"joinArgs":false,"shell":false,"port":9000} {"metadata":{"emulator":{"name":"database"},"message":"Starting Database Emulator with command {\"binary\":\"java\",\"args\":[\"-Duser.language=en\",\"-jar\",\"/home/hammad/.cache/firebase/emulators/firebase-database-emulator-v4.11.2.jar\",\"--host\",\"127.0.0.1\",\"--port\",9000,\"--single_project_mode\",\"Warning\"],\"optionalArgs\":[\"port\",\"host\",\"functions_emulator_port\",\"functions_emulator_host\",\"single_project_mode\"],\"joinArgs\":false,\"shell\":false,\"port\":9000}"}}
[info] i  database: Database Emulator logging to database-debug.log {"metadata":{"emulator":{"name":"database"},"message":"Database Emulator logging to \u001b[1mdatabase-debug.log\u001b[22m"}}
[debug] [2026-07-16T18:49:36.508Z] WARNING: A restricted method in java.lang.System has been called
WARNING: java.lang.System::load {"metadata":{"emulator":{"name":"database"},"message":"WARNING: A restricted method in java.lang.System has been called\nWARNING: java.lang.System::load"}}
[debug] [2026-07-16T18:49:36.509Z]  has been called by io.netty.util.internal.NativeLibraryUtil in an unnamed module (file:/home/hammad/.cache/firebase/emulators/firebase-database-emulator-v4.11.2.jar)
WARNING: Use --enable-native-access=ALL-UNNAMED to avoid a warning for callers in this module
WARNING: Restricted methods will be blocked in a future release unless native access is enabled

 {"metadata":{"emulator":{"name":"database"},"message":" has been called by io.netty.util.internal.NativeLibraryUtil in an unnamed module (file:/home/hammad/.cache/firebase/emulators/firebase-database-emulator-v4.11.2.jar)\nWARNING: Use --enable-native-access=ALL-UNNAMED to avoid a warning for callers in this module\nWARNING: Restricted methods will be blocked in a future release unless native access is enabled\n\n"}}
[debug] [2026-07-16T18:49:37.104Z] WARNING: A terminally deprecated method in sun.misc.Unsafe has been called
WARNING: sun.misc.Unsafe::objectFieldOffset has been called by akka.util.Unsafe (file:/home/hammad/.cache/firebase/emulators/firebase-database-emulator-v4.11.2.jar)
WARNING: Please consider reporting this to the maintainers of class akka.util.Unsafe
WARNING: sun.misc.Unsafe::objectFieldOffset will be removed in a future release
 {"metadata":{"emulator":{"name":"database"},"message":"WARNING: A terminally deprecated method in sun.misc.Unsafe has been called\nWARNING: sun.misc.Unsafe::objectFieldOffset has been called by akka.util.Unsafe (file:/home/hammad/.cache/firebase/emulators/firebase-database-emulator-v4.11.2.jar)\nWARNING: Please consider reporting this to the maintainers of class akka.util.Unsafe\nWARNING: sun.misc.Unsafe::objectFieldOffset will be removed in a future release\n"}}
[debug] [2026-07-16T18:49:37.356Z] 23:49:37.354 [NamespaceSystem-akka.actor.default-dispatcher-5] INFO akka.event.slf4j.Slf4jLogger - Slf4jLogger started
 {"metadata":{"emulator":{"name":"database"},"message":"23:49:37.354 [NamespaceSystem-akka.actor.default-dispatcher-5] INFO akka.event.slf4j.Slf4jLogger - Slf4jLogger started\n"}}
[debug] [2026-07-16T18:49:37.558Z] 23:49:37.557 [main] INFO com.firebase.server.forge.App$ - Listening at 127.0.0.1:9000
 {"metadata":{"emulator":{"name":"database"},"message":"23:49:37.557 [main] INFO com.firebase.server.forge.App$ - Listening at 127.0.0.1:9000\n"}}
[debug] [2026-07-16T18:49:48.969Z] Could not find VSCode notification endpoint: FetchError: request to http://localhost:40001/vscode/notify failed, reason: . If you are not running the Firebase SQL Connect VSCode extension, this is expected and not an issue.
[info] 
┌─────────────────────────────────────────────────────────────┐
│ ✔  All emulators ready! It is now safe to connect your app. │
│ i  View Emulator UI at http://127.0.0.1:4000/               │
└─────────────────────────────────────────────────────────────┘

┌────────────────┬────────────────┬─────────────────────────────────┐
│ Emulator       │ Host:Port      │ View in Emulator UI             │
├────────────────┼────────────────┼─────────────────────────────────┤
│ Authentication │ 127.0.0.1:9099 │ http://127.0.0.1:4000/auth      │
├────────────────┼────────────────┼─────────────────────────────────┤
│ Firestore      │ 127.0.0.1:8080 │ http://127.0.0.1:4000/firestore │
├────────────────┼────────────────┼─────────────────────────────────┤
│ Database       │ 127.0.0.1:9000 │ http://127.0.0.1:4000/database  │
└────────────────┴────────────────┴─────────────────────────────────┘
  Emulator Hub host: 127.0.0.1 port: 4400
  Other reserved ports: 4500, 9150

Issues? Report them at https://github.com/firebase/firebase-tools/issues and attach the *-debug.log files.
 
[debug] [2026-07-16T18:50:14.216Z] Jul 16, 2026 11:50:14 PM io.gapi.emulators.netty.HttpVersionRoutingHandler channelRead
INFO: Detected non-HTTP/2 connection.
 {"metadata":{"emulator":{"name":"firestore"},"message":"Jul 16, 2026 11:50:14 PM io.gapi.emulators.netty.HttpVersionRoutingHandler channelRead\nINFO: Detected non-HTTP/2 connection.\n"}}
[debug] [2026-07-16T18:50:14.437Z] Jul 16, 2026 11:50:14 PM io.grpc.netty.TcpMetrics loadEpollInfo
INFO: Epoll available during static init of TcpMetrics:false
 {"metadata":{"emulator":{"name":"firestore"},"message":"Jul 16, 2026 11:50:14 PM io.grpc.netty.TcpMetrics loadEpollInfo\nINFO: Epoll available during static init of TcpMetrics:false\n"}}
[debug] [2026-07-16T18:50:14.454Z] Jul 16, 2026 11:50:14 PM io.gapi.emulators.netty.HttpVersionRoutingHandler channelRead
INFO: Detected HTTP/2 connection.
 {"metadata":{"emulator":{"name":"firestore"},"message":"Jul 16, 2026 11:50:14 PM io.gapi.emulators.netty.HttpVersionRoutingHandler channelRead\nINFO: Detected HTTP/2 connection.\n"}}
[debug] [2026-07-16T18:50:15.853Z] Jul 16, 2026 11:50:15 PM io.gapi.emulators.netty.HttpVersionRoutingHandler channelRead
INFO: Detected HTTP/2 connection.
 {"metadata":{"emulator":{"name":"firestore"},"message":"Jul 16, 2026 11:50:15 PM io.gapi.emulators.netty.HttpVersionRoutingHandler channelRead\nINFO: Detected HTTP/2 connection.\n"}}
[debug] [2026-07-16T18:59:35.598Z] Jul 16, 2026 11:59:35 PM io.gapi.emulators.netty.HttpVersionRoutingHandler channelRead
INFO: Detected non-HTTP/2 connection.
 {"metadata":{"emulator":{"name":"firestore"},"message":"Jul 16, 2026 11:59:35 PM io.gapi.emulators.netty.HttpVersionRoutingHandler channelRead\nINFO: Detected non-HTTP/2 connection.\n"}}
[debug] [2026-07-16T18:59:36.876Z] Jul 16, 2026 11:59:36 PM io.gapi.emulators.netty.HttpVersionRoutingHandler channelRead
INFO: Detected HTTP/2 connection.
 {"metadata":{"emulator":{"name":"firestore"},"message":"Jul 16, 2026 11:59:36 PM io.gapi.emulators.netty.HttpVersionRoutingHandler channelRead\nINFO: Detected HTTP/2 connection.\n"}}
[debug] [2026-07-16T19:02:27.579Z] Received signal SIGHUP 1
[info]  
[info] i  emulators: Received SIGHUP for the first time. Starting a clean shutdown. 
[info] i  emulators: Please wait for a clean shutdown or send the SIGHUP signal again to stop right now. 
[info] i  emulators: Shutting down emulators. {"metadata":{"emulator":{"name":"hub"},"message":"Shutting down emulators."}}
[info] i  ui: Stopping Emulator UI {"metadata":{"emulator":{"name":"ui"},"message":"Stopping Emulator UI"}}
[info] i  database: Stopping Database Emulator {"metadata":{"emulator":{"name":"database"},"message":"Stopping Database Emulator"}}
[debug] [2026-07-16T19:02:27.598Z] Ignoring signal SIGHUP due to short delay of 19ms
[debug] [2026-07-16T19:02:27.620Z] 00:02:27.619 [Thread-0] INFO com.firebase.server.forge.App$ - Attempting graceful shutdown.
 {"metadata":{"emulator":{"name":"database"},"message":"00:02:27.619 [Thread-0] INFO com.firebase.server.forge.App$ - Attempting graceful shutdown.\n"}}
[debug] [2026-07-16T19:02:27.642Z] 00:02:27.640 [Thread-0] INFO com.firebase.server.forge.App$ - Graceful shutdown complete.
 {"metadata":{"emulator":{"name":"database"},"message":"00:02:27.640 [Thread-0] INFO com.firebase.server.forge.App$ - Graceful shutdown complete.\n"}}
[info] i  firestore: Stopping Firestore Emulator {"metadata":{"emulator":{"name":"firestore"},"message":"Stopping Firestore Emulator"}}
[debug] [2026-07-16T19:02:27.990Z] Error: write EIO
    at afterWriteDispatched (node:internal/stream_base_commons:159:15)
    at writeGeneric (node:internal/stream_base_commons:150:3)
    at Socket._writeGeneric (node:net:966:11)
    at Socket._write (node:net:978:8)
    at writeOrBuffer (node:internal/streams/writable:572:12)
    at _write (node:internal/streams/writable:501:10)
    at Writable.write (node:internal/streams/writable:510:10)
    at Console.log (/usr/local/lib/node_modules/firebase-tools/node_modules/winston/lib/winston/transports/console.js:87:23)
    at Console._write (/usr/local/lib/node_modules/firebase-tools/node_modules/winston-transport/modern.js:103:17)
    at doWrite (/usr/local/lib/node_modules/firebase-tools/node_modules/winston-transport/node_modules/readable-stream/lib/_stream_writable.js:390:139)
[error] 
[error] Error: An unexpected error has occurred.
[debug] [2026-07-16T19:02:27.994Z] Error: write EIO
    at afterWriteDispatched (node:internal/stream_base_commons:159:15)
    at writeGeneric (node:internal/stream_base_commons:150:3)
    at Socket._writeGeneric (node:net:966:11)
    at Socket._write (node:net:978:8)
    at writeOrBuffer (node:internal/streams/writable:572:12)
    at _write (node:internal/streams/writable:501:10)
    at Writable.write (node:internal/streams/writable:510:10)
    at Console.log (/usr/local/lib/node_modules/firebase-tools/node_modules/winston/lib/winston/transports/console.js:87:23)
    at Console._write (/usr/local/lib/node_modules/firebase-tools/node_modules/winston-transport/modern.js:103:17)
    at doWrite (/usr/local/lib/node_modules/firebase-tools/node_modules/winston-transport/node_modules/readable-stream/lib/_stream_writable.js:390:139)
[error] 
[error] Error: An unexpected error has occurred.
[debug] [2026-07-16T19:02:27.995Z] Error: write EIO
    at afterWriteDispatched (node:internal/stream_base_commons:159:15)
    at writeGeneric (node:internal/stream_base_commons:150:3)
    at Socket._writeGeneric (node:net:966:11)
    at Socket._write (node:net:978:8)
    at writeOrBuffer (node:internal/streams/writable:572:12)
    at _write (node:internal/streams/writable:501:10)
    at Writable.write (node:internal/streams/writable:510:10)
    at Console.log (/usr/local/lib/node_modules/firebase-tools/node_modules/winston/lib/winston/transports/console.js:87:23)
    at Console._write (/usr/local/lib/node_modules/firebase-tools/node_modules/winston-transport/modern.js:103:17)
    at doWrite (/usr/local/lib/node_modules/firebase-tools/node_modules/winston-transport/node_modules/readable-stream/lib/_stream_writable.js:390:139)
[error] 
[error] Error: An unexpected error has occurred.
[debug] [2026-07-16T19:02:27.996Z] Error: write EIO
    at afterWriteDispatched (node:internal/stream_base_commons:159:15)
    at writeGeneric (node:internal/stream_base_commons:150:3)
    at Socket._writeGeneric (node:net:966:11)
    at Socket._write (node:net:978:8)
    at writeOrBuffer (node:internal/streams/writable:572:12)
    at _write (node:internal/streams/writable:501:10)
    at Writable.write (node:internal/streams/writable:510:10)
    at Console.log (/usr/local/lib/node_modules/firebase-tools/node_modules/winston/lib/winston/transports/console.js:87:23)
    at Console._write (/usr/local/lib/node_modules/firebase-tools/node_modules/winston-transport/modern.js:103:17)
    at doWrite (/usr/local/lib/node_modules/firebase-tools/node_modules/winston-transport/node_modules/readable-stream/lib/_stream_writable.js:390:139)
[error] 
[error] Error: An unexpected error has occurred.
[debug] [2026-07-16T19:02:27.997Z] Error: write EIO
    at afterWriteDispatched (node:internal/stream_base_commons:159:15)
    at writeGeneric (node:internal/stream_base_commons:150:3)
    at Socket._writeGeneric (node:net:966:11)
    at Socket._write (node:net:978:8)
    at writeOrBuffer (node:internal/streams/writable:572:12)
    at _write (node:internal/streams/writable:501:10)
    at Writable.write (node:internal/streams/writable:510:10)
    at Console.log (/usr/local/lib/node_modules/firebase-tools/node_modules/winston/lib/winston/transports/console.js:87:23)
    at Console._write (/usr/local/lib/node_modules/firebase-tools/node_modules/winston-transport/modern.js:103:17)
    at doWrite (/usr/local/lib/node_modules/firebase-tools/node_modules/winston-transport/node_modules/readable-stream/lib/_stream_writable.js:390:139)
[error] 
[error] Error: An unexpected error has occurred.
[debug] [2026-07-16T19:02:27.999Z] Error: write EIO
    at afterWriteDispatched (node:internal/stream_base_commons:159:15)
    at writeGeneric (node:internal/stream_base_commons:150:3)
    at Socket._writeGeneric (node:net:966:11)
    at Socket._write (node:net:978:8)
    at writeOrBuffer (node:internal/streams/writable:572:12)
    at _write (node:internal/streams/writable:501:10)
    at Writable.write (node:internal/streams/writable:510:10)
    at Console.log (/usr/local/lib/node_modules/firebase-tools/node_modules/winston/lib/winston/transports/console.js:87:23)
    at Console._write (/usr/local/lib/node_modules/firebase-tools/node_modules/winston-transport/modern.js:103:17)
    at doWrite (/usr/local/lib/node_modules/firebase-tools/node_modules/winston-transport/node_modules/readable-stream/lib/_stream_writable.js:390:139)
[error] 
[error] Error: An unexpected error has occurred.
[debug] [2026-07-16T19:02:28.000Z] Error: write EIO
    at afterWriteDispatched (node:internal/stream_base_commons:159:15)
    at writeGeneric (node:internal/stream_base_commons:150:3)
    at Socket._writeGeneric (node:net:966:11)
    at Socket._write (node:net:978:8)
    at writeOrBuffer (node:internal/streams/writable:572:12)
    at _write (node:internal/streams/writable:501:10)
    at Writable.write (node:internal/streams/writable:510:10)
    at Console.log (/usr/local/lib/node_modules/firebase-tools/node_modules/winston/lib/winston/transports/console.js:87:23)
    at Console._write (/usr/local/lib/node_modules/firebase-tools/node_modules/winston-transport/modern.js:103:17)
    at doWrite (/usr/local/lib/node_modules/firebase-tools/node_modules/winston-transport/node_modules/readable-stream/lib/_stream_writable.js:390:139)
[error] 
[error] Error: An unexpected error has occurred.
[debug] [2026-07-16T19:02:28.002Z] Error: write EIO
    at afterWriteDispatched (node:internal/stream_base_commons:159:15)
    at writeGeneric (node:internal/stream_base_commons:150:3)
    at Socket._writeGeneric (node:net:966:11)
    at Socket._write (node:net:978:8)
    at writeOrBuffer (node:internal/streams/writable:572:12)
    at _write (node:internal/streams/writable:501:10)
    at Writable.write (node:internal/streams/writable:510:10)
    at Console.log (/usr/local/lib/node_modules/firebase-tools/node_modules/winston/lib/winston/transports/console.js:87:23)
    at Console._write (/usr/local/lib/node_modules/firebase-tools/node_modules/winston-transport/modern.js:103:17)
    at doWrite (/usr/local/lib/node_modules/firebase-tools/node_modules/winston-transport/node_modules/readable-stream/lib/_stream_writable.js:390:139)
[error] 
[error] Error: An unexpected error has occurred.
[debug] [2026-07-16T19:02:28.003Z] Error: write EIO
    at afterWriteDispatched (node:internal/stream_base_commons:159:15)
    at writeGeneric (node:internal/stream_base_commons:150:3)
    at Socket._writeGeneric (node:net:966:11)
    at Socket._write (node:net:978:8)
    at writeOrBuffer (node:internal/streams/writable:572:12)
    at _write (node:internal/streams/writable:501:10)
    at Writable.write (node:internal/streams/writable:510:10)
    at Console.log (/usr/local/lib/node_modules/firebase-tools/node_modules/winston/lib/winston/transports/console.js:87:23)
    at Console._write (/usr/local/lib/node_modules/firebase-tools/node_modules/winston-transport/modern.js:103:17)
    at doWrite (/usr/local/lib/node_modules/firebase-tools/node_modules/winston-transport/node_modules/readable-stream/lib/_stream_writable.js:390:139)
[error] 
[error] Error: An unexpected error has occurred.
[debug] [2026-07-16T19:02:28.005Z] Error: write EIO
    at afterWriteDispatched (node:internal/stream_base_commons:159:15)
    at writeGeneric (node:internal/stream_base_commons:150:3)
    at Socket._writeGeneric (node:net:966:11)
    at Socket._write (node:net:978:8)
    at writeOrBuffer (node:internal/streams/writable:572:12)
    at _write (node:internal/streams/writable:501:10)
    at Writable.write (node:internal/streams/writable:510:10)
    at Console.log (/usr/local/lib/node_modules/firebase-tools/node_modules/winston/lib/winston/transports/console.js:87:23)
    at Console._write (/usr/local/lib/node_modules/firebase-tools/node_modules/winston-transport/modern.js:103:17)
    at doWrite (/usr/local/lib/node_modules/firebase-tools/node_modules/winston-transport/node_modules/readable-stream/lib/_stream_writable.js:390:139)
[error] 
[error] Error: An unexpected error has occurred.
[debug] [2026-07-16T19:02:28.009Z] Error: write EIO
    at afterWriteDispatched (node:internal/stream_base_commons:159:15)
    at writeGeneric (node:internal/stream_base_commons:150:3)
    at Socket._writeGeneric (node:net:966:11)
    at Socket._write (node:net:978:8)
    at writeOrBuffer (node:internal/streams/writable:572:12)
    at _write (node:internal/streams/writable:501:10)
    at Writable.write (node:internal/streams/writable:510:10)
    at Console.log (/usr/local/lib/node_modules/firebase-tools/node_modules/winston/lib/winston/transports/console.js:87:23)
    at Console._write (/usr/local/lib/node_modules/firebase-tools/node_modules/winston-transport/modern.js:103:17)
    at doWrite (/usr/local/lib/node_modules/firebase-tools/node_modules/winston-transport/node_modules/readable-stream/lib/_stream_writable.js:390:139)
[error] 
[error] Error: An unexpected error has occurred.
[debug] [2026-07-16T19:02:28.010Z] Error: write EIO
    at afterWriteDispatched (node:internal/stream_base_commons:159:15)
    at writeGeneric (node:internal/stream_base_commons:150:3)
    at Socket._writeGeneric (node:net:966:11)
    at Socket._write (node:net:978:8)
    at writeOrBuffer (node:internal/streams/writable:572:12)
    at _write (node:internal/streams/writable:501:10)
    at Writable.write (node:internal/streams/writable:510:10)
    at Console.log (/usr/local/lib/node_modules/firebase-tools/node_modules/winston/lib/winston/transports/console.js:87:23)
    at Console._write (/usr/local/lib/node_modules/firebase-tools/node_modules/winston-transport/modern.js:103:17)
    at doWrite (/usr/local/lib/node_modules/firebase-tools/node_modules/winston-transport/node_modules/readable-stream/lib/_stream_writable.js:390:139)
[error] 
[error] Error: An unexpected error has occurred.
[debug] [2026-07-16T19:02:28.011Z] Error: write EIO
    at afterWriteDispatched (node:internal/stream_base_commons:159:15)
    at writeGeneric (node:internal/stream_base_commons:150:3)
    at Socket._writeGeneric (node:net:966:11)
    at Socket._write (node:net:978:8)
    at writeOrBuffer (node:internal/streams/writable:572:12)
    at _write (node:internal/streams/writable:501:10)
    at Writable.write (node:internal/streams/writable:510:10)
    at Console.log (/usr/local/lib/node_modules/firebase-tools/node_modules/winston/lib/winston/transports/console.js:87:23)
    at Console._write (/usr/local/lib/node_modules/firebase-tools/node_modules/winston-transport/modern.js:103:17)
    at doWrite (/usr/local/lib/node_modules/firebase-tools/node_modules/winston-transport/node_modules/readable-stream/lib/_stream_writable.js:390:139)
[error] 
[error] Error: An unexpected error has occurred.
[debug] [2026-07-16T19:02:28.013Z] Error: write EIO
    at afterWriteDispatched (node:internal/stream_base_commons:159:15)
    at writeGeneric (node:internal/stream_base_commons:150:3)
    at Socket._writeGeneric (node:net:966:11)
    at Socket._write (node:net:978:8)
    at writeOrBuffer (node:internal/streams/writable:572:12)
    at _write (node:internal/streams/writable:501:10)
    at Writable.write (node:internal/streams/writable:510:10)
    at Console.log (/usr/local/lib/node_modules/firebase-tools/node_modules/winston/lib/winston/transports/console.js:87:23)
    at Console._write (/usr/local/lib/node_modules/firebase-tools/node_modules/winston-transport/modern.js:103:17)
    at doWrite (/usr/local/lib/node_modules/firebase-tools/node_modules/winston-transport/node_modules/readable-stream/lib/_stream_writable.js:390:139)
[error] 
[error] Error: An unexpected error has occurred.
[debug] [2026-07-16T19:02:28.016Z] Error: write EIO
    at afterWriteDispatched (node:internal/stream_base_commons:159:15)
    at writeGeneric (node:internal/stream_base_commons:150:3)
    at Socket._writeGeneric (node:net:966:11)
    at Socket._write (node:net:978:8)
    at writeOrBuffer (node:internal/streams/writable:572:12)
    at _write (node:internal/streams/writable:501:10)
    at Writable.write (node:internal/streams/writable:510:10)
    at Console.log (/usr/local/lib/node_modules/firebase-tools/node_modules/winston/lib/winston/transports/console.js:87:23)
    at Console._write (/usr/local/lib/node_modules/firebase-tools/node_modules/winston-transport/modern.js:103:17)
    at doWrite (/usr/local/lib/node_modules/firebase-tools/node_modules/winston-transport/node_modules/readable-stream/lib/_stream_writable.js:390:139)
[error] 
[error] Error: An unexpected error has occurred.
[debug] [2026-07-16T19:02:28.018Z] Error: write EIO
    at afterWriteDispatched (node:internal/stream_base_commons:159:15)
    at writeGeneric (node:internal/stream_base_commons:150:3)
    at Socket._writeGeneric (node:net:966:11)
    at Socket._write (node:net:978:8)
    at writeOrBuffer (node:internal/streams/writable:572:12)
    at _write (node:internal/streams/writable:501:10)
    at Writable.write (node:internal/streams/writable:510:10)
    at Console.log (/usr/local/lib/node_modules/firebase-tools/node_modules/winston/lib/winston/transports/console.js:87:23)
    at Console._write (/usr/local/lib/node_modules/firebase-tools/node_modules/winston-transport/modern.js:103:17)
    at doWrite (/usr/local/lib/node_modules/firebase-tools/node_modules/winston-transport/node_modules/readable-stream/lib/_stream_writable.js:390:139)
[error] 
[error] Error: An unexpected error has occurred.
[debug] [2026-07-16T19:02:28.019Z] *** shutting down gRPC server since JVM is shutting down
*** server shut down
 {"metadata":{"emulator":{"name":"firestore"},"message":"*** shutting down gRPC server since JVM is shutting down\n*** server shut down\n"}}
[debug] [2026-07-16T19:02:28.019Z] Error: write EIO
    at afterWriteDispatched (node:internal/stream_base_commons:159:15)
    at writeGeneric (node:internal/stream_base_commons:150:3)
    at Socket._writeGeneric (node:net:966:11)
    at Socket._write (node:net:978:8)
    at writeOrBuffer (node:internal/streams/writable:572:12)
    at _write (node:internal/streams/writable:501:10)
    at Writable.write (node:internal/streams/writable:510:10)
    at Console.log (/usr/local/lib/node_modules/firebase-tools/node_modules/winston/lib/winston/transports/console.js:87:23)
    at Console._write (/usr/local/lib/node_modules/firebase-tools/node_modules/winston-transport/modern.js:103:17)
    at doWrite (/usr/local/lib/node_modules/firebase-tools/node_modules/winston-transport/node_modules/readable-stream/lib/_stream_writable.js:390:139)
[error] 
[error] Error: An unexpected error has occurred.
[debug] [2026-07-16T19:02:28.020Z] Error: write EIO
    at afterWriteDispatched (node:internal/stream_base_commons:159:15)
    at writeGeneric (node:internal/stream_base_commons:150:3)
    at Socket._writeGeneric (node:net:966:11)
    at Socket._write (node:net:978:8)
    at writeOrBuffer (node:internal/streams/writable:572:12)
    at _write (node:internal/streams/writable:501:10)
    at Writable.write (node:internal/streams/writable:510:10)
    at Console.log (/usr/local/lib/node_modules/firebase-tools/node_modules/winston/lib/winston/transports/console.js:87:23)
    at Console._write (/usr/local/lib/node_modules/firebase-tools/node_modules/winston-transport/modern.js:103:17)
    at doWrite (/usr/local/lib/node_modules/firebase-tools/node_modules/winston-transport/node_modules/readable-stream/lib/_stream_writable.js:390:139)
[error] 
[error] Error: An unexpected error has occurred.
[debug] [2026-07-16T19:02:28.021Z] Error: write EIO
    at afterWriteDispatched (node:internal/stream_base_commons:159:15)
    at writeGeneric (node:internal/stream_base_commons:150:3)
    at Socket._writeGeneric (node:net:966:11)
    at Socket._write (node:net:978:8)
    at writeOrBuffer (node:internal/streams/writable:572:12)
    at _write (node:internal/streams/writable:501:10)
    at Writable.write (node:internal/streams/writable:510:10)
    at Console.log (/usr/local/lib/node_modules/firebase-tools/node_modules/winston/lib/winston/transports/console.js:87:23)
    at Console._write (/usr/local/lib/node_modules/firebase-tools/node_modules/winston-transport/modern.js:103:17)
    at doWrite (/usr/local/lib/node_modules/firebase-tools/node_modules/winston-transport/node_modules/readable-stream/lib/_stream_writable.js:390:139)
[error] 
[error] Error: An unexpected error has occurred.
[debug] [2026-07-16T19:02:28.022Z] Error: write EIO
    at afterWriteDispatched (node:internal/stream_base_commons:159:15)
    at writeGeneric (node:internal/stream_base_commons:150:3)
    at Socket._writeGeneric (node:net:966:11)
    at Socket._write (node:net:978:8)
    at writeOrBuffer (node:internal/streams/writable:572:12)
    at _write (node:internal/streams/writable:501:10)
    at Writable.write (node:internal/streams/writable:510:10)
    at Console.log (/usr/local/lib/node_modules/firebase-tools/node_modules/winston/lib/winston/transports/console.js:87:23)
    at Console._write (/usr/local/lib/node_modules/firebase-tools/node_modules/winston-transport/modern.js:103:17)
    at doWrite (/usr/local/lib/node_modules/firebase-tools/node_modules/winston-transport/node_modules/readable-stream/lib/_stream_writable.js:390:139)
[error] 
[error] Error: An unexpected error has occurred.
[debug] [2026-07-16T19:02:28.023Z] Error: write EIO
    at afterWriteDispatched (node:internal/stream_base_commons:159:15)
    at writeGeneric (node:internal/stream_base_commons:150:3)
    at Socket._writeGeneric (node:net:966:11)
    at Socket._write (node:net:978:8)
    at writeOrBuffer (node:internal/streams/writable:572:12)
    at _write (node:internal/streams/writable:501:10)
    at Writable.write (node:internal/streams/writable:510:10)
    at Console.log (/usr/local/lib/node_modules/firebase-tools/node_modules/winston/lib/winston/transports/console.js:87:23)
    at Console._write (/usr/local/lib/node_modules/firebase-tools/node_modules/winston-transport/modern.js:103:17)
    at doWrite (/usr/local/lib/node_modules/firebase-tools/node_modules/winston-transport/node_modules/readable-stream/lib/_stream_writable.js:390:139)
[error] 
[error] Error: An unexpected error has occurred.
[debug] [2026-07-16T19:02:28.024Z] Error: write EIO
    at afterWriteDispatched (node:internal/stream_base_commons:159:15)
    at writeGeneric (node:internal/stream_base_commons:150:3)
    at Socket._writeGeneric (node:net:966:11)
    at Socket._write (node:net:978:8)
    at writeOrBuffer (node:internal/streams/writable:572:12)
    at _write (node:internal/streams/writable:501:10)
    at Writable.write (node:internal/streams/writable:510:10)
    at Console.log (/usr/local/lib/node_modules/firebase-tools/node_modules/winston/lib/winston/transports/console.js:87:23)
    at Console._write (/usr/local/lib/node_modules/firebase-tools/node_modules/winston-transport/modern.js:103:17)
    at doWrite (/usr/local/lib/node_modules/firebase-tools/node_modules/winston-transport/node_modules/readable-stream/lib/_stream_writable.js:390:139)
[error] 
[error] Error: An unexpected error has occurred.
[debug] [2026-07-16T19:02:28.025Z] Error: write EIO
    at afterWriteDispatched (node:internal/stream_base_commons:159:15)
    at writeGeneric (node:internal/stream_base_commons:150:3)
    at Socket._writeGeneric (node:net:966:11)
    at Socket._write (node:net:978:8)
    at writeOrBuffer (node:internal/streams/writable:572:12)
    at _write (node:internal/streams/writable:501:10)
    at Writable.write (node:internal/streams/writable:510:10)
    at Console.log (/usr/local/lib/node_modules/firebase-tools/node_modules/winston/lib/winston/transports/console.js:87:23)
    at Console._write (/usr/local/lib/node_modules/firebase-tools/node_modules/winston-transport/modern.js:103:17)
    at doWrite (/usr/local/lib/node_modules/firebase-tools/node_modules/winston-transport/node_modules/readable-stream/lib/_stream_writable.js:390:139)
[error] 
[error] Error: An unexpected error has occurred.
[debug] [2026-07-16T19:02:28.026Z] Error: write EIO
    at afterWriteDispatched (node:internal/stream_base_commons:159:15)
    at writeGeneric (node:internal/stream_base_commons:150:3)
    at Socket._writeGeneric (node:net:966:11)
    at Socket._write (node:net:978:8)
    at writeOrBuffer (node:internal/streams/writable:572:12)
    at _write (node:internal/streams/writable:501:10)
    at Writable.write (node:internal/streams/writable:510:10)
    at Console.log (/usr/local/lib/node_modules/firebase-tools/node_modules/winston/lib/winston/transports/console.js:87:23)
    at Console._write (/usr/local/lib/node_modules/firebase-tools/node_modules/winston-transport/modern.js:103:17)
    at doWrite (/usr/local/lib/node_modules/firebase-tools/node_modules/winston-transport/node_modules/readable-stream/lib/_stream_writable.js:390:139)
[error] 
[error] Error: An unexpected error has occurred.
[debug] [2026-07-16T19:02:28.027Z] Error: write EIO
    at afterWriteDispatched (node:internal/stream_base_commons:159:15)
    at writeGeneric (node:internal/stream_base_commons:150:3)
    at Socket._writeGeneric (node:net:966:11)
    at Socket._write (node:net:978:8)
    at writeOrBuffer (node:internal/streams/writable:572:12)
    at _write (node:internal/streams/writable:501:10)
    at Writable.write (node:internal/streams/writable:510:10)
    at Console.log (/usr/local/lib/node_modules/firebase-tools/node_modules/winston/lib/winston/transports/console.js:87:23)
    at Console._write (/usr/local/lib/node_modules/firebase-tools/node_modules/winston-transport/modern.js:103:17)
    at doWrite (/usr/local/lib/node_modules/firebase-tools/node_modules/winston-transport/node_modules/readable-stream/lib/_stream_writable.js:390:139)
[error] 
[error] Error: An unexpected error has occurred.
[debug] [2026-07-16T19:02:28.028Z] Error: write EIO
    at afterWriteDispatched (node:internal/stream_base_commons:159:15)
    at writeGeneric (node:internal/stream_base_commons:150:3)
    at Socket._writeGeneric (node:net:966:11)
    at Socket._write (node:net:978:8)
    at writeOrBuffer (node:internal/streams/writable:572:12)
    at _write (node:internal/streams/writable:501:10)
    at Writable.write (node:internal/streams/writable:510:10)
    at Console.log (/usr/local/lib/node_modules/firebase-tools/node_modules/winston/lib/winston/transports/console.js:87:23)
    at Console._write (/usr/local/lib/node_modules/firebase-tools/node_modules/winston-transport/modern.js:103:17)
    at doWrite (/usr/local/lib/node_modules/firebase-tools/node_modules/winston-transport/node_modules/readable-stream/lib/_stream_writable.js:390:139)
[error] 
[error] Error: An unexpected error has occurred.
[debug] [2026-07-16T19:02:28.029Z] Error: write EIO
    at afterWriteDispatched (node:internal/stream_base_commons:159:15)
    at writeGeneric (node:internal/stream_base_commons:150:3)
    at Socket._writeGeneric (node:net:966:11)
    at Socket._write (node:net:978:8)
    at writeOrBuffer (node:internal/streams/writable:572:12)
    at _write (node:internal/streams/writable:501:10)
    at Writable.write (node:internal/streams/writable:510:10)
    at Console.log (/usr/local/lib/node_modules/firebase-tools/node_modules/winston/lib/winston/transports/console.js:87:23)
    at Console._write (/usr/local/lib/node_modules/firebase-tools/node_modules/winston-transport/modern.js:103:17)
    at doWrite (/usr/local/lib/node_modules/firebase-tools/node_modules/winston-transport/node_modules/readable-stream/lib/_stream_writable.js:390:139)
[error] 
[error] Error: An unexpected error has occurred.
[debug] [2026-07-16T19:02:28.030Z] Error: write EIO
    at afterWriteDispatched (node:internal/stream_base_commons:159:15)
    at writeGeneric (node:internal/stream_base_commons:150:3)
    at Socket._writeGeneric (node:net:966:11)
    at Socket._write (node:net:978:8)
    at writeOrBuffer (node:internal/streams/writable:572:12)
    at _write (node:internal/streams/writable:501:10)
    at Writable.write (node:internal/streams/writable:510:10)
    at Console.log (/usr/local/lib/node_modules/firebase-tools/node_modules/winston/lib/winston/transports/console.js:87:23)
    at Console._write (/usr/local/lib/node_modules/firebase-tools/node_modules/winston-transport/modern.js:103:17)
    at doWrite (/usr/local/lib/node_modules/firebase-tools/node_modules/winston-transport/node_modules/readable-stream/lib/_stream_writable.js:390:139)
[error] 
[error] Error: An unexpected error has occurred.
[debug] [2026-07-16T19:02:28.031Z] Error: write EIO
    at afterWriteDispatched (node:internal/stream_base_commons:159:15)
    at writeGeneric (node:internal/stream_base_commons:150:3)
    at Socket._writeGeneric (node:net:966:11)
    at Socket._write (node:net:978:8)
    at writeOrBuffer (node:internal/streams/writable:572:12)
    at _write (node:internal/streams/writable:501:10)
    at Writable.write (node:internal/streams/writable:510:10)
    at Console.log (/usr/local/lib/node_modules/firebase-tools/node_modules/winston/lib/winston/transports/console.js:87:23)
    at Console._write (/usr/local/lib/node_modules/firebase-tools/node_modules/winston-transport/modern.js:103:17)
    at doWrite (/usr/local/lib/node_modules/firebase-tools/node_modules/winston-transport/node_modules/readable-stream/lib/_stream_writable.js:390:139)
[error] 
[error] Error: An unexpected error has occurred.
[debug] [2026-07-16T19:02:28.032Z] Error: write EIO
    at afterWriteDispatched (node:internal/stream_base_commons:159:15)
    at writeGeneric (node:internal/stream_base_commons:150:3)
    at Socket._writeGeneric (node:net:966:11)
    at Socket._write (node:net:978:8)
    at writeOrBuffer (node:internal/streams/writable:572:12)
    at _write (node:internal/streams/writable:501:10)
    at Writable.write (node:internal/streams/writable:510:10)
    at Console.log (/usr/local/lib/node_modules/firebase-tools/node_modules/winston/lib/winston/transports/console.js:87:23)
    at Console._write (/usr/local/lib/node_modules/firebase-tools/node_modules/winston-transport/modern.js:103:17)
    at doWrite (/usr/local/lib/node_modules/firebase-tools/node_modules/winston-transport/node_modules/readable-stream/lib/_stream_writable.js:390:139)
[error] 
[error] Error: An unexpected error has occurred.
[debug] [2026-07-16T19:02:28.033Z] Error: write EIO
    at afterWriteDispatched (node:internal/stream_base_commons:159:15)
    at writeGeneric (node:internal/stream_base_commons:150:3)
    at Socket._writeGeneric (node:net:966:11)
    at Socket._write (node:net:978:8)
    at writeOrBuffer (node:internal/streams/writable:572:12)
    at _write (node:internal/streams/writable:501:10)
    at Writable.write (node:internal/streams/writable:510:10)
    at Console.log (/usr/local/lib/node_modules/firebase-tools/node_modules/winston/lib/winston/transports/console.js:87:23)
    at Console._write (/usr/local/lib/node_modules/firebase-tools/node_modules/winston-transport/modern.js:103:17)
    at doWrite (/usr/local/lib/node_modules/firebase-tools/node_modules/winston-transport/node_modules/readable-stream/lib/_stream_writable.js:390:139)
[error] 
[error] Error: An unexpected error has occurred.
[debug] [2026-07-16T19:02:28.034Z] Error: write EIO
    at afterWriteDispatched (node:internal/stream_base_commons:159:15)
    at writeGeneric (node:internal/stream_base_commons:150:3)
    at Socket._writeGeneric (node:net:966:11)
    at Socket._write (node:net:978:8)
    at writeOrBuffer (node:internal/streams/writable:572:12)
    at _write (node:internal/streams/writable:501:10)
    at Writable.write (node:internal/streams/writable:510:10)
    at Console.log (/usr/local/lib/node_modules/firebase-tools/node_modules/winston/lib/winston/transports/console.js:87:23)
    at Console._write (/usr/local/lib/node_modules/firebase-tools/node_modules/winston-transport/modern.js:103:17)
    at doWrite (/usr/local/lib/node_modules/firebase-tools/node_modules/winston-transport/node_modules/readable-stream/lib/_stream_writable.js:390:139)
[error] 
[error] Error: An unexpected error has occurred.
[debug] [2026-07-16T19:02:28.035Z] Error: write EIO
    at afterWriteDispatched (node:internal/stream_base_commons:159:15)
    at writeGeneric (node:internal/stream_base_commons:150:3)
    at Socket._writeGeneric (node:net:966:11)
    at Socket._write (node:net:978:8)
    at writeOrBuffer (node:internal/streams/writable:572:12)
    at _write (node:internal/streams/writable:501:10)
    at Writable.write (node:internal/streams/writable:510:10)
    at Console.log (/usr/local/lib/node_modules/firebase-tools/node_modules/winston/lib/winston/transports/console.js:87:23)
    at Console._write (/usr/local/lib/node_modules/firebase-tools/node_modules/winston-transport/modern.js:103:17)
    at doWrite (/usr/local/lib/node_modules/firebase-tools/node_modules/winston-transport/node_modules/readable-stream/lib/_stream_writable.js:390:139)
[error] 
[error] Error: An unexpected error has occurred.
[debug] [2026-07-16T19:02:28.036Z] Error: write EIO
    at afterWriteDispatched (node:internal/stream_base_commons:159:15)
    at writeGeneric (node:internal/stream_base_commons:150:3)
    at Socket._writeGeneric (node:net:966:11)
    at Socket._write (node:net:978:8)
    at writeOrBuffer (node:internal/streams/writable:572:12)
    at _write (node:internal/streams/writable:501:10)
    at Writable.write (node:internal/streams/writable:510:10)
    at Console.log (/usr/local/lib/node_modules/firebase-tools/node_modules/winston/lib/winston/transports/console.js:87:23)
    at Console._write (/usr/local/lib/node_modules/firebase-tools/node_modules/winston-transport/modern.js:103:17)
    at doWrite (/usr/local/lib/node_modules/firebase-tools/node_modules/winston-transport/node_modules/readable-stream/lib/_stream_writable.js:390:139)
[error] 
[error] Error: An unexpected error has occurred.
[debug] [2026-07-16T19:02:28.037Z] Error: write EIO
    at afterWriteDispatched (node:internal/stream_base_commons:159:15)
    at writeGeneric (node:internal/stream_base_commons:150:3)
    at Socket._writeGeneric (node:net:966:11)
    at Socket._write (node:net:978:8)
    at writeOrBuffer (node:internal/streams/writable:572:12)
    at _write (node:internal/streams/writable:501:10)
    at Writable.write (node:internal/streams/writable:510:10)
    at Console.log (/usr/local/lib/node_modules/firebase-tools/node_modules/winston/lib/winston/transports/console.js:87:23)
    at Console._write (/usr/local/lib/node_modules/firebase-tools/node_modules/winston-transport/modern.js:103:17)
    at doWrite (/usr/local/lib/node_modules/firebase-tools/node_modules/winston-transport/node_modules/readable-stream/lib/_stream_writable.js:390:139)
[error] 
[error] Error: An unexpected error has occurred.
[debug] [2026-07-16T19:02:28.038Z] Error: write EIO
    at afterWriteDispatched (node:internal/stream_base_commons:159:15)
    at writeGeneric (node:internal/stream_base_commons:150:3)
    at Socket._writeGeneric (node:net:966:11)
    at Socket._write (node:net:978:8)
    at writeOrBuffer (node:internal/streams/writable:572:12)
    at _write (node:internal/streams/writable:501:10)
    at Writable.write (node:internal/streams/writable:510:10)
    at Console.log (/usr/local/lib/node_modules/firebase-tools/node_modules/winston/lib/winston/transports/console.js:87:23)
    at Console._write (/usr/local/lib/node_modules/firebase-tools/node_modules/winston-transport/modern.js:103:17)
    at doWrite (/usr/local/lib/node_modules/firebase-tools/node_modules/winston-transport/node_modules/readable-stream/lib/_stream_writable.js:390:139)
[error] 
[error] Error: An unexpected error has occurred.
[debug] [2026-07-16T19:02:28.039Z] Error: write EIO
    at afterWriteDispatched (node:internal/stream_base_commons:159:15)
    at writeGeneric (node:internal/stream_base_commons:150:3)
    at Socket._writeGeneric (node:net:966:11)
    at Socket._write (node:net:978:8)
    at writeOrBuffer (node:internal/streams/writable:572:12)
    at _write (node:internal/streams/writable:501:10)
    at Writable.write (node:internal/streams/writable:510:10)
    at Console.log (/usr/local/lib/node_modules/firebase-tools/node_modules/winston/lib/winston/transports/console.js:87:23)
    at Console._write (/usr/local/lib/node_modules/firebase-tools/node_modules/winston-transport/modern.js:103:17)
    at doWrite (/usr/local/lib/node_modules/firebase-tools/node_modules/winston-transport/node_modules/readable-stream/lib/_stream_writable.js:390:139)
[error] 
[error] Error: An unexpected error has occurred.
[debug] [2026-07-16T19:02:28.041Z] Error: write EIO
    at afterWriteDispatched (node:internal/stream_base_commons:159:15)
    at writeGeneric (node:internal/stream_base_commons:150:3)
    at Socket._writeGeneric (node:net:966:11)
    at Socket._write (node:net:978:8)
    at writeOrBuffer (node:internal/streams/writable:572:12)
    at _write (node:internal/streams/writable:501:10)
    at Writable.write (node:internal/streams/writable:510:10)
    at Console.log (/usr/local/lib/node_modules/firebase-tools/node_modules/winston/lib/winston/transports/console.js:87:23)
    at Console._write (/usr/local/lib/node_modules/firebase-tools/node_modules/winston-transport/modern.js:103:17)
    at doWrite (/usr/local/lib/node_modules/firebase-tools/node_modules/winston-transport/node_modules/readable-stream/lib/_stream_writable.js:390:139)
[error] 
[error] Error: An unexpected error has occurred.
[debug] [2026-07-16T19:02:28.042Z] Error: write EIO
    at afterWriteDispatched (node:internal/stream_base_commons:159:15)
    at writeGeneric (node:internal/stream_base_commons:150:3)
    at Socket._writeGeneric (node:net:966:11)
    at Socket._write (node:net:978:8)
    at writeOrBuffer (node:internal/streams/writable:572:12)
    at _write (node:internal/streams/writable:501:10)
    at Writable.write (node:internal/streams/writable:510:10)
    at Console.log (/usr/local/lib/node_modules/firebase-tools/node_modules/winston/lib/winston/transports/console.js:87:23)
    at Console._write (/usr/local/lib/node_modules/firebase-tools/node_modules/winston-transport/modern.js:103:17)
    at doWrite (/usr/local/lib/node_modules/firebase-tools/node_modules/winston-transport/node_modules/readable-stream/lib/_stream_writable.js:390:139)
[error] 
[error] Error: An unexpected error has occurred.
[debug] [2026-07-16T19:02:28.043Z] Error: write EIO
    at afterWriteDispatched (node:internal/stream_base_commons:159:15)
    at writeGeneric (node:internal/stream_base_commons:150:3)
    at Socket._writeGeneric (node:net:966:11)
    at Socket._write (node:net:978:8)
    at writeOrBuffer (node:internal/streams/writable:572:12)
    at _write (node:internal/streams/writable:501:10)
    at Writable.write (node:internal/streams/writable:510:10)
    at Console.log (/usr/local/lib/node_modules/firebase-tools/node_modules/winston/lib/winston/transports/console.js:87:23)
    at Console._write (/usr/local/lib/node_modules/firebase-tools/node_modules/winston-transport/modern.js:103:17)
    at doWrite (/usr/local/lib/node_modules/firebase-tools/node_modules/winston-transport/node_modules/readable-stream/lib/_stream_writable.js:390:139)
[error] 
[error] Error: An unexpected error has occurred.
[debug] [2026-07-16T19:02:28.044Z] Error: write EIO
    at afterWriteDispatched (node:internal/stream_base_commons:159:15)
    at writeGeneric (node:internal/stream_base_commons:150:3)
    at Socket._writeGeneric (node:net:966:11)
    at Socket._write (node:net:978:8)
    at writeOrBuffer (node:internal/streams/writable:572:12)
    at _write (node:internal/streams/writable:501:10)
    at Writable.write (node:internal/streams/writable:510:10)
    at Console.log (/usr/local/lib/node_modules/firebase-tools/node_modules/winston/lib/winston/transports/console.js:87:23)
    at Console._write (/usr/local/lib/node_modules/firebase-tools/node_modules/winston-transport/modern.js:103:17)
    at doWrite (/usr/local/lib/node_modules/firebase-tools/node_modules/winston-transport/node_modules/readable-stream/lib/_stream_writable.js:390:139)
[error] 
[error] Error: An unexpected error has occurred.
[debug] [2026-07-16T19:02:28.045Z] Error: write EIO
    at afterWriteDispatched (node:internal/stream_base_commons:159:15)
    at writeGeneric (node:internal/stream_base_commons:150:3)
    at Socket._writeGeneric (node:net:966:11)
    at Socket._write (node:net:978:8)
    at writeOrBuffer (node:internal/streams/writable:572:12)
    at _write (node:internal/streams/writable:501:10)
    at Writable.write (node:internal/streams/writable:510:10)
    at Console.log (/usr/local/lib/node_modules/firebase-tools/node_modules/winston/lib/winston/transports/console.js:87:23)
    at Console._write (/usr/local/lib/node_modules/firebase-tools/node_modules/winston-transport/modern.js:103:17)
    at doWrite (/usr/local/lib/node_modules/firebase-tools/node_modules/winston-transport/node_modules/readable-stream/lib/_stream_writable.js:390:139)
[error] 
[error] Error: An unexpected error has occurred.
[debug] [2026-07-16T19:02:28.045Z] Error: write EIO
    at afterWriteDispatched (node:internal/stream_base_commons:159:15)
    at writeGeneric (node:internal/stream_base_commons:150:3)
    at Socket._writeGeneric (node:net:966:11)
    at Socket._write (node:net:978:8)
    at writeOrBuffer (node:internal/streams/writable:572:12)
    at _write (node:internal/streams/writable:501:10)
    at Writable.write (node:internal/streams/writable:510:10)
    at Console.log (/usr/local/lib/node_modules/firebase-tools/node_modules/winston/lib/winston/transports/console.js:87:23)
    at Console._write (/usr/local/lib/node_modules/firebase-tools/node_modules/winston-transport/modern.js:103:17)
    at doWrite (/usr/local/lib/node_modules/firebase-tools/node_modules/winston-transport/node_modules/readable-stream/lib/_stream_writable.js:390:139)
[error] 
[error] Error: An unexpected error has occurred.
[debug] [2026-07-16T19:02:28.046Z] Error: write EIO
    at afterWriteDispatched (node:internal/stream_base_commons:159:15)
    at writeGeneric (node:internal/stream_base_commons:150:3)
    at Socket._writeGeneric (node:net:966:11)
    at Socket._write (node:net:978:8)
    at writeOrBuffer (node:internal/streams/writable:572:12)
    at _write (node:internal/streams/writable:501:10)
    at Writable.write (node:internal/streams/writable:510:10)
    at Console.log (/usr/local/lib/node_modules/firebase-tools/node_modules/winston/lib/winston/transports/console.js:87:23)
    at Console._write (/usr/local/lib/node_modules/firebase-tools/node_modules/winston-transport/modern.js:103:17)
    at doWrite (/usr/local/lib/node_modules/firebase-tools/node_modules/winston-transport/node_modules/readable-stream/lib/_stream_writable.js:390:139)
[error] 
[error] Error: An unexpected error has occurred.
[debug] [2026-07-16T19:02:28.047Z] Error: write EIO
    at afterWriteDispatched (node:internal/stream_base_commons:159:15)
    at writeGeneric (node:internal/stream_base_commons:150:3)
    at Socket._writeGeneric (node:net:966:11)
    at Socket._write (node:net:978:8)
    at writeOrBuffer (node:internal/streams/writable:572:12)
    at _write (node:internal/streams/writable:501:10)
    at Writable.write (node:internal/streams/writable:510:10)
    at Console.log (/usr/local/lib/node_modules/firebase-tools/node_modules/winston/lib/winston/transports/console.js:87:23)
    at Console._write (/usr/local/lib/node_modules/firebase-tools/node_modules/winston-transport/modern.js:103:17)
    at doWrite (/usr/local/lib/node_modules/firebase-tools/node_modules/winston-transport/node_modules/readable-stream/lib/_stream_writable.js:390:139)
[error] 
[error] Error: An unexpected error has occurred.
[debug] [2026-07-16T19:02:28.048Z] Error: write EIO
    at afterWriteDispatched (node:internal/stream_base_commons:159:15)
    at writeGeneric (node:internal/stream_base_commons:150:3)
    at Socket._writeGeneric (node:net:966:11)
    at Socket._write (node:net:978:8)
    at writeOrBuffer (node:internal/streams/writable:572:12)
    at _write (node:internal/streams/writable:501:10)
    at Writable.write (node:internal/streams/writable:510:10)
    at Console.log (/usr/local/lib/node_modules/firebase-tools/node_modules/winston/lib/winston/transports/console.js:87:23)
    at Console._write (/usr/local/lib/node_modules/firebase-tools/node_modules/winston-transport/modern.js:103:17)
    at doWrite (/usr/local/lib/node_modules/firebase-tools/node_modules/winston-transport/node_modules/readable-stream/lib/_stream_writable.js:390:139)
[error] 
[error] Error: An unexpected error has occurred.
[debug] [2026-07-16T19:02:28.049Z] Error: write EIO
    at afterWriteDispatched (node:internal/stream_base_commons:159:15)
    at writeGeneric (node:internal/stream_base_commons:150:3)
    at Socket._writeGeneric (node:net:966:11)
    at Socket._write (node:net:978:8)
    at writeOrBuffer (node:internal/streams/writable:572:12)
    at _write (node:internal/streams/writable:501:10)
    at Writable.write (node:internal/streams/writable:510:10)
    at Console.log (/usr/local/lib/node_modules/firebase-tools/node_modules/winston/lib/winston/transports/console.js:87:23)
    at Console._write (/usr/local/lib/node_modules/firebase-tools/node_modules/winston-transport/modern.js:103:17)
    at doWrite (/usr/local/lib/node_modules/firebase-tools/node_modules/winston-transport/node_modules/readable-stream/lib/_stream_writable.js:390:139)
[error] 
[error] Error: An unexpected error has occurred.
[debug] [2026-07-16T19:02:28.050Z] Error: write EIO
    at afterWriteDispatched (node:internal/stream_base_commons:159:15)
    at writeGeneric (node:internal/stream_base_commons:150:3)
    at Socket._writeGeneric (node:net:966:11)
    at Socket._write (node:net:978:8)
    at writeOrBuffer (node:internal/streams/writable:572:12)
    at _write (node:internal/streams/writable:501:10)
    at Writable.write (node:internal/streams/writable:510:10)
    at Console.log (/usr/local/lib/node_modules/firebase-tools/node_modules/winston/lib/winston/transports/console.js:87:23)
    at Console._write (/usr/local/lib/node_modules/firebase-tools/node_modules/winston-transport/modern.js:103:17)
    at doWrite (/usr/local/lib/node_modules/firebase-tools/node_modules/winston-transport/node_modules/readable-stream/lib/_stream_writable.js:390:139)
[error] 
[error] Error: An unexpected error has occurred.
[debug] [2026-07-16T19:02:28.051Z] Error: write EIO
    at afterWriteDispatched (node:internal/stream_base_commons:159:15)
    at writeGeneric (node:internal/stream_base_commons:150:3)
    at Socket._writeGeneric (node:net:966:11)
    at Socket._write (node:net:978:8)
    at writeOrBuffer (node:internal/streams/writable:572:12)
    at _write (node:internal/streams/writable:501:10)
    at Writable.write (node:internal/streams/writable:510:10)
    at Console.log (/usr/local/lib/node_modules/firebase-tools/node_modules/winston/lib/winston/transports/console.js:87:23)
    at Console._write (/usr/local/lib/node_modules/firebase-tools/node_modules/winston-transport/modern.js:103:17)
    at doWrite (/usr/local/lib/node_modules/firebase-tools/node_modules/winston-transport/node_modules/readable-stream/lib/_stream_writable.js:390:139)
[error] 
[error] Error: An unexpected error has occurred.
[debug] [2026-07-16T19:02:28.052Z] Error: write EIO
    at afterWriteDispatched (node:internal/stream_base_commons:159:15)
    at writeGeneric (node:internal/stream_base_commons:150:3)
    at Socket._writeGeneric (node:net:966:11)
    at Socket._write (node:net:978:8)
    at writeOrBuffer (node:internal/streams/writable:572:12)
    at _write (node:internal/streams/writable:501:10)
    at Writable.write (node:internal/streams/writable:510:10)
    at Console.log (/usr/local/lib/node_modules/firebase-tools/node_modules/winston/lib/winston/transports/console.js:87:23)
    at Console._write (/usr/local/lib/node_modules/firebase-tools/node_modules/winston-transport/modern.js:103:17)
    at doWrite (/usr/local/lib/node_modules/firebase-tools/node_modules/winston-transport/node_modules/readable-stream/lib/_stream_writable.js:390:139)
[error] 
[error] Error: An unexpected error has occurred.
[debug] [2026-07-16T19:02:28.053Z] Error: write EIO
    at afterWriteDispatched (node:internal/stream_base_commons:159:15)
    at writeGeneric (node:internal/stream_base_commons:150:3)
    at Socket._writeGeneric (node:net:966:11)
    at Socket._write (node:net:978:8)
    at writeOrBuffer (node:internal/streams/writable:572:12)
    at _write (node:internal/streams/writable:501:10)
    at Writable.write (node:internal/streams/writable:510:10)
    at Console.log (/usr/local/lib/node_modules/firebase-tools/node_modules/winston/lib/winston/transports/console.js:87:23)
    at Console._write (/usr/local/lib/node_modules/firebase-tools/node_modules/winston-transport/modern.js:103:17)
    at doWrite (/usr/local/lib/node_modules/firebase-tools/node_modules/winston-transport/node_modules/readable-stream/lib/_stream_writable.js:390:139)
[error] 
[error] Error: An unexpected error has occurred.
[debug] [2026-07-16T19:02:28.054Z] Error: write EIO
    at afterWriteDispatched (node:internal/stream_base_commons:159:15)
    at writeGeneric (node:internal/stream_base_commons:150:3)
    at Socket._writeGeneric (node:net:966:11)
    at Socket._write (node:net:978:8)
    at writeOrBuffer (node:internal/streams/writable:572:12)
    at _write (node:internal/streams/writable:501:10)
    at Writable.write (node:internal/streams/writable:510:10)
    at Console.log (/usr/local/lib/node_modules/firebase-tools/node_modules/winston/lib/winston/transports/console.js:87:23)
    at Console._write (/usr/local/lib/node_modules/firebase-tools/node_modules/winston-transport/modern.js:103:17)
    at doWrite (/usr/local/lib/node_modules/firebase-tools/node_modules/winston-transport/node_modules/readable-stream/lib/_stream_writable.js:390:139)
[error] 
[error] Error: An unexpected error has occurred.
[debug] [2026-07-16T19:02:28.055Z] Error: write EIO
    at afterWriteDispatched (node:internal/stream_base_commons:159:15)
    at writeGeneric (node:internal/stream_base_commons:150:3)
    at Socket._writeGeneric (node:net:966:11)
    at Socket._write (node:net:978:8)
    at writeOrBuffer (node:internal/streams/writable:572:12)
    at _write (node:internal/streams/writable:501:10)
    at Writable.write (node:internal/streams/writable:510:10)
    at Console.log (/usr/local/lib/node_modules/firebase-tools/node_modules/winston/lib/winston/transports/console.js:87:23)
    at Console._write (/usr/local/lib/node_modules/firebase-tools/node_modules/winston-transport/modern.js:103:17)
    at doWrite (/usr/local/lib/node_modules/firebase-tools/node_modules/winston-transport/node_modules/readable-stream/lib/_stream_writable.js:390:139)
[error] 
[error] Error: An unexpected error has occurred.
[debug] [2026-07-16T19:02:28.055Z] Error: write EIO
    at afterWriteDispatched (node:internal/stream_base_commons:159:15)
    at writeGeneric (node:internal/stream_base_commons:150:3)
    at Socket._writeGeneric (node:net:966:11)
    at Socket._write (node:net:978:8)
    at writeOrBuffer (node:internal/streams/writable:572:12)
    at _write (node:internal/streams/writable:501:10)
    at Writable.write (node:internal/streams/writable:510:10)
    at Console.log (/usr/local/lib/node_modules/firebase-tools/node_modules/winston/lib/winston/transports/console.js:87:23)
    at Console._write (/usr/local/lib/node_modules/firebase-tools/node_modules/winston-transport/modern.js:103:17)
    at doWrite (/usr/local/lib/node_modules/firebase-tools/node_modules/winston-transport/node_modules/readable-stream/lib/_stream_writable.js:390:139)
[error] 
[error] Error: An unexpected error has occurred.
[debug] [2026-07-16T19:02:28.056Z] Error: write EIO
    at afterWriteDispatched (node:internal/stream_base_commons:159:15)
    at writeGeneric (node:internal/stream_base_commons:150:3)
    at Socket._writeGeneric (node:net:966:11)
    at Socket._write (node:net:978:8)
    at writeOrBuffer (node:internal/streams/writable:572:12)
    at _write (node:internal/streams/writable:501:10)
    at Writable.write (node:internal/streams/writable:510:10)
    at Console.log (/usr/local/lib/node_modules/firebase-tools/node_modules/winston/lib/winston/transports/console.js:87:23)
    at Console._write (/usr/local/lib/node_modules/firebase-tools/node_modules/winston-transport/modern.js:103:17)
    at doWrite (/usr/local/lib/node_modules/firebase-tools/node_modules/winston-transport/node_modules/readable-stream/lib/_stream_writable.js:390:139)
[error] 
[error] Error: An unexpected error has occurred.
[debug] [2026-07-16T19:02:28.056Z] Error: write EIO
    at afterWriteDispatched (node:internal/stream_base_commons:159:15)
    at writeGeneric (node:internal/stream_base_commons:150:3)
    at Socket._writeGeneric (node:net:966:11)
    at Socket._write (node:net:978:8)
    at writeOrBuffer (node:internal/streams/writable:572:12)
    at _write (node:internal/streams/writable:501:10)
    at Writable.write (node:internal/streams/writable:510:10)
    at Console.log (/usr/local/lib/node_modules/firebase-tools/node_modules/winston/lib/winston/transports/console.js:87:23)
    at Console._write (/usr/local/lib/node_modules/firebase-tools/node_modules/winston-transport/modern.js:103:17)
    at doWrite (/usr/local/lib/node_modules/firebase-tools/node_modules/winston-transport/node_modules/readable-stream/lib/_stream_writable.js:390:139)
[error] 
[error] Error: An unexpected error has occurred.
[debug] [2026-07-16T19:02:28.057Z] Error: write EIO
    at afterWriteDispatched (node:internal/stream_base_commons:159:15)
    at writeGeneric (node:internal/stream_base_commons:150:3)
    at Socket._writeGeneric (node:net:966:11)
    at Socket._write (node:net:978:8)
    at writeOrBuffer (node:internal/streams/writable:572:12)
    at _write (node:internal/streams/writable:501:10)
    at Writable.write (node:internal/streams/writable:510:10)
    at Console.log (/usr/local/lib/node_modules/firebase-tools/node_modules/winston/lib/winston/transports/console.js:87:23)
    at Console._write (/usr/local/lib/node_modules/firebase-tools/node_modules/winston-transport/modern.js:103:17)
    at doWrite (/usr/local/lib/node_modules/firebase-tools/node_modules/winston-transport/node_modules/readable-stream/lib/_stream_writable.js:390:139)
[error] 
[error] Error: An unexpected error has occurred.
[debug] [2026-07-16T19:02:28.058Z] Error: write EIO
    at afterWriteDispatched (node:internal/stream_base_commons:159:15)
    at writeGeneric (node:internal/stream_base_commons:150:3)
    at Socket._writeGeneric (node:net:966:11)
    at Socket._write (node:net:978:8)
    at writeOrBuffer (node:internal/streams/writable:572:12)
    at _write (node:internal/streams/writable:501:10)
    at Writable.write (node:internal/streams/writable:510:10)
    at Console.log (/usr/local/lib/node_modules/firebase-tools/node_modules/winston/lib/winston/transports/console.js:87:23)
    at Console._write (/usr/local/lib/node_modules/firebase-tools/node_modules/winston-transport/modern.js:103:17)
    at doWrite (/usr/local/lib/node_modules/firebase-tools/node_modules/winston-transport/node_modules/readable-stream/lib/_stream_writable.js:390:139)
[error] 
[error] Error: An unexpected error has occurred.
[debug] [2026-07-16T19:02:28.059Z] Error: write EIO
    at afterWriteDispatched (node:internal/stream_base_commons:159:15)
    at writeGeneric (node:internal/stream_base_commons:150:3)
    at Socket._writeGeneric (node:net:966:11)
    at Socket._write (node:net:978:8)
    at writeOrBuffer (node:internal/streams/writable:572:12)
    at _write (node:internal/streams/writable:501:10)
    at Writable.write (node:internal/streams/writable:510:10)
    at Console.log (/usr/local/lib/node_modules/firebase-tools/node_modules/winston/lib/winston/transports/console.js:87:23)
    at Console._write (/usr/local/lib/node_modules/firebase-tools/node_modules/winston-transport/modern.js:103:17)
    at doWrite (/usr/local/lib/node_modules/firebase-tools/node_modules/winston-transport/node_modules/readable-stream/lib/_stream_writable.js:390:139)
[error] 
[error] Error: An unexpected error has occurred.
[debug] [2026-07-16T19:02:28.059Z] Error: write EIO
    at afterWriteDispatched (node:internal/stream_base_commons:159:15)
    at writeGeneric (node:internal/stream_base_commons:150:3)
    at Socket._writeGeneric (node:net:966:11)
    at Socket._write (node:net:978:8)
    at writeOrBuffer (node:internal/streams/writable:572:12)
    at _write (node:internal/streams/writable:501:10)
    at Writable.write (node:internal/streams/writable:510:10)
    at Console.log (/usr/local/lib/node_modules/firebase-tools/node_modules/winston/lib/winston/transports/console.js:87:23)
    at Console._write (/usr/local/lib/node_modules/firebase-tools/node_modules/winston-transport/modern.js:103:17)
    at doWrite (/usr/local/lib/node_modules/firebase-tools/node_modules/winston-transport/node_modules/readable-stream/lib/_stream_writable.js:390:139)
[error] 
[error] Error: An unexpected error has occurred.
[debug] [2026-07-16T19:02:28.061Z] Error: write EIO
    at afterWriteDispatched (node:internal/stream_base_commons:159:15)
    at writeGeneric (node:internal/stream_base_commons:150:3)
    at Socket._writeGeneric (node:net:966:11)
    at Socket._write (node:net:978:8)
    at writeOrBuffer (node:internal/streams/writable:572:12)
    at _write (node:internal/streams/writable:501:10)
    at Writable.write (node:internal/streams/writable:510:10)
    at Console.log (/usr/local/lib/node_modules/firebase-tools/node_modules/winston/lib/winston/transports/console.js:87:23)
    at Console._write (/usr/local/lib/node_modules/firebase-tools/node_modules/winston-transport/modern.js:103:17)
    at doWrite (/usr/local/lib/node_modules/firebase-tools/node_modules/winston-transport/node_modules/readable-stream/lib/_stream_writable.js:390:139)
[error] 
[error] Error: An unexpected error has occurred.
[debug] [2026-07-16T19:02:28.062Z] Error: write EIO
    at afterWriteDispatched (node:internal/stream_base_commons:159:15)
    at writeGeneric (node:internal/stream_base_commons:150:3)
    at Socket._writeGeneric (node:net:966:11)
    at Socket._write (node:net:978:8)
    at writeOrBuffer (node:internal/streams/writable:572:12)
    at _write (node:internal/streams/writable:501:10)
    at Writable.write (node:internal/streams/writable:510:10)
    at Console.log (/usr/local/lib/node_modules/firebase-tools/node_modules/winston/lib/winston/transports/console.js:87:23)
    at Console._write (/usr/local/lib/node_modules/firebase-tools/node_modules/winston-transport/modern.js:103:17)
    at doWrite (/usr/local/lib/node_modules/firebase-tools/node_modules/winston-transport/node_modules/readable-stream/lib/_stream_writable.js:390:139)
[error] 
[error] Error: An unexpected error has occurred.
[debug] [2026-07-16T19:02:28.063Z] Error: write EIO
    at afterWriteDispatched (node:internal/stream_base_commons:159:15)
    at writeGeneric (node:internal/stream_base_commons:150:3)
    at Socket._writeGeneric (node:net:966:11)
    at Socket._write (node:net:978:8)
    at writeOrBuffer (node:internal/streams/writable:572:12)
    at _write (node:internal/streams/writable:501:10)
    at Writable.write (node:internal/streams/writable:510:10)
    at Console.log (/usr/local/lib/node_modules/firebase-tools/node_modules/winston/lib/winston/transports/console.js:87:23)
    at Console._write (/usr/local/lib/node_modules/firebase-tools/node_modules/winston-transport/modern.js:103:17)
    at doWrite (/usr/local/lib/node_modules/firebase-tools/node_modules/winston-transport/node_modules/readable-stream/lib/_stream_writable.js:390:139)
[error] 
[error] Error: An unexpected error has occurred.
[debug] [2026-07-16T19:02:28.064Z] Error: write EIO
    at afterWriteDispatched (node:internal/stream_base_commons:159:15)
    at writeGeneric (node:internal/stream_base_commons:150:3)
    at Socket._writeGeneric (node:net:966:11)
    at Socket._write (node:net:978:8)
    at writeOrBuffer (node:internal/streams/writable:572:12)
    at _write (node:internal/streams/writable:501:10)
    at Writable.write (node:internal/streams/writable:510:10)
    at Console.log (/usr/local/lib/node_modules/firebase-tools/node_modules/winston/lib/winston/transports/console.js:87:23)
    at Console._write (/usr/local/lib/node_modules/firebase-tools/node_modules/winston-transport/modern.js:103:17)
    at doWrite (/usr/local/lib/node_modules/firebase-tools/node_modules/winston-transport/node_modules/readable-stream/lib/_stream_writable.js:390:139)
[error] 
[error] Error: An unexpected error has occurred.
[debug] [2026-07-16T19:02:28.064Z] Error: write EIO
    at afterWriteDispatched (node:internal/stream_base_commons:159:15)
    at writeGeneric (node:internal/stream_base_commons:150:3)
    at Socket._writeGeneric (node:net:966:11)
    at Socket._write (node:net:978:8)
    at writeOrBuffer (node:internal/streams/writable:572:12)
    at _write (node:internal/streams/writable:501:10)
    at Writable.write (node:internal/streams/writable:510:10)
    at Console.log (/usr/local/lib/node_modules/firebase-tools/node_modules/winston/lib/winston/transports/console.js:87:23)
    at Console._write (/usr/local/lib/node_modules/firebase-tools/node_modules/winston-transport/modern.js:103:17)
    at doWrite (/usr/local/lib/node_modules/firebase-tools/node_modules/winston-transport/node_modules/readable-stream/lib/_stream_writable.js:390:139)
[error] 
[error] Error: An unexpected error has occurred.
[debug] [2026-07-16T19:02:28.065Z] Error: write EIO
    at afterWriteDispatched (node:internal/stream_base_commons:159:15)
    at writeGeneric (node:internal/stream_base_commons:150:3)
    at Socket._writeGeneric (node:net:966:11)
    at Socket._write (node:net:978:8)
    at writeOrBuffer (node:internal/streams/writable:572:12)
    at _write (node:internal/streams/writable:501:10)
    at Writable.write (node:internal/streams/writable:510:10)
    at Console.log (/usr/local/lib/node_modules/firebase-tools/node_modules/winston/lib/winston/transports/console.js:87:23)
    at Console._write (/usr/local/lib/node_modules/firebase-tools/node_modules/winston-transport/modern.js:103:17)
    at doWrite (/usr/local/lib/node_modules/firebase-tools/node_modules/winston-transport/node_modules/readable-stream/lib/_stream_writable.js:390:139)
[error] 
[error] Error: An unexpected error has occurred.
[debug] [2026-07-16T19:02:28.065Z] Error: write EIO
    at afterWriteDispatched (node:internal/stream_base_commons:159:15)
    at writeGeneric (node:internal/stream_base_commons:150:3)
    at Socket._writeGeneric (node:net:966:11)
    at Socket._write (node:net:978:8)
    at writeOrBuffer (node:internal/streams/writable:572:12)
    at _write (node:internal/streams/writable:501:10)
    at Writable.write (node:internal/streams/writable:510:10)
    at Console.log (/usr/local/lib/node_modules/firebase-tools/node_modules/winston/lib/winston/transports/console.js:87:23)
    at Console._write (/usr/local/lib/node_modules/firebase-tools/node_modules/winston-transport/modern.js:103:17)
    at doWrite (/usr/local/lib/node_modules/firebase-tools/node_modules/winston-transport/node_modules/readable-stream/lib/_stream_writable.js:390:139)
[error] 
[error] Error: An unexpected error has occurred.
[debug] [2026-07-16T19:02:28.066Z] Error: write EIO
    at afterWriteDispatched (node:internal/stream_base_commons:159:15)
    at writeGeneric (node:internal/stream_base_commons:150:3)
    at Socket._writeGeneric (node:net:966:11)
    at Socket._write (node:net:978:8)
    at writeOrBuffer (node:internal/streams/writable:572:12)
    at _write (node:internal/streams/writable:501:10)
    at Writable.write (node:internal/streams/writable:510:10)
    at Console.log (/usr/local/lib/node_modules/firebase-tools/node_modules/winston/lib/winston/transports/console.js:87:23)
    at Console._write (/usr/local/lib/node_modules/firebase-tools/node_modules/winston-transport/modern.js:103:17)
    at doWrite (/usr/local/lib/node_modules/firebase-tools/node_modules/winston-transport/node_modules/readable-stream/lib/_stream_writable.js:390:139)
[error] 
[error] Error: An unexpected error has occurred.
[debug] [2026-07-16T19:02:28.067Z] Error: write EIO
    at afterWriteDispatched (node:internal/stream_base_commons:159:15)
    at writeGeneric (node:internal/stream_base_commons:150:3)
    at Socket._writeGeneric (node:net:966:11)
    at Socket._write (node:net:978:8)
    at writeOrBuffer (node:internal/streams/writable:572:12)
    at _write (node:internal/streams/writable:501:10)
    at Writable.write (node:internal/streams/writable:510:10)
    at Console.log (/usr/local/lib/node_modules/firebase-tools/node_modules/winston/lib/winston/transports/console.js:87:23)
    at Console._write (/usr/local/lib/node_modules/firebase-tools/node_modules/winston-transport/modern.js:103:17)
    at doWrite (/usr/local/lib/node_modules/firebase-tools/node_modules/winston-transport/node_modules/readable-stream/lib/_stream_writable.js:390:139)
[error] 
[error] Error: An unexpected error has occurred.
[debug] [2026-07-16T19:02:28.068Z] Error: write EIO
    at afterWriteDispatched (node:internal/stream_base_commons:159:15)
    at writeGeneric (node:internal/stream_base_commons:150:3)
    at Socket._writeGeneric (node:net:966:11)
    at Socket._write (node:net:978:8)
    at writeOrBuffer (node:internal/streams/writable:572:12)
    at _write (node:internal/streams/writable:501:10)
    at Writable.write (node:internal/streams/writable:510:10)
    at Console.log (/usr/local/lib/node_modules/firebase-tools/node_modules/winston/lib/winston/transports/console.js:87:23)
    at Console._write (/usr/local/lib/node_modules/firebase-tools/node_modules/winston-transport/modern.js:103:17)
    at doWrite (/usr/local/lib/node_modules/firebase-tools/node_modules/winston-transport/node_modules/readable-stream/lib/_stream_writable.js:390:139)
[error] 
[error] Error: An unexpected error has occurred.
[debug] [2026-07-16T19:02:28.069Z] Error: write EIO
    at afterWriteDispatched (node:internal/stream_base_commons:159:15)
    at writeGeneric (node:internal/stream_base_commons:150:3)
    at Socket._writeGeneric (node:net:966:11)
    at Socket._write (node:net:978:8)
    at writeOrBuffer (node:internal/streams/writable:572:12)
    at _write (node:internal/streams/writable:501:10)
    at Writable.write (node:internal/streams/writable:510:10)
    at Console.log (/usr/local/lib/node_modules/firebase-tools/node_modules/winston/lib/winston/transports/console.js:87:23)
    at Console._write (/usr/local/lib/node_modules/firebase-tools/node_modules/winston-transport/modern.js:103:17)
    at doWrite (/usr/local/lib/node_modules/firebase-tools/node_modules/winston-transport/node_modules/readable-stream/lib/_stream_writable.js:390:139)
[error] 
[error] Error: An unexpected error has occurred.
[debug] [2026-07-16T19:02:28.069Z] Error: write EIO
    at afterWriteDispatched (node:internal/stream_base_commons:159:15)
    at writeGeneric (node:internal/stream_base_commons:150:3)
    at Socket._writeGeneric (node:net:966:11)
    at Socket._write (node:net:978:8)
    at writeOrBuffer (node:internal/streams/writable:572:12)
    at _write (node:internal/streams/writable:501:10)
    at Writable.write (node:internal/streams/writable:510:10)
    at Console.log (/usr/local/lib/node_modules/firebase-tools/node_modules/winston/lib/winston/transports/console.js:87:23)
    at Console._write (/usr/local/lib/node_modules/firebase-tools/node_modules/winston-transport/modern.js:103:17)
    at doWrite (/usr/local/lib/node_modules/firebase-tools/node_modules/winston-transport/node_modules/readable-stream/lib/_stream_writable.js:390:139)
[error] 
[error] Error: An unexpected error has occurred.
[debug] [2026-07-16T19:02:28.070Z] Error: write EIO
    at afterWriteDispatched (node:internal/stream_base_commons:159:15)
    at writeGeneric (node:internal/stream_base_commons:150:3)
    at Socket._writeGeneric (node:net:966:11)
    at Socket._write (node:net:978:8)
    at writeOrBuffer (node:internal/streams/writable:572:12)
    at _write (node:internal/streams/writable:501:10)
    at Writable.write (node:internal/streams/writable:510:10)
    at Console.log (/usr/local/lib/node_modules/firebase-tools/node_modules/winston/lib/winston/transports/console.js:87:23)
    at Console._write (/usr/local/lib/node_modules/firebase-tools/node_modules/winston-transport/modern.js:103:17)
    at doWrite (/usr/local/lib/node_modules/firebase-tools/node_modules/winston-transport/node_modules/readable-stream/lib/_stream_writable.js:390:139)
[error] 
[error] Error: An unexpected error has occurred.
[debug] [2026-07-16T19:02:28.071Z] Error: write EIO
    at afterWriteDispatched (node:internal/stream_base_commons:159:15)
    at writeGeneric (node:internal/stream_base_commons:150:3)
    at Socket._writeGeneric (node:net:966:11)
    at Socket._write (node:net:978:8)
    at writeOrBuffer (node:internal/streams/writable:572:12)
    at _write (node:internal/streams/writable:501:10)
    at Writable.write (node:internal/streams/writable:510:10)
    at Console.log (/usr/local/lib/node_modules/firebase-tools/node_modules/winston/lib/winston/transports/console.js:87:23)
    at Console._write (/usr/local/lib/node_modules/firebase-tools/node_modules/winston-transport/modern.js:103:17)
    at doWrite (/usr/local/lib/node_modules/firebase-tools/node_modules/winston-transport/node_modules/readable-stream/lib/_stream_writable.js:390:139)
[error] 
[error] Error: An unexpected error has occurred.
[debug] [2026-07-16T19:02:28.072Z] Error: write EIO
    at afterWriteDispatched (node:internal/stream_base_commons:159:15)
    at writeGeneric (node:internal/stream_base_commons:150:3)
    at Socket._writeGeneric (node:net:966:11)
    at Socket._write (node:net:978:8)
    at writeOrBuffer (node:internal/streams/writable:572:12)
    at _write (node:internal/streams/writable:501:10)
    at Writable.write (node:internal/streams/writable:510:10)
    at Console.log (/usr/local/lib/node_modules/firebase-tools/node_modules/winston/lib/winston/transports/console.js:87:23)
    at Console._write (/usr/local/lib/node_modules/firebase-tools/node_modules/winston-transport/modern.js:103:17)
    at doWrite (/usr/local/lib/node_modules/firebase-tools/node_modules/winston-transport/node_modules/readable-stream/lib/_stream_writable.js:390:139)
[error] 
[error] Error: An unexpected error has occurred.
[debug] [2026-07-16T19:02:28.072Z] Error: write EIO
    at afterWriteDispatched (node:internal/stream_base_commons:159:15)
    at writeGeneric (node:internal/stream_base_commons:150:3)
    at Socket._writeGeneric (node:net:966:11)
    at Socket._write (node:net:978:8)
    at writeOrBuffer (node:internal/streams/writable:572:12)
    at _write (node:internal/streams/writable:501:10)
    at Writable.write (node:internal/streams/writable:510:10)
    at Console.log (/usr/local/lib/node_modules/firebase-tools/node_modules/winston/lib/winston/transports/console.js:87:23)
    at Console._write (/usr/local/lib/node_modules/firebase-tools/node_modules/winston-transport/modern.js:103:17)
    at doWrite (/usr/local/lib/node_modules/firebase-tools/node_modules/winston-transport/node_modules/readable-stream/lib/_stream_writable.js:390:139)
[error] 
[error] Error: An unexpected error has occurred.
[debug] [2026-07-16T19:02:28.073Z] Error: write EIO
    at afterWriteDispatched (node:internal/stream_base_commons:159:15)
    at writeGeneric (node:internal/stream_base_commons:150:3)
    at Socket._writeGeneric (node:net:966:11)
    at Socket._write (node:net:978:8)
    at writeOrBuffer (node:internal/streams/writable:572:12)
    at _write (node:internal/streams/writable:501:10)
    at Writable.write (node:internal/streams/writable:510:10)
    at Console.log (/usr/local/lib/node_modules/firebase-tools/node_modules/winston/lib/winston/transports/console.js:87:23)
    at Console._write (/usr/local/lib/node_modules/firebase-tools/node_modules/winston-transport/modern.js:103:17)
    at doWrite (/usr/local/lib/node_modules/firebase-tools/node_modules/winston-transport/node_modules/readable-stream/lib/_stream_writable.js:390:139)
[error] 
[error] Error: An unexpected error has occurred.
[debug] [2026-07-16T19:02:28.073Z] Error: write EIO
    at afterWriteDispatched (node:internal/stream_base_commons:159:15)
    at writeGeneric (node:internal/stream_base_commons:150:3)
    at Socket._writeGeneric (node:net:966:11)
    at Socket._write (node:net:978:8)
    at writeOrBuffer (node:internal/streams/writable:572:12)
    at _write (node:internal/streams/writable:501:10)
    at Writable.write (node:internal/streams/writable:510:10)
    at Console.log (/usr/local/lib/node_modules/firebase-tools/node_modules/winston/lib/winston/transports/console.js:87:23)
    at Console._write (/usr/local/lib/node_modules/firebase-tools/node_modules/winston-transport/modern.js:103:17)
    at doWrite (/usr/local/lib/node_modules/firebase-tools/node_modules/winston-transport/node_modules/readable-stream/lib/_stream_writable.js:390:139)
[error] 
[error] Error: An unexpected error has occurred.
[debug] [2026-07-16T19:02:28.074Z] Error: write EIO
    at afterWriteDispatched (node:internal/stream_base_commons:159:15)
    at writeGeneric (node:internal/stream_base_commons:150:3)
    at Socket._writeGeneric (node:net:966:11)
    at Socket._write (node:net:978:8)
    at writeOrBuffer (node:internal/streams/writable:572:12)
    at _write (node:internal/streams/writable:501:10)
    at Writable.write (node:internal/streams/writable:510:10)
    at Console.log (/usr/local/lib/node_modules/firebase-tools/node_modules/winston/lib/winston/transports/console.js:87:23)
    at Console._write (/usr/local/lib/node_modules/firebase-tools/node_modules/winston-transport/modern.js:103:17)
    at doWrite (/usr/local/lib/node_modules/firebase-tools/node_modules/winston-transport/node_modules/readable-stream/lib/_stream_writable.js:390:139)
[error] 
[error] Error: An unexpected error has occurred.
[debug] [2026-07-16T19:02:28.075Z] Error: write EIO
    at afterWriteDispatched (node:internal/stream_base_commons:159:15)
    at writeGeneric (node:internal/stream_base_commons:150:3)
    at Socket._writeGeneric (node:net:966:11)
    at Socket._write (node:net:978:8)
    at writeOrBuffer (node:internal/streams/writable:572:12)
    at _write (node:internal/streams/writable:501:10)
    at Writable.write (node:internal/streams/writable:510:10)
    at Console.log (/usr/local/lib/node_modules/firebase-tools/node_modules/winston/lib/winston/transports/console.js:87:23)
    at Console._write (/usr/local/lib/node_modules/firebase-tools/node_modules/winston-transport/modern.js:103:17)
    at doWrite (/usr/local/lib/node_modules/firebase-tools/node_modules/winston-transport/node_modules/readable-stream/lib/_stream_writable.js:390:139)
[error] 
[error] Error: An unexpected error has occurred.
[debug] [2026-07-16T19:02:28.077Z] Error: write EIO
    at afterWriteDispatched (node:internal/stream_base_commons:159:15)
    at writeGeneric (node:internal/stream_base_commons:150:3)
    at Socket._writeGeneric (node:net:966:11)
    at Socket._write (node:net:978:8)
    at writeOrBuffer (node:internal/streams/writable:572:12)
    at _write (node:internal/streams/writable:501:10)
    at Writable.write (node:internal/streams/writable:510:10)
    at Console.log (/usr/local/lib/node_modules/firebase-tools/node_modules/winston/lib/winston/transports/console.js:87:23)
    at Console._write (/usr/local/lib/node_modules/firebase-tools/node_modules/winston-transport/modern.js:103:17)
    at doWrite (/usr/local/lib/node_modules/firebase-tools/node_modules/winston-transport/node_modules/readable-stream/lib/_stream_writable.js:390:139)
[error] 
[error] Error: An unexpected error has occurred.
[debug] [2026-07-16T19:02:28.078Z] Error: write EIO
    at afterWriteDispatched (node:internal/stream_base_commons:159:15)
    at writeGeneric (node:internal/stream_base_commons:150:3)
    at Socket._writeGeneric (node:net:966:11)
    at Socket._write (node:net:978:8)
    at writeOrBuffer (node:internal/streams/writable:572:12)
    at _write (node:internal/streams/writable:501:10)
    at Writable.write (node:internal/streams/writable:510:10)
    at Console.log (/usr/local/lib/node_modules/firebase-tools/node_modules/winston/lib/winston/transports/console.js:87:23)
    at Console._write (/usr/local/lib/node_modules/firebase-tools/node_modules/winston-transport/modern.js:103:17)
    at doWrite (/usr/local/lib/node_modules/firebase-tools/node_modules/winston-transport/node_modules/readable-stream/lib/_stream_writable.js:390:139)
[error] 
[error] Error: An unexpected error has occurred.
[debug] [2026-07-16T19:02:28.079Z] Error: write EIO
    at afterWriteDispatched (node:internal/stream_base_commons:159:15)
    at writeGeneric (node:internal/stream_base_commons:150:3)
    at Socket._writeGeneric (node:net:966:11)
    at Socket._write (node:net:978:8)
    at writeOrBuffer (node:internal/streams/writable:572:12)
    at _write (node:internal/streams/writable:501:10)
    at Writable.write (node:internal/streams/writable:510:10)
    at Console.log (/usr/local/lib/node_modules/firebase-tools/node_modules/winston/lib/winston/transports/console.js:87:23)
    at Console._write (/usr/local/lib/node_modules/firebase-tools/node_modules/winston-transport/modern.js:103:17)
    at doWrite (/usr/local/lib/node_modules/firebase-tools/node_modules/winston-transport/node_modules/readable-stream/lib/_stream_writable.js:390:139)
[error] 
[error] Error: An unexpected error has occurred.
[debug] [2026-07-16T19:02:28.080Z] Error: write EIO
    at afterWriteDispatched (node:internal/stream_base_commons:159:15)
    at writeGeneric (node:internal/stream_base_commons:150:3)
    at Socket._writeGeneric (node:net:966:11)
    at Socket._write (node:net:978:8)
    at writeOrBuffer (node:internal/streams/writable:572:12)
    at _write (node:internal/streams/writable:501:10)
    at Writable.write (node:internal/streams/writable:510:10)
    at Console.log (/usr/local/lib/node_modules/firebase-tools/node_modules/winston/lib/winston/transports/console.js:87:23)
    at Console._write (/usr/local/lib/node_modules/firebase-tools/node_modules/winston-transport/modern.js:103:17)
    at doWrite (/usr/local/lib/node_modules/firebase-tools/node_modules/winston-transport/node_modules/readable-stream/lib/_stream_writable.js:390:139)
[error] 
[error] Error: An unexpected error has occurred.
[debug] [2026-07-16T19:02:28.083Z] Error: write EIO
    at afterWriteDispatched (node:internal/stream_base_commons:159:15)
    at writeGeneric (node:internal/stream_base_commons:150:3)
    at Socket._writeGeneric (node:net:966:11)
    at Socket._write (node:net:978:8)
    at writeOrBuffer (node:internal/streams/writable:572:12)
    at _write (node:internal/streams/writable:501:10)
    at Writable.write (node:internal/streams/writable:510:10)
    at Console.log (/usr/local/lib/node_modules/firebase-tools/node_modules/winston/lib/winston/transports/console.js:87:23)
    at Console._write (/usr/local/lib/node_modules/firebase-tools/node_modules/winston-transport/modern.js:103:17)
    at doWrite (/usr/local/lib/node_modules/firebase-tools/node_modules/winston-transport/node_modules/readable-stream/lib/_stream_writable.js:390:139)
[error] 
[error] Error: An unexpected error has occurred.
[debug] [2026-07-16T19:02:28.085Z] Error: write EIO
    at afterWriteDispatched (node:internal/stream_base_commons:159:15)
    at writeGeneric (node:internal/stream_base_commons:150:3)
    at Socket._writeGeneric (node:net:966:11)
    at Socket._write (node:net:978:8)
    at writeOrBuffer (node:internal/streams/writable:572:12)
    at _write (node:internal/streams/writable:501:10)
    at Writable.write (node:internal/streams/writable:510:10)
    at Console.log (/usr/local/lib/node_modules/firebase-tools/node_modules/winston/lib/winston/transports/console.js:87:23)
    at Console._write (/usr/local/lib/node_modules/firebase-tools/node_modules/winston-transport/modern.js:103:17)
    at doWrite (/usr/local/lib/node_modules/firebase-tools/node_modules/winston-transport/node_modules/readable-stream/lib/_stream_writable.js:390:139)
[error] 
[error] Error: An unexpected error has occurred.
[debug] [2026-07-16T19:02:28.087Z] Error: write EIO
    at afterWriteDispatched (node:internal/stream_base_commons:159:15)
    at writeGeneric (node:internal/stream_base_commons:150:3)
    at Socket._writeGeneric (node:net:966:11)
    at Socket._write (node:net:978:8)
    at writeOrBuffer (node:internal/streams/writable:572:12)
    at _write (node:internal/streams/writable:501:10)
    at Writable.write (node:internal/streams/writable:510:10)
    at Console.log (/usr/local/lib/node_modules/firebase-tools/node_modules/winston/lib/winston/transports/console.js:87:23)
    at Console._write (/usr/local/lib/node_modules/firebase-tools/node_modules/winston-transport/modern.js:103:17)
    at doWrite (/usr/local/lib/node_modules/firebase-tools/node_modules/winston-transport/node_modules/readable-stream/lib/_stream_writable.js:390:139)
[error] 
[error] Error: An unexpected error has occurred.
[debug] [2026-07-16T19:02:28.088Z] Error: write EIO
    at afterWriteDispatched (node:internal/stream_base_commons:159:15)
    at writeGeneric (node:internal/stream_base_commons:150:3)
    at Socket._writeGeneric (node:net:966:11)
    at Socket._write (node:net:978:8)
    at writeOrBuffer (node:internal/streams/writable:572:12)
    at _write (node:internal/streams/writable:501:10)
    at Writable.write (node:internal/streams/writable:510:10)
    at Console.log (/usr/local/lib/node_modules/firebase-tools/node_modules/winston/lib/winston/transports/console.js:87:23)
    at Console._write (/usr/local/lib/node_modules/firebase-tools/node_modules/winston-transport/modern.js:103:17)
    at doWrite (/usr/local/lib/node_modules/firebase-tools/node_modules/winston-transport/node_modules/readable-stream/lib/_stream_writable.js:390:139)
[error] 
[error] Error: An unexpected error has occurred.
[debug] [2026-07-16T19:02:28.089Z] Error: write EIO
    at afterWriteDispatched (node:internal/stream_base_commons:159:15)
    at writeGeneric (node:internal/stream_base_commons:150:3)
    at Socket._writeGeneric (node:net:966:11)
    at Socket._write (node:net:978:8)
    at writeOrBuffer (node:internal/streams/writable:572:12)
    at _write (node:internal/streams/writable:501:10)
    at Writable.write (node:internal/streams/writable:510:10)
    at Console.log (/usr/local/lib/node_modules/firebase-tools/node_modules/winston/lib/winston/transports/console.js:87:23)
    at Console._write (/usr/local/lib/node_modules/firebase-tools/node_modules/winston-transport/modern.js:103:17)
    at doWrite (/usr/local/lib/node_modules/firebase-tools/node_modules/winston-transport/node_modules/readable-stream/lib/_stream_writable.js:390:139)
[error] 
[error] Error: An unexpected error has occurred.
[debug] [2026-07-16T19:02:28.090Z] Error: write EIO
    at afterWriteDispatched (node:internal/stream_base_commons:159:15)
    at writeGeneric (node:internal/stream_base_commons:150:3)
    at Socket._writeGeneric (node:net:966:11)
    at Socket._write (node:net:978:8)
    at writeOrBuffer (node:internal/streams/writable:572:12)
    at _write (node:internal/streams/writable:501:10)
    at Writable.write (node:internal/streams/writable:510:10)
    at Console.log (/usr/local/lib/node_modules/firebase-tools/node_modules/winston/lib/winston/transports/console.js:87:23)
    at Console._write (/usr/local/lib/node_modules/firebase-tools/node_modules/winston-transport/modern.js:103:17)
    at doWrite (/usr/local/lib/node_modules/firebase-tools/node_modules/winston-transport/node_modules/readable-stream/lib/_stream_writable.js:390:139)
[error] 
[error] Error: An unexpected error has occurred.
[debug] [2026-07-16T19:02:28.093Z] Error: write EIO
    at afterWriteDispatched (node:internal/stream_base_commons:159:15)
    at writeGeneric (node:internal/stream_base_commons:150:3)
    at Socket._writeGeneric (node:net:966:11)
    at Socket._write (node:net:978:8)
    at writeOrBuffer (node:internal/streams/writable:572:12)
    at _write (node:internal/streams/writable:501:10)
    at Writable.write (node:internal/streams/writable:510:10)
    at Console.log (/usr/local/lib/node_modules/firebase-tools/node_modules/winston/lib/winston/transports/console.js:87:23)
    at Console._write (/usr/local/lib/node_modules/firebase-tools/node_modules/winston-transport/modern.js:103:17)
    at doWrite (/usr/local/lib/node_modules/firebase-tools/node_modules/winston-transport/node_modules/readable-stream/lib/_stream_writable.js:390:139)
[error] 
[error] Error: An unexpected error has occurred.
[debug] [2026-07-16T19:02:28.094Z] Error: write EIO
    at afterWriteDispatched (node:internal/stream_base_commons:159:15)
    at writeGeneric (node:internal/stream_base_commons:150:3)
    at Socket._writeGeneric (node:net:966:11)
    at Socket._write (node:net:978:8)
    at writeOrBuffer (node:internal/streams/writable:572:12)
    at _write (node:internal/streams/writable:501:10)
    at Writable.write (node:internal/streams/writable:510:10)
    at Console.log (/usr/local/lib/node_modules/firebase-tools/node_modules/winston/lib/winston/transports/console.js:87:23)
    at Console._write (/usr/local/lib/node_modules/firebase-tools/node_modules/winston-transport/modern.js:103:17)
    at doWrite (/usr/local/lib/node_modules/firebase-tools/node_modules/winston-transport/node_modules/readable-stream/lib/_stream_writable.js:390:139)
[error] 
[error] Error: An unexpected error has occurred.
[debug] [2026-07-16T19:02:28.095Z] Error: write EIO
    at afterWriteDispatched (node:internal/stream_base_commons:159:15)
    at writeGeneric (node:internal/stream_base_commons:150:3)
    at Socket._writeGeneric (node:net:966:11)
    at Socket._write (node:net:978:8)
    at writeOrBuffer (node:internal/streams/writable:572:12)
    at _write (node:internal/streams/writable:501:10)
    at Writable.write (node:internal/streams/writable:510:10)
    at Console.log (/usr/local/lib/node_modules/firebase-tools/node_modules/winston/lib/winston/transports/console.js:87:23)
    at Console._write (/usr/local/lib/node_modules/firebase-tools/node_modules/winston-transport/modern.js:103:17)
    at doWrite (/usr/local/lib/node_modules/firebase-tools/node_modules/winston-transport/node_modules/readable-stream/lib/_stream_writable.js:390:139)
[error] 
[error] Error: An unexpected error has occurred.
[debug] [2026-07-16T19:02:28.096Z] Error: write EIO
    at afterWriteDispatched (node:internal/stream_base_commons:159:15)
    at writeGeneric (node:internal/stream_base_commons:150:3)
    at Socket._writeGeneric (node:net:966:11)
    at Socket._write (node:net:978:8)
    at writeOrBuffer (node:internal/streams/writable:572:12)
    at _write (node:internal/streams/writable:501:10)
    at Writable.write (node:internal/streams/writable:510:10)
    at Console.log (/usr/local/lib/node_modules/firebase-tools/node_modules/winston/lib/winston/transports/console.js:87:23)
    at Console._write (/usr/local/lib/node_modules/firebase-tools/node_modules/winston-transport/modern.js:103:17)
    at doWrite (/usr/local/lib/node_modules/firebase-tools/node_modules/winston-transport/node_modules/readable-stream/lib/_stream_writable.js:390:139)
[error] 
[error] Error: An unexpected error has occurred.
[debug] [2026-07-16T19:02:28.096Z] Error: write EIO
    at afterWriteDispatched (node:internal/stream_base_commons:159:15)
    at writeGeneric (node:internal/stream_base_commons:150:3)
    at Socket._writeGeneric (node:net:966:11)
    at Socket._write (node:net:978:8)
    at writeOrBuffer (node:internal/streams/writable:572:12)
    at _write (node:internal/streams/writable:501:10)
    at Writable.write (node:internal/streams/writable:510:10)
    at Console.log (/usr/local/lib/node_modules/firebase-tools/node_modules/winston/lib/winston/transports/console.js:87:23)
    at Console._write (/usr/local/lib/node_modules/firebase-tools/node_modules/winston-transport/modern.js:103:17)
    at doWrite (/usr/local/lib/node_modules/firebase-tools/node_modules/winston-transport/node_modules/readable-stream/lib/_stream_writable.js:390:139)
[error] 
[error] Error: An unexpected error has occurred.
[debug] [2026-07-16T19:02:28.097Z] Error: write EIO
    at afterWriteDispatched (node:internal/stream_base_commons:159:15)
    at writeGeneric (node:internal/stream_base_commons:150:3)
    at Socket._writeGeneric (node:net:966:11)
    at Socket._write (node:net:978:8)
    at writeOrBuffer (node:internal/streams/writable:572:12)
    at _write (node:internal/streams/writable:501:10)
    at Writable.write (node:internal/streams/writable:510:10)
    at Console.log (/usr/local/lib/node_modules/firebase-tools/node_modules/winston/lib/winston/transports/console.js:87:23)
    at Console._write (/usr/local/lib/node_modules/firebase-tools/node_modules/winston-transport/modern.js:103:17)
    at doWrite (/usr/local/lib/node_modules/firebase-tools/node_modules/winston-transport/node_modules/readable-stream/lib/_stream_writable.js:390:139)
[error] 
[error] Error: An unexpected error has occurred.
[debug] [2026-07-16T19:02:28.098Z] Error: write EIO
    at afterWriteDispatched (node:internal/stream_base_commons:159:15)
    at writeGeneric (node:internal/stream_base_commons:150:3)
    at Socket._writeGeneric (node:net:966:11)
    at Socket._write (node:net:978:8)
    at writeOrBuffer (node:internal/streams/writable:572:12)
    at _write (node:internal/streams/writable:501:10)
    at Writable.write (node:internal/streams/writable:510:10)
    at Console.log (/usr/local/lib/node_modules/firebase-tools/node_modules/winston/lib/winston/transports/console.js:87:23)
    at Console._write (/usr/local/lib/node_modules/firebase-tools/node_modules/winston-transport/modern.js:103:17)
    at doWrite (/usr/local/lib/node_modules/firebase-tools/node_modules/winston-transport/node_modules/readable-stream/lib/_stream_writable.js:390:139)
[error] 
[error] Error: An unexpected error has occurred.
[debug] [2026-07-16T19:02:28.098Z] Error: write EIO
    at afterWriteDispatched (node:internal/stream_base_commons:159:15)
    at writeGeneric (node:internal/stream_base_commons:150:3)
    at Socket._writeGeneric (node:net:966:11)
    at Socket._write (node:net:978:8)
    at writeOrBuffer (node:internal/streams/writable:572:12)
    at _write (node:internal/streams/writable:501:10)
    at Writable.write (node:internal/streams/writable:510:10)
    at Console.log (/usr/local/lib/node_modules/firebase-tools/node_modules/winston/lib/winston/transports/console.js:87:23)
    at Console._write (/usr/local/lib/node_modules/firebase-tools/node_modules/winston-transport/modern.js:103:17)
    at doWrite (/usr/local/lib/node_modules/firebase-tools/node_modules/winston-transport/node_modules/readable-stream/lib/_stream_writable.js:390:139)
[error] 
[error] Error: An unexpected error has occurred.
[debug] [2026-07-16T19:02:28.099Z] Error: write EIO
    at afterWriteDispatched (node:internal/stream_base_commons:159:15)
    at writeGeneric (node:internal/stream_base_commons:150:3)
    at Socket._writeGeneric (node:net:966:11)
    at Socket._write (node:net:978:8)
    at writeOrBuffer (node:internal/streams/writable:572:12)
    at _write (node:internal/streams/writable:501:10)
    at Writable.write (node:internal/streams/writable:510:10)
    at Console.log (/usr/local/lib/node_modules/firebase-tools/node_modules/winston/lib/winston/transports/console.js:87:23)
    at Console._write (/usr/local/lib/node_modules/firebase-tools/node_modules/winston-transport/modern.js:103:17)
    at doWrite (/usr/local/lib/node_modules/firebase-tools/node_modules/winston-transport/node_modules/readable-stream/lib/_stream_writable.js:390:139)
[error] 
[error] Error: An unexpected error has occurred.
[debug] [2026-07-16T19:02:28.100Z] Error: write EIO
    at afterWriteDispatched (node:internal/stream_base_commons:159:15)
    at writeGeneric (node:internal/stream_base_commons:150:3)
    at Socket._writeGeneric (node:net:966:11)
    at Socket._write (node:net:978:8)
    at writeOrBuffer (node:internal/streams/writable:572:12)
    at _write (node:internal/streams/writable:501:10)
    at Writable.write (node:internal/streams/writable:510:10)
    at Console.log (/usr/local/lib/node_modules/firebase-tools/node_modules/winston/lib/winston/transports/console.js:87:23)
    at Console._write (/usr/local/lib/node_modules/firebase-tools/node_modules/winston-transport/modern.js:103:17)
    at doWrite (/usr/local/lib/node_modules/firebase-tools/node_modules/winston-transport/node_modules/readable-stream/lib/_stream_writable.js:390:139)
[error] 
[error] Error: An unexpected error has occurred.
[debug] [2026-07-16T19:02:28.101Z] Error: write EIO
    at afterWriteDispatched (node:internal/stream_base_commons:159:15)
    at writeGeneric (node:internal/stream_base_commons:150:3)
    at Socket._writeGeneric (node:net:966:11)
    at Socket._write (node:net:978:8)
    at writeOrBuffer (node:internal/streams/writable:572:12)
    at _write (node:internal/streams/writable:501:10)
    at Writable.write (node:internal/streams/writable:510:10)
    at Console.log (/usr/local/lib/node_modules/firebase-tools/node_modules/winston/lib/winston/transports/console.js:87:23)
    at Console._write (/usr/local/lib/node_modules/firebase-tools/node_modules/winston-transport/modern.js:103:17)
    at doWrite (/usr/local/lib/node_modules/firebase-tools/node_modules/winston-transport/node_modules/readable-stream/lib/_stream_writable.js:390:139)
[error] 
[error] Error: An unexpected error has occurred.
[debug] [2026-07-16T19:02:28.102Z] Error: write EIO
    at afterWriteDispatched (node:internal/stream_base_commons:159:15)
    at writeGeneric (node:internal/stream_base_commons:150:3)
    at Socket._writeGeneric (node:net:966:11)
    at Socket._write (node:net:978:8)
    at writeOrBuffer (node:internal/streams/writable:572:12)
    at _write (node:internal/streams/writable:501:10)
    at Writable.write (node:internal/streams/writable:510:10)
    at Console.log (/usr/local/lib/node_modules/firebase-tools/node_modules/winston/lib/winston/transports/console.js:87:23)
    at Console._write (/usr/local/lib/node_modules/firebase-tools/node_modules/winston-transport/modern.js:103:17)
    at doWrite (/usr/local/lib/node_modules/firebase-tools/node_modules/winston-transport/node_modules/readable-stream/lib/_stream_writable.js:390:139)
[error] 
[error] Error: An unexpected error has occurred.
[debug] [2026-07-16T19:02:28.103Z] Error: write EIO
    at afterWriteDispatched (node:internal/stream_base_commons:159:15)
    at writeGeneric (node:internal/stream_base_commons:150:3)
    at Socket._writeGeneric (node:net:966:11)
    at Socket._write (node:net:978:8)
    at writeOrBuffer (node:internal/streams/writable:572:12)
    at _write (node:internal/streams/writable:501:10)
    at Writable.write (node:internal/streams/writable:510:10)
    at Console.log (/usr/local/lib/node_modules/firebase-tools/node_modules/winston/lib/winston/transports/console.js:87:23)
    at Console._write (/usr/local/lib/node_modules/firebase-tools/node_modules/winston-transport/modern.js:103:17)
    at doWrite (/usr/local/lib/node_modules/firebase-tools/node_modules/winston-transport/node_modules/readable-stream/lib/_stream_writable.js:390:139)
[error] 
[error] Error: An unexpected error has occurred.
[debug] [2026-07-16T19:02:28.104Z] Error: write EIO
    at afterWriteDispatched (node:internal/stream_base_commons:159:15)
    at writeGeneric (node:internal/stream_base_commons:150:3)
    at Socket._writeGeneric (node:net:966:11)
    at Socket._write (node:net:978:8)
    at writeOrBuffer (node:internal/streams/writable:572:12)
    at _write (node:internal/streams/writable:501:10)
    at Writable.write (node:internal/streams/writable:510:10)
    at Console.log (/usr/local/lib/node_modules/firebase-tools/node_modules/winston/lib/winston/transports/console.js:87:23)
    at Console._write (/usr/local/lib/node_modules/firebase-tools/node_modules/winston-transport/modern.js:103:17)
    at doWrite (/usr/local/lib/node_modules/firebase-tools/node_modules/winston-transport/node_modules/readable-stream/lib/_stream_writable.js:390:139)
[error] 
[error] Error: An unexpected error has occurred.
[debug] [2026-07-16T19:02:28.105Z] Error: write EIO
    at afterWriteDispatched (node:internal/stream_base_commons:159:15)
    at writeGeneric (node:internal/stream_base_commons:150:3)
    at Socket._writeGeneric (node:net:966:11)
    at Socket._write (node:net:978:8)
    at writeOrBuffer (node:internal/streams/writable:572:12)
    at _write (node:internal/streams/writable:501:10)
    at Writable.write (node:internal/streams/writable:510:10)
    at Console.log (/usr/local/lib/node_modules/firebase-tools/node_modules/winston/lib/winston/transports/console.js:87:23)
    at Console._write (/usr/local/lib/node_modules/firebase-tools/node_modules/winston-transport/modern.js:103:17)
    at doWrite (/usr/local/lib/node_modules/firebase-tools/node_modules/winston-transport/node_modules/readable-stream/lib/_stream_writable.js:390:139)
[error] 
[error] Error: An unexpected error has occurred.
[debug] [2026-07-16T19:02:28.106Z] Error: write EIO
    at afterWriteDispatched (node:internal/stream_base_commons:159:15)
    at writeGeneric (node:internal/stream_base_commons:150:3)
    at Socket._writeGeneric (node:net:966:11)
    at Socket._write (node:net:978:8)
    at writeOrBuffer (node:internal/streams/writable:572:12)
    at _write (node:internal/streams/writable:501:10)
    at Writable.write (node:internal/streams/writable:510:10)
    at Console.log (/usr/local/lib/node_modules/firebase-tools/node_modules/winston/lib/winston/transports/console.js:87:23)
    at Console._write (/usr/local/lib/node_modules/firebase-tools/node_modules/winston-transport/modern.js:103:17)
    at doWrite (/usr/local/lib/node_modules/firebase-tools/node_modules/winston-transport/node_modules/readable-stream/lib/_stream_writable.js:390:139)
[error] 
[error] Error: An unexpected error has occurred.
[debug] [2026-07-16T19:02:28.107Z] Error: write EIO
    at afterWriteDispatched (node:internal/stream_base_commons:159:15)
    at writeGeneric (node:internal/stream_base_commons:150:3)
    at Socket._writeGeneric (node:net:966:11)
    at Socket._write (node:net:978:8)
    at writeOrBuffer (node:internal/streams/writable:572:12)
    at _write (node:internal/streams/writable:501:10)
    at Writable.write (node:internal/streams/writable:510:10)
    at Console.log (/usr/local/lib/node_modules/firebase-tools/node_modules/winston/lib/winston/transports/console.js:87:23)
    at Console._write (/usr/local/lib/node_modules/firebase-tools/node_modules/winston-transport/modern.js:103:17)
    at doWrite (/usr/local/lib/node_modules/firebase-tools/node_modules/winston-transport/node_modules/readable-stream/lib/_stream_writable.js:390:139)
[error] 
[error] Error: An unexpected error has occurred.
[debug] [2026-07-16T19:02:28.107Z] Error: write EIO
    at afterWriteDispatched (node:internal/stream_base_commons:159:15)
    at writeGeneric (node:internal/stream_base_commons:150:3)
    at Socket._writeGeneric (node:net:966:11)
    at Socket._write (node:net:978:8)
    at writeOrBuffer (node:internal/streams/writable:572:12)
    at _write (node:internal/streams/writable:501:10)
    at Writable.write (node:internal/streams/writable:510:10)
    at Console.log (/usr/local/lib/node_modules/firebase-tools/node_modules/winston/lib/winston/transports/console.js:87:23)
    at Console._write (/usr/local/lib/node_modules/firebase-tools/node_modules/winston-transport/modern.js:103:17)
    at doWrite (/usr/local/lib/node_modules/firebase-tools/node_modules/winston-transport/node_modules/readable-stream/lib/_stream_writable.js:390:139)
[error] 
[error] Error: An unexpected error has occurred.
[debug] [2026-07-16T19:02:28.108Z] Error: write EIO
    at afterWriteDispatched (node:internal/stream_base_commons:159:15)
    at writeGeneric (node:internal/stream_base_commons:150:3)
    at Socket._writeGeneric (node:net:966:11)
    at Socket._write (node:net:978:8)
    at writeOrBuffer (node:internal/streams/writable:572:12)
    at _write (node:internal/streams/writable:501:10)
    at Writable.write (node:internal/streams/writable:510:10)
    at Console.log (/usr/local/lib/node_modules/firebase-tools/node_modules/winston/lib/winston/transports/console.js:87:23)
    at Console._write (/usr/local/lib/node_modules/firebase-tools/node_modules/winston-transport/modern.js:103:17)
    at doWrite (/usr/local/lib/node_modules/firebase-tools/node_modules/winston-transport/node_modules/readable-stream/lib/_stream_writable.js:390:139)
[error] 
[error] Error: An unexpected error has occurred.
[debug] [2026-07-16T19:02:28.109Z] Error: write EIO
    at afterWriteDispatched (node:internal/stream_base_commons:159:15)
    at writeGeneric (node:internal/stream_base_commons:150:3)
    at Socket._writeGeneric (node:net:966:11)
    at Socket._write (node:net:978:8)
    at writeOrBuffer (node:internal/streams/writable:572:12)
    at _write (node:internal/streams/writable:501:10)
    at Writable.write (node:internal/streams/writable:510:10)
    at Console.log (/usr/local/lib/node_modules/firebase-tools/node_modules/winston/lib/winston/transports/console.js:87:23)
    at Console._write (/usr/local/lib/node_modules/firebase-tools/node_modules/winston-transport/modern.js:103:17)
    at doWrite (/usr/local/lib/node_modules/firebase-tools/node_modules/winston-transport/node_modules/readable-stream/lib/_stream_writable.js:390:139)
[error] 
[error] Error: An unexpected error has occurred.
[debug] [2026-07-16T19:02:28.110Z] Error: write EIO
    at afterWriteDispatched (node:internal/stream_base_commons:159:15)
    at writeGeneric (node:internal/stream_base_commons:150:3)
    at Socket._writeGeneric (node:net:966:11)
    at Socket._write (node:net:978:8)
    at writeOrBuffer (node:internal/streams/writable:572:12)
    at _write (node:internal/streams/writable:501:10)
    at Writable.write (node:internal/streams/writable:510:10)
    at Console.log (/usr/local/lib/node_modules/firebase-tools/node_modules/winston/lib/winston/transports/console.js:87:23)
    at Console._write (/usr/local/lib/node_modules/firebase-tools/node_modules/winston-transport/modern.js:103:17)
    at doWrite (/usr/local/lib/node_modules/firebase-tools/node_modules/winston-transport/node_modules/readable-stream/lib/_stream_writable.js:390:139)
[error] 
[error] Error: An unexpected error has occurred.
[debug] [2026-07-16T19:02:28.110Z] Error: write EIO
    at afterWriteDispatched (node:internal/stream_base_commons:159:15)
    at writeGeneric (node:internal/stream_base_commons:150:3)
    at Socket._writeGeneric (node:net:966:11)
    at Socket._write (node:net:978:8)
    at writeOrBuffer (node:internal/streams/writable:572:12)
    at _write (node:internal/streams/writable:501:10)
    at Writable.write (node:internal/streams/writable:510:10)
    at Console.log (/usr/local/lib/node_modules/firebase-tools/node_modules/winston/lib/winston/transports/console.js:87:23)
    at Console._write (/usr/local/lib/node_modules/firebase-tools/node_modules/winston-transport/modern.js:103:17)
    at doWrite (/usr/local/lib/node_modules/firebase-tools/node_modules/winston-transport/node_modules/readable-stream/lib/_stream_writable.js:390:139)
[error] 
[error] Error: An unexpected error has occurred.
[debug] [2026-07-16T19:02:28.112Z] Error: write EIO
    at afterWriteDispatched (node:internal/stream_base_commons:159:15)
    at writeGeneric (node:internal/stream_base_commons:150:3)
    at Socket._writeGeneric (node:net:966:11)
    at Socket._write (node:net:978:8)
    at writeOrBuffer (node:internal/streams/writable:572:12)
    at _write (node:internal/streams/writable:501:10)
    at Writable.write (node:internal/streams/writable:510:10)
    at Console.log (/usr/local/lib/node_modules/firebase-tools/node_modules/winston/lib/winston/transports/console.js:87:23)
    at Console._write (/usr/local/lib/node_modules/firebase-tools/node_modules/winston-transport/modern.js:103:17)
    at doWrite (/usr/local/lib/node_modules/firebase-tools/node_modules/winston-transport/node_modules/readable-stream/lib/_stream_writable.js:390:139)
[error] 
[error] Error: An unexpected error has occurred.
[debug] [2026-07-16T19:02:28.113Z] Error: write EIO
    at afterWriteDispatched (node:internal/stream_base_commons:159:15)
    at writeGeneric (node:internal/stream_base_commons:150:3)
    at Socket._writeGeneric (node:net:966:11)
    at Socket._write (node:net:978:8)
    at writeOrBuffer (node:internal/streams/writable:572:12)
    at _write (node:internal/streams/writable:501:10)
    at Writable.write (node:internal/streams/writable:510:10)
    at Console.log (/usr/local/lib/node_modules/firebase-tools/node_modules/winston/lib/winston/transports/console.js:87:23)
    at Console._write (/usr/local/lib/node_modules/firebase-tools/node_modules/winston-transport/modern.js:103:17)
    at doWrite (/usr/local/lib/node_modules/firebase-tools/node_modules/winston-transport/node_modules/readable-stream/lib/_stream_writable.js:390:139)
[error] 
[error] Error: An unexpected error has occurred.
[debug] [2026-07-16T19:02:28.114Z] Error: write EIO
    at afterWriteDispatched (node:internal/stream_base_commons:159:15)
    at writeGeneric (node:internal/stream_base_commons:150:3)
    at Socket._writeGeneric (node:net:966:11)
    at Socket._write (node:net:978:8)
    at writeOrBuffer (node:internal/streams/writable:572:12)
    at _write (node:internal/streams/writable:501:10)
    at Writable.write (node:internal/streams/writable:510:10)
    at Console.log (/usr/local/lib/node_modules/firebase-tools/node_modules/winston/lib/winston/transports/console.js:87:23)
    at Console._write (/usr/local/lib/node_modules/firebase-tools/node_modules/winston-transport/modern.js:103:17)
    at doWrite (/usr/local/lib/node_modules/firebase-tools/node_modules/winston-transport/node_modules/readable-stream/lib/_stream_writable.js:390:139)
[error] 
[error] Error: An unexpected error has occurred.
[debug] [2026-07-16T19:02:28.115Z] Error: write EIO
    at afterWriteDispatched (node:internal/stream_base_commons:159:15)
    at writeGeneric (node:internal/stream_base_commons:150:3)
    at Socket._writeGeneric (node:net:966:11)
    at Socket._write (node:net:978:8)
    at writeOrBuffer (node:internal/streams/writable:572:12)
    at _write (node:internal/streams/writable:501:10)
    at Writable.write (node:internal/streams/writable:510:10)
    at Console.log (/usr/local/lib/node_modules/firebase-tools/node_modules/winston/lib/winston/transports/console.js:87:23)
    at Console._write (/usr/local/lib/node_modules/firebase-tools/node_modules/winston-transport/modern.js:103:17)
    at doWrite (/usr/local/lib/node_modules/firebase-tools/node_modules/winston-transport/node_modules/readable-stream/lib/_stream_writable.js:390:139)
[error] 
[error] Error: An unexpected error has occurred.
[debug] [2026-07-16T19:02:28.120Z] Error: write EIO
    at afterWriteDispatched (node:internal/stream_base_commons:159:15)
    at writeGeneric (node:internal/stream_base_commons:150:3)
    at Socket._writeGeneric (node:net:966:11)
    at Socket._write (node:net:978:8)
    at writeOrBuffer (node:internal/streams/writable:572:12)
    at _write (node:internal/streams/writable:501:10)
    at Writable.write (node:internal/streams/writable:510:10)
    at Console.log (/usr/local/lib/node_modules/firebase-tools/node_modules/winston/lib/winston/transports/console.js:87:23)
    at Console._write (/usr/local/lib/node_modules/firebase-tools/node_modules/winston-transport/modern.js:103:17)
    at doWrite (/usr/local/lib/node_modules/firebase-tools/node_modules/winston-transport/node_modules/readable-stream/lib/_stream_writable.js:390:139)
[error] 
[error] Error: An unexpected error has occurred.
[debug] [2026-07-16T19:02:28.122Z] Error: write EIO
    at afterWriteDispatched (node:internal/stream_base_commons:159:15)
    at writeGeneric (node:internal/stream_base_commons:150:3)
    at Socket._writeGeneric (node:net:966:11)
    at Socket._write (node:net:978:8)
    at writeOrBuffer (node:internal/streams/writable:572:12)
    at _write (node:internal/streams/writable:501:10)
    at Writable.write (node:internal/streams/writable:510:10)
    at Console.log (/usr/local/lib/node_modules/firebase-tools/node_modules/winston/lib/winston/transports/console.js:87:23)
    at Console._write (/usr/local/lib/node_modules/firebase-tools/node_modules/winston-transport/modern.js:103:17)
    at doWrite (/usr/local/lib/node_modules/firebase-tools/node_modules/winston-transport/node_modules/readable-stream/lib/_stream_writable.js:390:139)
[error] 
[error] Error: An unexpected error has occurred.
[debug] [2026-07-16T19:02:28.123Z] Error: write EIO
    at afterWriteDispatched (node:internal/stream_base_commons:159:15)
    at writeGeneric (node:internal/stream_base_commons:150:3)
    at Socket._writeGeneric (node:net:966:11)
    at Socket._write (node:net:978:8)
    at writeOrBuffer (node:internal/streams/writable:572:12)
    at _write (node:internal/streams/writable:501:10)
    at Writable.write (node:internal/streams/writable:510:10)
    at Console.log (/usr/local/lib/node_modules/firebase-tools/node_modules/winston/lib/winston/transports/console.js:87:23)
    at Console._write (/usr/local/lib/node_modules/firebase-tools/node_modules/winston-transport/modern.js:103:17)
    at doWrite (/usr/local/lib/node_modules/firebase-tools/node_modules/winston-transport/node_modules/readable-stream/lib/_stream_writable.js:390:139)
[error] 
[error] Error: An unexpected error has occurred.
[debug] [2026-07-16T19:02:28.124Z] Error: write EIO
    at afterWriteDispatched (node:internal/stream_base_commons:159:15)
    at writeGeneric (node:internal/stream_base_commons:150:3)
    at Socket._writeGeneric (node:net:966:11)
    at Socket._write (node:net:978:8)
    at writeOrBuffer (node:internal/streams/writable:572:12)
    at _write (node:internal/streams/writable:501:10)
    at Writable.write (node:internal/streams/writable:510:10)
    at Console.log (/usr/local/lib/node_modules/firebase-tools/node_modules/winston/lib/winston/transports/console.js:87:23)
    at Console._write (/usr/local/lib/node_modules/firebase-tools/node_modules/winston-transport/modern.js:103:17)
    at doWrite (/usr/local/lib/node_modules/firebase-tools/node_modules/winston-transport/node_modules/readable-stream/lib/_stream_writable.js:390:139)
[error] 
[error] Error: An unexpected error has occurred.
[debug] [2026-07-16T19:02:28.125Z] Error: write EIO
    at afterWriteDispatched (node:internal/stream_base_commons:159:15)
    at writeGeneric (node:internal/stream_base_commons:150:3)
    at Socket._writeGeneric (node:net:966:11)
    at Socket._write (node:net:978:8)
    at writeOrBuffer (node:internal/streams/writable:572:12)
    at _write (node:internal/streams/writable:501:10)
    at Writable.write (node:internal/streams/writable:510:10)
    at Console.log (/usr/local/lib/node_modules/firebase-tools/node_modules/winston/lib/winston/transports/console.js:87:23)
    at Console._write (/usr/local/lib/node_modules/firebase-tools/node_modules/winston-transport/modern.js:103:17)
    at doWrite (/usr/local/lib/node_modules/firebase-tools/node_modules/winston-transport/node_modules/readable-stream/lib/_stream_writable.js:390:139)
[error] 
[error] Error: An unexpected error has occurred.
[debug] [2026-07-16T19:02:28.126Z] Error: write EIO
    at afterWriteDispatched (node:internal/stream_base_commons:159:15)
    at writeGeneric (node:internal/stream_base_commons:150:3)
    at Socket._writeGeneric (node:net:966:11)
    at Socket._write (node:net:978:8)
    at writeOrBuffer (node:internal/streams/writable:572:12)
    at _write (node:internal/streams/writable:501:10)
    at Writable.write (node:internal/streams/writable:510:10)
    at Console.log (/usr/local/lib/node_modules/firebase-tools/node_modules/winston/lib/winston/transports/console.js:87:23)
    at Console._write (/usr/local/lib/node_modules/firebase-tools/node_modules/winston-transport/modern.js:103:17)
    at doWrite (/usr/local/lib/node_modules/firebase-tools/node_modules/winston-transport/node_modules/readable-stream/lib/_stream_writable.js:390:139)
[error] 
[error] Error: An unexpected error has occurred.
[debug] [2026-07-16T19:02:28.127Z] Error: write EIO
    at afterWriteDispatched (node:internal/stream_base_commons:159:15)
    at writeGeneric (node:internal/stream_base_commons:150:3)
    at Socket._writeGeneric (node:net:966:11)
    at Socket._write (node:net:978:8)
    at writeOrBuffer (node:internal/streams/writable:572:12)
    at _write (node:internal/streams/writable:501:10)
    at Writable.write (node:internal/streams/writable:510:10)
    at Console.log (/usr/local/lib/node_modules/firebase-tools/node_modules/winston/lib/winston/transports/console.js:87:23)
    at Console._write (/usr/local/lib/node_modules/firebase-tools/node_modules/winston-transport/modern.js:103:17)
    at doWrite (/usr/local/lib/node_modules/firebase-tools/node_modules/winston-transport/node_modules/readable-stream/lib/_stream_writable.js:390:139)
[error] 
[error] Error: An unexpected error has occurred.
[debug] [2026-07-16T19:02:28.128Z] Error: write EIO
    at afterWriteDispatched (node:internal/stream_base_commons:159:15)
    at writeGeneric (node:internal/stream_base_commons:150:3)
    at Socket._writeGeneric (node:net:966:11)
    at Socket._write (node:net:978:8)
    at writeOrBuffer (node:internal/streams/writable:572:12)
    at _write (node:internal/streams/writable:501:10)
    at Writable.write (node:internal/streams/writable:510:10)
    at Console.log (/usr/local/lib/node_modules/firebase-tools/node_modules/winston/lib/winston/transports/console.js:87:23)
    at Console._write (/usr/local/lib/node_modules/firebase-tools/node_modules/winston-transport/modern.js:103:17)
    at doWrite (/usr/local/lib/node_modules/firebase-tools/node_modules/winston-transport/node_modules/readable-stream/lib/_stream_writable.js:390:139)
[error] 
[error] Error: An unexpected error has occurred.
[debug] [2026-07-16T19:02:28.129Z] Error: write EIO
    at afterWriteDispatched (node:internal/stream_base_commons:159:15)
    at writeGeneric (node:internal/stream_base_commons:150:3)
    at Socket._writeGeneric (node:net:966:11)
    at Socket._write (node:net:978:8)
    at writeOrBuffer (node:internal/streams/writable:572:12)
    at _write (node:internal/streams/writable:501:10)
    at Writable.write (node:internal/streams/writable:510:10)
    at Console.log (/usr/local/lib/node_modules/firebase-tools/node_modules/winston/lib/winston/transports/console.js:87:23)
    at Console._write (/usr/local/lib/node_modules/firebase-tools/node_modules/winston-transport/modern.js:103:17)
    at doWrite (/usr/local/lib/node_modules/firebase-tools/node_modules/winston-transport/node_modules/readable-stream/lib/_stream_writable.js:390:139)
[error] 
[error] Error: An unexpected error has occurred.
[debug] [2026-07-16T19:02:28.130Z] Error: write EIO
    at afterWriteDispatched (node:internal/stream_base_commons:159:15)
    at writeGeneric (node:internal/stream_base_commons:150:3)
    at Socket._writeGeneric (node:net:966:11)
    at Socket._write (node:net:978:8)
    at writeOrBuffer (node:internal/streams/writable:572:12)
    at _write (node:internal/streams/writable:501:10)
    at Writable.write (node:internal/streams/writable:510:10)
    at Console.log (/usr/local/lib/node_modules/firebase-tools/node_modules/winston/lib/winston/transports/console.js:87:23)
    at Console._write (/usr/local/lib/node_modules/firebase-tools/node_modules/winston-transport/modern.js:103:17)
    at doWrite (/usr/local/lib/node_modules/firebase-tools/node_modules/winston-transport/node_modules/readable-stream/lib/_stream_writable.js:390:139)
[error] 
[error] Error: An unexpected error has occurred.
[debug] [2026-07-16T19:02:28.131Z] Error: write EIO
    at afterWriteDispatched (node:internal/stream_base_commons:159:15)
    at writeGeneric (node:internal/stream_base_commons:150:3)
    at Socket._writeGeneric (node:net:966:11)
    at Socket._write (node:net:978:8)
    at writeOrBuffer (node:internal/streams/writable:572:12)
    at _write (node:internal/streams/writable:501:10)
    at Writable.write (node:internal/streams/writable:510:10)
    at Console.log (/usr/local/lib/node_modules/firebase-tools/node_modules/winston/lib/winston/transports/console.js:87:23)
    at Console._write (/usr/local/lib/node_modules/firebase-tools/node_modules/winston-transport/modern.js:103:17)
    at doWrite (/usr/local/lib/node_modules/firebase-tools/node_modules/winston-transport/node_modules/readable-stream/lib/_stream_writable.js:390:139)
[error] 
[error] Error: An unexpected error has occurred.
[debug] [2026-07-16T19:02:28.132Z] Error: write EIO
    at afterWriteDispatched (node:internal/stream_base_commons:159:15)
    at writeGeneric (node:internal/stream_base_commons:150:3)
    at Socket._writeGeneric (node:net:966:11)
    at Socket._write (node:net:978:8)
    at writeOrBuffer (node:internal/streams/writable:572:12)
    at _write (node:internal/streams/writable:501:10)
    at Writable.write (node:internal/streams/writable:510:10)
    at Console.log (/usr/local/lib/node_modules/firebase-tools/node_modules/winston/lib/winston/transports/console.js:87:23)
    at Console._write (/usr/local/lib/node_modules/firebase-tools/node_modules/winston-transport/modern.js:103:17)
    at doWrite (/usr/local/lib/node_modules/firebase-tools/node_modules/winston-transport/node_modules/readable-stream/lib/_stream_writable.js:390:139)
[error] 
[error] Error: An unexpected error has occurred.
[debug] [2026-07-16T19:02:28.133Z] Error: write EIO
    at afterWriteDispatched (node:internal/stream_base_commons:159:15)
    at writeGeneric (node:internal/stream_base_commons:150:3)
    at Socket._writeGeneric (node:net:966:11)
    at Socket._write (node:net:978:8)
    at writeOrBuffer (node:internal/streams/writable:572:12)
    at _write (node:internal/streams/writable:501:10)
    at Writable.write (node:internal/streams/writable:510:10)
    at Console.log (/usr/local/lib/node_modules/firebase-tools/node_modules/winston/lib/winston/transports/console.js:87:23)
    at Console._write (/usr/local/lib/node_modules/firebase-tools/node_modules/winston-transport/modern.js:103:17)
    at doWrite (/usr/local/lib/node_modules/firebase-tools/node_modules/winston-transport/node_modules/readable-stream/lib/_stream_writable.js:390:139)
[error] 
[error] Error: An unexpected error has occurred.
[debug] [2026-07-16T19:02:28.135Z] Error: write EIO
    at afterWriteDispatched (node:internal/stream_base_commons:159:15)
    at writeGeneric (node:internal/stream_base_commons:150:3)
    at Socket._writeGeneric (node:net:966:11)
    at Socket._write (node:net:978:8)
    at writeOrBuffer (node:internal/streams/writable:572:12)
    at _write (node:internal/streams/writable:501:10)
    at Writable.write (node:internal/streams/writable:510:10)
    at Console.log (/usr/local/lib/node_modules/firebase-tools/node_modules/winston/lib/winston/transports/console.js:87:23)
    at Console._write (/usr/local/lib/node_modules/firebase-tools/node_modules/winston-transport/modern.js:103:17)
    at doWrite (/usr/local/lib/node_modules/firebase-tools/node_modules/winston-transport/node_modules/readable-stream/lib/_stream_writable.js:390:139)
[error] 
[error] Error: An unexpected error has occurred.
[debug] [2026-07-16T19:02:28.136Z] Error: write EIO
    at afterWriteDispatched (node:internal/stream_base_commons:159:15)
    at writeGeneric (node:internal/stream_base_commons:150:3)
    at Socket._writeGeneric (node:net:966:11)
    at Socket._write (node:net:978:8)
    at writeOrBuffer (node:internal/streams/writable:572:12)
    at _write (node:internal/streams/writable:501:10)
    at Writable.write (node:internal/streams/writable:510:10)
    at Console.log (/usr/local/lib/node_modules/firebase-tools/node_modules/winston/lib/winston/transports/console.js:87:23)
    at Console._write (/usr/local/lib/node_modules/firebase-tools/node_modules/winston-transport/modern.js:103:17)
    at doWrite (/usr/local/lib/node_modules/firebase-tools/node_modules/winston-transport/node_modules/readable-stream/lib/_stream_writable.js:390:139)
[error] 
[error] Error: An unexpected error has occurred.
[debug] [2026-07-16T19:02:28.137Z] Error: write EIO
    at afterWriteDispatched (node:internal/stream_base_commons:159:15)
    at writeGeneric (node:internal/stream_base_commons:150:3)
    at Socket._writeGeneric (node:net:966:11)
    at Socket._write (node:net:978:8)
    at writeOrBuffer (node:internal/streams/writable:572:12)
    at _write (node:internal/streams/writable:501:10)
    at Writable.write (node:internal/streams/writable:510:10)
    at Console.log (/usr/local/lib/node_modules/firebase-tools/node_modules/winston/lib/winston/transports/console.js:87:23)
    at Console._write (/usr/local/lib/node_modules/firebase-tools/node_modules/winston-transport/modern.js:103:17)
    at doWrite (/usr/local/lib/node_modules/firebase-tools/node_modules/winston-transport/node_modules/readable-stream/lib/_stream_writable.js:390:139)
[error] 
[error] Error: An unexpected error has occurred.
[debug] [2026-07-16T19:02:28.139Z] Error: write EIO
    at afterWriteDispatched (node:internal/stream_base_commons:159:15)
    at writeGeneric (node:internal/stream_base_commons:150:3)
    at Socket._writeGeneric (node:net:966:11)
    at Socket._write (node:net:978:8)
    at writeOrBuffer (node:internal/streams/writable:572:12)
    at _write (node:internal/streams/writable:501:10)
    at Writable.write (node:internal/streams/writable:510:10)
    at Console.log (/usr/local/lib/node_modules/firebase-tools/node_modules/winston/lib/winston/transports/console.js:87:23)
    at Console._write (/usr/local/lib/node_modules/firebase-tools/node_modules/winston-transport/modern.js:103:17)
    at doWrite (/usr/local/lib/node_modules/firebase-tools/node_modules/winston-transport/node_modules/readable-stream/lib/_stream_writable.js:390:139)
[error] 
[error] Error: An unexpected error has occurred.
[debug] [2026-07-16T19:02:28.141Z] Error: write EIO
    at afterWriteDispatched (node:internal/stream_base_commons:159:15)
    at writeGeneric (node:internal/stream_base_commons:150:3)
    at Socket._writeGeneric (node:net:966:11)
    at Socket._write (node:net:978:8)
    at writeOrBuffer (node:internal/streams/writable:572:12)
    at _write (node:internal/streams/writable:501:10)
    at Writable.write (node:internal/streams/writable:510:10)
    at Console.log (/usr/local/lib/node_modules/firebase-tools/node_modules/winston/lib/winston/transports/console.js:87:23)
    at Console._write (/usr/local/lib/node_modules/firebase-tools/node_modules/winston-transport/modern.js:103:17)
    at doWrite (/usr/local/lib/node_modules/firebase-tools/node_modules/winston-transport/node_modules/readable-stream/lib/_stream_writable.js:390:139)
[error] 
[error] Error: An unexpected error has occurred.
[debug] [2026-07-16T19:02:28.142Z] Error: write EIO
    at afterWriteDispatched (node:internal/stream_base_commons:159:15)
    at writeGeneric (node:internal/stream_base_commons:150:3)
    at Socket._writeGeneric (node:net:966:11)
    at Socket._write (node:net:978:8)
    at writeOrBuffer (node:internal/streams/writable:572:12)
    at _write (node:internal/streams/writable:501:10)
    at Writable.write (node:internal/streams/writable:510:10)
    at Console.log (/usr/local/lib/node_modules/firebase-tools/node_modules/winston/lib/winston/transports/console.js:87:23)
    at Console._write (/usr/local/lib/node_modules/firebase-tools/node_modules/winston-transport/modern.js:103:17)
    at doWrite (/usr/local/lib/node_modules/firebase-tools/node_modules/winston-transport/node_modules/readable-stream/lib/_stream_writable.js:390:139)
[error] 
[error] Error: An unexpected error has occurred.
[debug] [2026-07-16T19:02:28.143Z] Error: write EIO
    at afterWriteDispatched (node:internal/stream_base_commons:159:15)
    at writeGeneric (node:internal/stream_base_commons:150:3)
    at Socket._writeGeneric (node:net:966:11)
    at Socket._write (node:net:978:8)
    at writeOrBuffer (node:internal/streams/writable:572:12)
    at _write (node:internal/streams/writable:501:10)
    at Writable.write (node:internal/streams/writable:510:10)
    at Console.log (/usr/local/lib/node_modules/firebase-tools/node_modules/winston/lib/winston/transports/console.js:87:23)
    at Console._write (/usr/local/lib/node_modules/firebase-tools/node_modules/winston-transport/modern.js:103:17)
    at doWrite (/usr/local/lib/node_modules/firebase-tools/node_modules/winston-transport/node_modules/readable-stream/lib/_stream_writable.js:390:139)
[error] 
[error] Error: An unexpected error has occurred.
[debug] [2026-07-16T19:02:28.144Z] Error: write EIO
    at afterWriteDispatched (node:internal/stream_base_commons:159:15)
    at writeGeneric (node:internal/stream_base_commons:150:3)
    at Socket._writeGeneric (node:net:966:11)
    at Socket._write (node:net:978:8)
    at writeOrBuffer (node:internal/streams/writable:572:12)
    at _write (node:internal/streams/writable:501:10)
    at Writable.write (node:internal/streams/writable:510:10)
    at Console.log (/usr/local/lib/node_modules/firebase-tools/node_modules/winston/lib/winston/transports/console.js:87:23)
    at Console._write (/usr/local/lib/node_modules/firebase-tools/node_modules/winston-transport/modern.js:103:17)
    at doWrite (/usr/local/lib/node_modules/firebase-tools/node_modules/winston-transport/node_modules/readable-stream/lib/_stream_writable.js:390:139)
[error] 
[error] Error: An unexpected error has occurred.
[debug] [2026-07-16T19:02:28.144Z] Error: write EIO
    at afterWriteDispatched (node:internal/stream_base_commons:159:15)
    at writeGeneric (node:internal/stream_base_commons:150:3)
    at Socket._writeGeneric (node:net:966:11)
    at Socket._write (node:net:978:8)
    at writeOrBuffer (node:internal/streams/writable:572:12)
    at _write (node:internal/streams/writable:501:10)
    at Writable.write (node:internal/streams/writable:510:10)
    at Console.log (/usr/local/lib/node_modules/firebase-tools/node_modules/winston/lib/winston/transports/console.js:87:23)
    at Console._write (/usr/local/lib/node_modules/firebase-tools/node_modules/winston-transport/modern.js:103:17)
    at doWrite (/usr/local/lib/node_modules/firebase-tools/node_modules/winston-transport/node_modules/readable-stream/lib/_stream_writable.js:390:139)
[error] 
[error] Error: An unexpected error has occurred.
[debug] [2026-07-16T19:02:28.145Z] Error: write EIO
    at afterWriteDispatched (node:internal/stream_base_commons:159:15)
    at writeGeneric (node:internal/stream_base_commons:150:3)
    at Socket._writeGeneric (node:net:966:11)
    at Socket._write (node:net:978:8)
    at writeOrBuffer (node:internal/streams/writable:572:12)
    at _write (node:internal/streams/writable:501:10)
    at Writable.write (node:internal/streams/writable:510:10)
    at Console.log (/usr/local/lib/node_modules/firebase-tools/node_modules/winston/lib/winston/transports/console.js:87:23)
    at Console._write (/usr/local/lib/node_modules/firebase-tools/node_modules/winston-transport/modern.js:103:17)
    at doWrite (/usr/local/lib/node_modules/firebase-tools/node_modules/winston-transport/node_modules/readable-stream/lib/_stream_writable.js:390:139)
[error] 
[error] Error: An unexpected error has occurred.
[debug] [2026-07-16T19:02:28.146Z] Error: write EIO
    at afterWriteDispatched (node:internal/stream_base_commons:159:15)
    at writeGeneric (node:internal/stream_base_commons:150:3)
    at Socket._writeGeneric (node:net:966:11)
    at Socket._write (node:net:978:8)
    at writeOrBuffer (node:internal/streams/writable:572:12)
    at _write (node:internal/streams/writable:501:10)
    at Writable.write (node:internal/streams/writable:510:10)
    at Console.log (/usr/local/lib/node_modules/firebase-tools/node_modules/winston/lib/winston/transports/console.js:87:23)
    at Console._write (/usr/local/lib/node_modules/firebase-tools/node_modules/winston-transport/modern.js:103:17)
    at doWrite (/usr/local/lib/node_modules/firebase-tools/node_modules/winston-transport/node_modules/readable-stream/lib/_stream_writable.js:390:139)
[error] 
[error] Error: An unexpected error has occurred.
[debug] [2026-07-16T19:02:28.147Z] Error: write EIO
    at afterWriteDispatched (node:internal/stream_base_commons:159:15)
    at writeGeneric (node:internal/stream_base_commons:150:3)
    at Socket._writeGeneric (node:net:966:11)
    at Socket._write (node:net:978:8)
    at writeOrBuffer (node:internal/streams/writable:572:12)
    at _write (node:internal/streams/writable:501:10)
    at Writable.write (node:internal/streams/writable:510:10)
    at Console.log (/usr/local/lib/node_modules/firebase-tools/node_modules/winston/lib/winston/transports/console.js:87:23)
    at Console._write (/usr/local/lib/node_modules/firebase-tools/node_modules/winston-transport/modern.js:103:17)
    at doWrite (/usr/local/lib/node_modules/firebase-tools/node_modules/winston-transport/node_modules/readable-stream/lib/_stream_writable.js:390:139)
[error] 
[error] Error: An unexpected error has occurred.
[debug] [2026-07-16T19:02:28.148Z] Error: write EIO
    at afterWriteDispatched (node:internal/stream_base_commons:159:15)
    at writeGeneric (node:internal/stream_base_commons:150:3)
    at Socket._writeGeneric (node:net:966:11)
    at Socket._write (node:net:978:8)
    at writeOrBuffer (node:internal/streams/writable:572:12)
    at _write (node:internal/streams/writable:501:10)
    at Writable.write (node:internal/streams/writable:510:10)
    at Console.log (/usr/local/lib/node_modules/firebase-tools/node_modules/winston/lib/winston/transports/console.js:87:23)
    at Console._write (/usr/local/lib/node_modules/firebase-tools/node_modules/winston-transport/modern.js:103:17)
    at doWrite (/usr/local/lib/node_modules/firebase-tools/node_modules/winston-transport/node_modules/readable-stream/lib/_stream_writable.js:390:139)
[error] 
[error] Error: An unexpected error has occurred.
[debug] [2026-07-16T19:02:28.149Z] Error: write EIO
    at afterWriteDispatched (node:internal/stream_base_commons:159:15)
    at writeGeneric (node:internal/stream_base_commons:150:3)
    at Socket._writeGeneric (node:net:966:11)
    at Socket._write (node:net:978:8)
    at writeOrBuffer (node:internal/streams/writable:572:12)
    at _write (node:internal/streams/writable:501:10)
    at Writable.write (node:internal/streams/writable:510:10)
    at Console.log (/usr/local/lib/node_modules/firebase-tools/node_modules/winston/lib/winston/transports/console.js:87:23)
    at Console._write (/usr/local/lib/node_modules/firebase-tools/node_modules/winston-transport/modern.js:103:17)
    at doWrite (/usr/local/lib/node_modules/firebase-tools/node_modules/winston-transport/node_modules/readable-stream/lib/_stream_writable.js:390:139)
[error] 
[error] Error: An unexpected error has occurred.
[debug] [2026-07-16T19:02:28.150Z] Error: write EIO
    at afterWriteDispatched (node:internal/stream_base_commons:159:15)
    at writeGeneric (node:internal/stream_base_commons:150:3)
    at Socket._writeGeneric (node:net:966:11)
    at Socket._write (node:net:978:8)
    at writeOrBuffer (node:internal/streams/writable:572:12)
    at _write (node:internal/streams/writable:501:10)
    at Writable.write (node:internal/streams/writable:510:10)
    at Console.log (/usr/local/lib/node_modules/firebase-tools/node_modules/winston/lib/winston/transports/console.js:87:23)
    at Console._write (/usr/local/lib/node_modules/firebase-tools/node_modules/winston-transport/modern.js:103:17)
    at doWrite (/usr/local/lib/node_modules/firebase-tools/node_modules/winston-transport/node_modules/readable-stream/lib/_stream_writable.js:390:139)
[error] 
[error] Error: An unexpected error has occurred.
[debug] [2026-07-16T19:02:28.151Z] Error: write EIO
    at afterWriteDispatched (node:internal/stream_base_commons:159:15)
    at writeGeneric (node:internal/stream_base_commons:150:3)
    at Socket._writeGeneric (node:net:966:11)
    at Socket._write (node:net:978:8)
    at writeOrBuffer (node:internal/streams/writable:572:12)
    at _write (node:internal/streams/writable:501:10)
    at Writable.write (node:internal/streams/writable:510:10)
    at Console.log (/usr/local/lib/node_modules/firebase-tools/node_modules/winston/lib/winston/transports/console.js:87:23)
    at Console._write (/usr/local/lib/node_modules/firebase-tools/node_modules/winston-transport/modern.js:103:17)
    at doWrite (/usr/local/lib/node_modules/firebase-tools/node_modules/winston-transport/node_modules/readable-stream/lib/_stream_writable.js:390:139)
[error] 
[error] Error: An unexpected error has occurred.
[debug] [2026-07-16T19:02:28.152Z] Error: write EIO
    at afterWriteDispatched (node:internal/stream_base_commons:159:15)
    at writeGeneric (node:internal/stream_base_commons:150:3)
    at Socket._writeGeneric (node:net:966:11)
    at Socket._write (node:net:978:8)
    at writeOrBuffer (node:internal/streams/writable:572:12)
    at _write (node:internal/streams/writable:501:10)
    at Writable.write (node:internal/streams/writable:510:10)
    at Console.log (/usr/local/lib/node_modules/firebase-tools/node_modules/winston/lib/winston/transports/console.js:87:23)
    at Console._write (/usr/local/lib/node_modules/firebase-tools/node_modules/winston-transport/modern.js:103:17)
    at doWrite (/usr/local/lib/node_modules/firebase-tools/node_modules/winston-transport/node_modules/readable-stream/lib/_stream_writable.js:390:139)
[error] 
[error] Error: An unexpected error has occurred.
[debug] [2026-07-16T19:02:28.153Z] Error: write EIO
    at afterWriteDispatched (node:internal/stream_base_commons:159:15)
    at writeGeneric (node:internal/stream_base_commons:150:3)
    at Socket._writeGeneric (node:net:966:11)
    at Socket._write (node:net:978:8)
    at writeOrBuffer (node:internal/streams/writable:572:12)
    at _write (node:internal/streams/writable:501:10)
    at Writable.write (node:internal/streams/writable:510:10)
    at Console.log (/usr/local/lib/node_modules/firebase-tools/node_modules/winston/lib/winston/transports/console.js:87:23)
    at Console._write (/usr/local/lib/node_modules/firebase-tools/node_modules/winston-transport/modern.js:103:17)
    at doWrite (/usr/local/lib/node_modules/firebase-tools/node_modules/winston-transport/node_modules/readable-stream/lib/_stream_writable.js:390:139)
[error] 
[error] Error: An unexpected error has occurred.
[debug] [2026-07-16T19:02:28.154Z] Error: write EIO
    at afterWriteDispatched (node:internal/stream_base_commons:159:15)
    at writeGeneric (node:internal/stream_base_commons:150:3)
    at Socket._writeGeneric (node:net:966:11)
    at Socket._write (node:net:978:8)
    at writeOrBuffer (node:internal/streams/writable:572:12)
    at _write (node:internal/streams/writable:501:10)
    at Writable.write (node:internal/streams/writable:510:10)
    at Console.log (/usr/local/lib/node_modules/firebase-tools/node_modules/winston/lib/winston/transports/console.js:87:23)
    at Console._write (/usr/local/lib/node_modules/firebase-tools/node_modules/winston-transport/modern.js:103:17)
    at doWrite (/usr/local/lib/node_modules/firebase-tools/node_modules/winston-transport/node_modules/readable-stream/lib/_stream_writable.js:390:139)
[error] 
[error] Error: An unexpected error has occurred.
[debug] [2026-07-16T19:02:28.155Z] Error: write EIO
    at afterWriteDispatched (node:internal/stream_base_commons:159:15)
    at writeGeneric (node:internal/stream_base_commons:150:3)
    at Socket._writeGeneric (node:net:966:11)
    at Socket._write (node:net:978:8)
    at writeOrBuffer (node:internal/streams/writable:572:12)
    at _write (node:internal/streams/writable:501:10)
    at Writable.write (node:internal/streams/writable:510:10)
    at Console.log (/usr/local/lib/node_modules/firebase-tools/node_modules/winston/lib/winston/transports/console.js:87:23)
    at Console._write (/usr/local/lib/node_modules/firebase-tools/node_modules/winston-transport/modern.js:103:17)
    at doWrite (/usr/local/lib/node_modules/firebase-tools/node_modules/winston-transport/node_modules/readable-stream/lib/_stream_writable.js:390:139)
[error] 
[error] Error: An unexpected error has occurred.
[debug] [2026-07-16T19:02:28.156Z] Error: write EIO
    at afterWriteDispatched (node:internal/stream_base_commons:159:15)
    at writeGeneric (node:internal/stream_base_commons:150:3)
    at Socket._writeGeneric (node:net:966:11)
    at Socket._write (node:net:978:8)
    at writeOrBuffer (node:internal/streams/writable:572:12)
    at _write (node:internal/streams/writable:501:10)
    at Writable.write (node:internal/streams/writable:510:10)
    at Console.log (/usr/local/lib/node_modules/firebase-tools/node_modules/winston/lib/winston/transports/console.js:87:23)
    at Console._write (/usr/local/lib/node_modules/firebase-tools/node_modules/winston-transport/modern.js:103:17)
    at doWrite (/usr/local/lib/node_modules/firebase-tools/node_modules/winston-transport/node_modules/readable-stream/lib/_stream_writable.js:390:139)
[error] 
[error] Error: An unexpected error has occurred.
[debug] [2026-07-16T19:02:28.156Z] Error: write EIO
    at afterWriteDispatched (node:internal/stream_base_commons:159:15)
    at writeGeneric (node:internal/stream_base_commons:150:3)
    at Socket._writeGeneric (node:net:966:11)
    at Socket._write (node:net:978:8)
    at writeOrBuffer (node:internal/streams/writable:572:12)
    at _write (node:internal/streams/writable:501:10)
    at Writable.write (node:internal/streams/writable:510:10)
    at Console.log (/usr/local/lib/node_modules/firebase-tools/node_modules/winston/lib/winston/transports/console.js:87:23)
    at Console._write (/usr/local/lib/node_modules/firebase-tools/node_modules/winston-transport/modern.js:103:17)
    at doWrite (/usr/local/lib/node_modules/firebase-tools/node_modules/winston-transport/node_modules/readable-stream/lib/_stream_writable.js:390:139)
[error] 
[error] Error: An unexpected error has occurred.
[debug] [2026-07-16T19:02:28.157Z] Error: write EIO
    at afterWriteDispatched (node:internal/stream_base_commons:159:15)
    at writeGeneric (node:internal/stream_base_commons:150:3)
    at Socket._writeGeneric (node:net:966:11)
    at Socket._write (node:net:978:8)
    at writeOrBuffer (node:internal/streams/writable:572:12)
    at _write (node:internal/streams/writable:501:10)
    at Writable.write (node:internal/streams/writable:510:10)
    at Console.log (/usr/local/lib/node_modules/firebase-tools/node_modules/winston/lib/winston/transports/console.js:87:23)
    at Console._write (/usr/local/lib/node_modules/firebase-tools/node_modules/winston-transport/modern.js:103:17)
    at doWrite (/usr/local/lib/node_modules/firebase-tools/node_modules/winston-transport/node_modules/readable-stream/lib/_stream_writable.js:390:139)
[error] 
[error] Error: An unexpected error has occurred.
[debug] [2026-07-16T19:02:28.158Z] Error: write EIO
    at afterWriteDispatched (node:internal/stream_base_commons:159:15)
    at writeGeneric (node:internal/stream_base_commons:150:3)
    at Socket._writeGeneric (node:net:966:11)
    at Socket._write (node:net:978:8)
    at writeOrBuffer (node:internal/streams/writable:572:12)
    at _write (node:internal/streams/writable:501:10)
    at Writable.write (node:internal/streams/writable:510:10)
    at Console.log (/usr/local/lib/node_modules/firebase-tools/node_modules/winston/lib/winston/transports/console.js:87:23)
    at Console._write (/usr/local/lib/node_modules/firebase-tools/node_modules/winston-transport/modern.js:103:17)
    at doWrite (/usr/local/lib/node_modules/firebase-tools/node_modules/winston-transport/node_modules/readable-stream/lib/_stream_writable.js:390:139)
[error] 
[error] Error: An unexpected error has occurred.
[debug] [2026-07-16T19:02:28.159Z] Error: write EIO
    at afterWriteDispatched (node:internal/stream_base_commons:159:15)
    at writeGeneric (node:internal/stream_base_commons:150:3)
    at Socket._writeGeneric (node:net:966:11)
    at Socket._write (node:net:978:8)
    at writeOrBuffer (node:internal/streams/writable:572:12)
    at _write (node:internal/streams/writable:501:10)
    at Writable.write (node:internal/streams/writable:510:10)
    at Console.log (/usr/local/lib/node_modules/firebase-tools/node_modules/winston/lib/winston/transports/console.js:87:23)
    at Console._write (/usr/local/lib/node_modules/firebase-tools/node_modules/winston-transport/modern.js:103:17)
    at doWrite (/usr/local/lib/node_modules/firebase-tools/node_modules/winston-transport/node_modules/readable-stream/lib/_stream_writable.js:390:139)
[error] 
[error] Error: An unexpected error has occurred.
[debug] [2026-07-16T19:02:28.160Z] Error: write EIO
    at afterWriteDispatched (node:internal/stream_base_commons:159:15)
    at writeGeneric (node:internal/stream_base_commons:150:3)
    at Socket._writeGeneric (node:net:966:11)
    at Socket._write (node:net:978:8)
    at writeOrBuffer (node:internal/streams/writable:572:12)
    at _write (node:internal/streams/writable:501:10)
    at Writable.write (node:internal/streams/writable:510:10)
    at Console.log (/usr/local/lib/node_modules/firebase-tools/node_modules/winston/lib/winston/transports/console.js:87:23)
    at Console._write (/usr/local/lib/node_modules/firebase-tools/node_modules/winston-transport/modern.js:103:17)
    at doWrite (/usr/local/lib/node_modules/firebase-tools/node_modules/winston-transport/node_modules/readable-stream/lib/_stream_writable.js:390:139)
[error] 
[error] Error: An unexpected error has occurred.
[debug] [2026-07-16T19:02:28.161Z] Error: write EIO
    at afterWriteDispatched (node:internal/stream_base_commons:159:15)
    at writeGeneric (node:internal/stream_base_commons:150:3)
    at Socket._writeGeneric (node:net:966:11)
    at Socket._write (node:net:978:8)
    at writeOrBuffer (node:internal/streams/writable:572:12)
    at _write (node:internal/streams/writable:501:10)
    at Writable.write (node:internal/streams/writable:510:10)
    at Console.log (/usr/local/lib/node_modules/firebase-tools/node_modules/winston/lib/winston/transports/console.js:87:23)
    at Console._write (/usr/local/lib/node_modules/firebase-tools/node_modules/winston-transport/modern.js:103:17)
    at doWrite (/usr/local/lib/node_modules/firebase-tools/node_modules/winston-transport/node_modules/readable-stream/lib/_stream_writable.js:390:139)
[error] 
[error] Error: An unexpected error has occurred.
[debug] [2026-07-16T19:02:28.162Z] Error: write EIO
    at afterWriteDispatched (node:internal/stream_base_commons:159:15)
    at writeGeneric (node:internal/stream_base_commons:150:3)
    at Socket._writeGeneric (node:net:966:11)
    at Socket._write (node:net:978:8)
    at writeOrBuffer (node:internal/streams/writable:572:12)
    at _write (node:internal/streams/writable:501:10)
    at Writable.write (node:internal/streams/writable:510:10)
    at Console.log (/usr/local/lib/node_modules/firebase-tools/node_modules/winston/lib/winston/transports/console.js:87:23)
    at Console._write (/usr/local/lib/node_modules/firebase-tools/node_modules/winston-transport/modern.js:103:17)
    at doWrite (/usr/local/lib/node_modules/firebase-tools/node_modules/winston-transport/node_modules/readable-stream/lib/_stream_writable.js:390:139)
[error] 
[error] Error: An unexpected error has occurred.
[debug] [2026-07-16T19:02:28.164Z] Error: write EIO
    at afterWriteDispatched (node:internal/stream_base_commons:159:15)
    at writeGeneric (node:internal/stream_base_commons:150:3)
    at Socket._writeGeneric (node:net:966:11)
    at Socket._write (node:net:978:8)
    at writeOrBuffer (node:internal/streams/writable:572:12)
    at _write (node:internal/streams/writable:501:10)
    at Writable.write (node:internal/streams/writable:510:10)
    at Console.log (/usr/local/lib/node_modules/firebase-tools/node_modules/winston/lib/winston/transports/console.js:87:23)
    at Console._write (/usr/local/lib/node_modules/firebase-tools/node_modules/winston-transport/modern.js:103:17)
    at doWrite (/usr/local/lib/node_modules/firebase-tools/node_modules/winston-transport/node_modules/readable-stream/lib/_stream_writable.js:390:139)
[error] 
[error] Error: An unexpected error has occurred.
[debug] [2026-07-16T19:02:28.165Z] Error: write EIO
    at afterWriteDispatched (node:internal/stream_base_commons:159:15)
    at writeGeneric (node:internal/stream_base_commons:150:3)
    at Socket._writeGeneric (node:net:966:11)
    at Socket._write (node:net:978:8)
    at writeOrBuffer (node:internal/streams/writable:572:12)
    at _write (node:internal/streams/writable:501:10)
    at Writable.write (node:internal/streams/writable:510:10)
    at Console.log (/usr/local/lib/node_modules/firebase-tools/node_modules/winston/lib/winston/transports/console.js:87:23)
    at Console._write (/usr/local/lib/node_modules/firebase-tools/node_modules/winston-transport/modern.js:103:17)
    at doWrite (/usr/local/lib/node_modules/firebase-tools/node_modules/winston-transport/node_modules/readable-stream/lib/_stream_writable.js:390:139)
[error] 
[error] Error: An unexpected error has occurred.
[debug] [2026-07-16T19:02:28.166Z] Error: write EIO
    at afterWriteDispatched (node:internal/stream_base_commons:159:15)
    at writeGeneric (node:internal/stream_base_commons:150:3)
    at Socket._writeGeneric (node:net:966:11)
    at Socket._write (node:net:978:8)
    at writeOrBuffer (node:internal/streams/writable:572:12)
    at _write (node:internal/streams/writable:501:10)
    at Writable.write (node:internal/streams/writable:510:10)
    at Console.log (/usr/local/lib/node_modules/firebase-tools/node_modules/winston/lib/winston/transports/console.js:87:23)
    at Console._write (/usr/local/lib/node_modules/firebase-tools/node_modules/winston-transport/modern.js:103:17)
    at doWrite (/usr/local/lib/node_modules/firebase-tools/node_modules/winston-transport/node_modules/readable-stream/lib/_stream_writable.js:390:139)
[error] 
[error] Error: An unexpected error has occurred.
[debug] [2026-07-16T19:02:28.167Z] Error: write EIO
    at afterWriteDispatched (node:internal/stream_base_commons:159:15)
    at writeGeneric (node:internal/stream_base_commons:150:3)
    at Socket._writeGeneric (node:net:966:11)
    at Socket._write (node:net:978:8)
    at writeOrBuffer (node:internal/streams/writable:572:12)
    at _write (node:internal/streams/writable:501:10)
    at Writable.write (node:internal/streams/writable:510:10)
    at Console.log (/usr/local/lib/node_modules/firebase-tools/node_modules/winston/lib/winston/transports/console.js:87:23)
    at Console._write (/usr/local/lib/node_modules/firebase-tools/node_modules/winston-transport/modern.js:103:17)
    at doWrite (/usr/local/lib/node_modules/firebase-tools/node_modules/winston-transport/node_modules/readable-stream/lib/_stream_writable.js:390:139)
[error] 
[error] Error: An unexpected error has occurred.
[debug] [2026-07-16T19:02:28.168Z] Error: write EIO
    at afterWriteDispatched (node:internal/stream_base_commons:159:15)
    at writeGeneric (node:internal/stream_base_commons:150:3)
    at Socket._writeGeneric (node:net:966:11)
    at Socket._write (node:net:978:8)
    at writeOrBuffer (node:internal/streams/writable:572:12)
    at _write (node:internal/streams/writable:501:10)
    at Writable.write (node:internal/streams/writable:510:10)
    at Console.log (/usr/local/lib/node_modules/firebase-tools/node_modules/winston/lib/winston/transports/console.js:87:23)
    at Console._write (/usr/local/lib/node_modules/firebase-tools/node_modules/winston-transport/modern.js:103:17)
    at doWrite (/usr/local/lib/node_modules/firebase-tools/node_modules/winston-transport/node_modules/readable-stream/lib/_stream_writable.js:390:139)
[error] 
[error] Error: An unexpected error has occurred.
[debug] [2026-07-16T19:02:28.169Z] Error: write EIO
    at afterWriteDispatched (node:internal/stream_base_commons:159:15)
    at writeGeneric (node:internal/stream_base_commons:150:3)
    at Socket._writeGeneric (node:net:966:11)
    at Socket._write (node:net:978:8)
    at writeOrBuffer (node:internal/streams/writable:572:12)
    at _write (node:internal/streams/writable:501:10)
    at Writable.write (node:internal/streams/writable:510:10)
    at Console.log (/usr/local/lib/node_modules/firebase-tools/node_modules/winston/lib/winston/transports/console.js:87:23)
    at Console._write (/usr/local/lib/node_modules/firebase-tools/node_modules/winston-transport/modern.js:103:17)
    at doWrite (/usr/local/lib/node_modules/firebase-tools/node_modules/winston-transport/node_modules/readable-stream/lib/_stream_writable.js:390:139)
[error] 
[error] Error: An unexpected error has occurred.
[debug] [2026-07-16T19:02:28.170Z] Error: write EIO
    at afterWriteDispatched (node:internal/stream_base_commons:159:15)
    at writeGeneric (node:internal/stream_base_commons:150:3)
    at Socket._writeGeneric (node:net:966:11)
    at Socket._write (node:net:978:8)
    at writeOrBuffer (node:internal/streams/writable:572:12)
    at _write (node:internal/streams/writable:501:10)
    at Writable.write (node:internal/streams/writable:510:10)
    at Console.log (/usr/local/lib/node_modules/firebase-tools/node_modules/winston/lib/winston/transports/console.js:87:23)
    at Console._write (/usr/local/lib/node_modules/firebase-tools/node_modules/winston-transport/modern.js:103:17)
    at doWrite (/usr/local/lib/node_modules/firebase-tools/node_modules/winston-transport/node_modules/readable-stream/lib/_stream_writable.js:390:139)
[error] 
[error] Error: An unexpected error has occurred.
[debug] [2026-07-16T19:02:28.170Z] Error: write EIO
    at afterWriteDispatched (node:internal/stream_base_commons:159:15)
    at writeGeneric (node:internal/stream_base_commons:150:3)
    at Socket._writeGeneric (node:net:966:11)
    at Socket._write (node:net:978:8)
    at writeOrBuffer (node:internal/streams/writable:572:12)
    at _write (node:internal/streams/writable:501:10)
    at Writable.write (node:internal/streams/writable:510:10)
    at Console.log (/usr/local/lib/node_modules/firebase-tools/node_modules/winston/lib/winston/transports/console.js:87:23)
    at Console._write (/usr/local/lib/node_modules/firebase-tools/node_modules/winston-transport/modern.js:103:17)
    at doWrite (/usr/local/lib/node_modules/firebase-tools/node_modules/winston-transport/node_modules/readable-stream/lib/_stream_writable.js:390:139)
[error] 
[error] Error: An unexpected error has occurred.
[debug] [2026-07-16T19:02:28.171Z] Error: write EIO
    at afterWriteDispatched (node:internal/stream_base_commons:159:15)
    at writeGeneric (node:internal/stream_base_commons:150:3)
    at Socket._writeGeneric (node:net:966:11)
    at Socket._write (node:net:978:8)
    at writeOrBuffer (node:internal/streams/writable:572:12)
    at _write (node:internal/streams/writable:501:10)
    at Writable.write (node:internal/streams/writable:510:10)
    at Console.log (/usr/local/lib/node_modules/firebase-tools/node_modules/winston/lib/winston/transports/console.js:87:23)
    at Console._write (/usr/local/lib/node_modules/firebase-tools/node_modules/winston-transport/modern.js:103:17)
    at doWrite (/usr/local/lib/node_modules/firebase-tools/node_modules/winston-transport/node_modules/readable-stream/lib/_stream_writable.js:390:139)
[error] 
[error] Error: An unexpected error has occurred.
[debug] [2026-07-16T19:02:28.172Z] Error: write EIO
    at afterWriteDispatched (node:internal/stream_base_commons:159:15)
    at writeGeneric (node:internal/stream_base_commons:150:3)
    at Socket._writeGeneric (node:net:966:11)
    at Socket._write (node:net:978:8)
    at writeOrBuffer (node:internal/streams/writable:572:12)
    at _write (node:internal/streams/writable:501:10)
    at Writable.write (node:internal/streams/writable:510:10)
    at Console.log (/usr/local/lib/node_modules/firebase-tools/node_modules/winston/lib/winston/transports/console.js:87:23)
    at Console._write (/usr/local/lib/node_modules/firebase-tools/node_modules/winston-transport/modern.js:103:17)
    at doWrite (/usr/local/lib/node_modules/firebase-tools/node_modules/winston-transport/node_modules/readable-stream/lib/_stream_writable.js:390:139)
[error] 
[error] Error: An unexpected error has occurred.
[debug] [2026-07-16T19:02:28.172Z] Error: write EIO
    at afterWriteDispatched (node:internal/stream_base_commons:159:15)
    at writeGeneric (node:internal/stream_base_commons:150:3)
    at Socket._writeGeneric (node:net:966:11)
    at Socket._write (node:net:978:8)
    at writeOrBuffer (node:internal/streams/writable:572:12)
    at _write (node:internal/streams/writable:501:10)
    at Writable.write (node:internal/streams/writable:510:10)
    at Console.log (/usr/local/lib/node_modules/firebase-tools/node_modules/winston/lib/winston/transports/console.js:87:23)
    at Console._write (/usr/local/lib/node_modules/firebase-tools/node_modules/winston-transport/modern.js:103:17)
    at doWrite (/usr/local/lib/node_modules/firebase-tools/node_modules/winston-transport/node_modules/readable-stream/lib/_stream_writable.js:390:139)
[error] 
[error] Error: An unexpected error has occurred.
[debug] [2026-07-16T19:02:28.173Z] Error: write EIO
    at afterWriteDispatched (node:internal/stream_base_commons:159:15)
    at writeGeneric (node:internal/stream_base_commons:150:3)
    at Socket._writeGeneric (node:net:966:11)
    at Socket._write (node:net:978:8)
    at writeOrBuffer (node:internal/streams/writable:572:12)
    at _write (node:internal/streams/writable:501:10)
    at Writable.write (node:internal/streams/writable:510:10)
    at Console.log (/usr/local/lib/node_modules/firebase-tools/node_modules/winston/lib/winston/transports/console.js:87:23)
    at Console._write (/usr/local/lib/node_modules/firebase-tools/node_modules/winston-transport/modern.js:103:17)
    at doWrite (/usr/local/lib/node_modules/firebase-tools/node_modules/winston-transport/node_modules/readable-stream/lib/_stream_writable.js:390:139)
[error] 
[error] Error: An unexpected error has occurred.
[debug] [2026-07-16T19:02:28.173Z] Error: write EIO
    at afterWriteDispatched (node:internal/stream_base_commons:159:15)
    at writeGeneric (node:internal/stream_base_commons:150:3)
    at Socket._writeGeneric (node:net:966:11)
    at Socket._write (node:net:978:8)
    at writeOrBuffer (node:internal/streams/writable:572:12)
    at _write (node:internal/streams/writable:501:10)
    at Writable.write (node:internal/streams/writable:510:10)
    at Console.log (/usr/local/lib/node_modules/firebase-tools/node_modules/winston/lib/winston/transports/console.js:87:23)
    at Console._write (/usr/local/lib/node_modules/firebase-tools/node_modules/winston-transport/modern.js:103:17)
    at doWrite (/usr/local/lib/node_modules/firebase-tools/node_modules/winston-transport/node_modules/readable-stream/lib/_stream_writable.js:390:139)
[error] 
[error] Error: An unexpected error has occurred.
[debug] [2026-07-16T19:02:28.174Z] Error: write EIO
    at afterWriteDispatched (node:internal/stream_base_commons:159:15)
    at writeGeneric (node:internal/stream_base_commons:150:3)
    at Socket._writeGeneric (node:net:966:11)
    at Socket._write (node:net:978:8)
    at writeOrBuffer (node:internal/streams/writable:572:12)
    at _write (node:internal/streams/writable:501:10)
    at Writable.write (node:internal/streams/writable:510:10)
    at Console.log (/usr/local/lib/node_modules/firebase-tools/node_modules/winston/lib/winston/transports/console.js:87:23)
    at Console._write (/usr/local/lib/node_modules/firebase-tools/node_modules/winston-transport/modern.js:103:17)
    at doWrite (/usr/local/lib/node_modules/firebase-tools/node_modules/winston-transport/node_modules/readable-stream/lib/_stream_writable.js:390:139)
[error] 
[error] Error: An unexpected error has occurred.
[debug] [2026-07-16T19:02:28.174Z] Error: write EIO
    at afterWriteDispatched (node:internal/stream_base_commons:159:15)
    at writeGeneric (node:internal/stream_base_commons:150:3)
    at Socket._writeGeneric (node:net:966:11)
    at Socket._write (node:net:978:8)
    at writeOrBuffer (node:internal/streams/writable:572:12)
    at _write (node:internal/streams/writable:501:10)
    at Writable.write (node:internal/streams/writable:510:10)
    at Console.log (/usr/local/lib/node_modules/firebase-tools/node_modules/winston/lib/winston/transports/console.js:87:23)
    at Console._write (/usr/local/lib/node_modules/firebase-tools/node_modules/winston-transport/modern.js:103:17)
    at doWrite (/usr/local/lib/node_modules/firebase-tools/node_modules/winston-transport/node_modules/readable-stream/lib/_stream_writable.js:390:139)
[error] 
[error] Error: An unexpected error has occurred.
[debug] [2026-07-16T19:02:28.174Z] Error: write EIO
    at afterWriteDispatched (node:internal/stream_base_commons:159:15)
    at writeGeneric (node:internal/stream_base_commons:150:3)
    at Socket._writeGeneric (node:net:966:11)
    at Socket._write (node:net:978:8)
    at writeOrBuffer (node:internal/streams/writable:572:12)
    at _write (node:internal/streams/writable:501:10)
    at Writable.write (node:internal/streams/writable:510:10)
    at Console.log (/usr/local/lib/node_modules/firebase-tools/node_modules/winston/lib/winston/transports/console.js:87:23)
    at Console._write (/usr/local/lib/node_modules/firebase-tools/node_modules/winston-transport/modern.js:103:17)
    at doWrite (/usr/local/lib/node_modules/firebase-tools/node_modules/winston-transport/node_modules/readable-stream/lib/_stream_writable.js:390:139)
[error] 
[error] Error: An unexpected error has occurred.
[debug] [2026-07-16T19:02:28.175Z] Error: write EIO
    at afterWriteDispatched (node:internal/stream_base_commons:159:15)
    at writeGeneric (node:internal/stream_base_commons:150:3)
    at Socket._writeGeneric (node:net:966:11)
    at Socket._write (node:net:978:8)
    at writeOrBuffer (node:internal/streams/writable:572:12)
    at _write (node:internal/streams/writable:501:10)
    at Writable.write (node:internal/streams/writable:510:10)
    at Console.log (/usr/local/lib/node_modules/firebase-tools/node_modules/winston/lib/winston/transports/console.js:87:23)
    at Console._write (/usr/local/lib/node_modules/firebase-tools/node_modules/winston-transport/modern.js:103:17)
    at doWrite (/usr/local/lib/node_modules/firebase-tools/node_modules/winston-transport/node_modules/readable-stream/lib/_stream_writable.js:390:139)
[error] 
[error] Error: An unexpected error has occurred.
[debug] [2026-07-16T19:02:28.175Z] Error: write EIO
    at afterWriteDispatched (node:internal/stream_base_commons:159:15)
    at writeGeneric (node:internal/stream_base_commons:150:3)
    at Socket._writeGeneric (node:net:966:11)
    at Socket._write (node:net:978:8)
    at writeOrBuffer (node:internal/streams/writable:572:12)
    at _write (node:internal/streams/writable:501:10)
    at Writable.write (node:internal/streams/writable:510:10)
    at Console.log (/usr/local/lib/node_modules/firebase-tools/node_modules/winston/lib/winston/transports/console.js:87:23)
    at Console._write (/usr/local/lib/node_modules/firebase-tools/node_modules/winston-transport/modern.js:103:17)
    at doWrite (/usr/local/lib/node_modules/firebase-tools/node_modules/winston-transport/node_modules/readable-stream/lib/_stream_writable.js:390:139)
[error] 
[error] Error: An unexpected error has occurred.
[debug] [2026-07-16T19:02:28.176Z] Error: write EIO
    at afterWriteDispatched (node:internal/stream_base_commons:159:15)
    at writeGeneric (node:internal/stream_base_commons:150:3)
    at Socket._writeGeneric (node:net:966:11)
    at Socket._write (node:net:978:8)
    at writeOrBuffer (node:internal/streams/writable:572:12)
    at _write (node:internal/streams/writable:501:10)
    at Writable.write (node:internal/streams/writable:510:10)
    at Console.log (/usr/local/lib/node_modules/firebase-tools/node_modules/winston/lib/winston/transports/console.js:87:23)
    at Console._write (/usr/local/lib/node_modules/firebase-tools/node_modules/winston-transport/modern.js:103:17)
    at doWrite (/usr/local/lib/node_modules/firebase-tools/node_modules/winston-transport/node_modules/readable-stream/lib/_stream_writable.js:390:139)
[error] 
[error] Error: An unexpected error has occurred.
[debug] [2026-07-16T19:02:28.176Z] Error: write EIO
    at afterWriteDispatched (node:internal/stream_base_commons:159:15)
    at writeGeneric (node:internal/stream_base_commons:150:3)
    at Socket._writeGeneric (node:net:966:11)
    at Socket._write (node:net:978:8)
    at writeOrBuffer (node:internal/streams/writable:572:12)
    at _write (node:internal/streams/writable:501:10)
    at Writable.write (node:internal/streams/writable:510:10)
    at Console.log (/usr/local/lib/node_modules/firebase-tools/node_modules/winston/lib/winston/transports/console.js:87:23)
    at Console._write (/usr/local/lib/node_modules/firebase-tools/node_modules/winston-transport/modern.js:103:17)
    at doWrite (/usr/local/lib/node_modules/firebase-tools/node_modules/winston-transport/node_modules/readable-stream/lib/_stream_writable.js:390:139)
[error] 
[error] Error: An unexpected error has occurred.
[debug] [2026-07-16T19:02:28.177Z] Error: write EIO
    at afterWriteDispatched (node:internal/stream_base_commons:159:15)
    at writeGeneric (node:internal/stream_base_commons:150:3)
    at Socket._writeGeneric (node:net:966:11)
    at Socket._write (node:net:978:8)
    at writeOrBuffer (node:internal/streams/writable:572:12)
    at _write (node:internal/streams/writable:501:10)
    at Writable.write (node:internal/streams/writable:510:10)
    at Console.log (/usr/local/lib/node_modules/firebase-tools/node_modules/winston/lib/winston/transports/console.js:87:23)
    at Console._write (/usr/local/lib/node_modules/firebase-tools/node_modules/winston-transport/modern.js:103:17)
    at doWrite (/usr/local/lib/node_modules/firebase-tools/node_modules/winston-transport/node_modules/readable-stream/lib/_stream_writable.js:390:139)
[error] 
[error] Error: An unexpected error has occurred.
[debug] [2026-07-16T19:02:28.177Z] Error: write EIO
    at afterWriteDispatched (node:internal/stream_base_commons:159:15)
    at writeGeneric (node:internal/stream_base_commons:150:3)
    at Socket._writeGeneric (node:net:966:11)
    at Socket._write (node:net:978:8)
    at writeOrBuffer (node:internal/streams/writable:572:12)
    at _write (node:internal/streams/writable:501:10)
    at Writable.write (node:internal/streams/writable:510:10)
    at Console.log (/usr/local/lib/node_modules/firebase-tools/node_modules/winston/lib/winston/transports/console.js:87:23)
    at Console._write (/usr/local/lib/node_modules/firebase-tools/node_modules/winston-transport/modern.js:103:17)
    at doWrite (/usr/local/lib/node_modules/firebase-tools/node_modules/winston-transport/node_modules/readable-stream/lib/_stream_writable.js:390:139)
[error] 
[error] Error: An unexpected error has occurred.
[debug] [2026-07-16T19:02:28.178Z] Error: write EIO
    at afterWriteDispatched (node:internal/stream_base_commons:159:15)
    at writeGeneric (node:internal/stream_base_commons:150:3)
    at Socket._writeGeneric (node:net:966:11)
    at Socket._write (node:net:978:8)
    at writeOrBuffer (node:internal/streams/writable:572:12)
    at _write (node:internal/streams/writable:501:10)
    at Writable.write (node:internal/streams/writable:510:10)
    at Console.log (/usr/local/lib/node_modules/firebase-tools/node_modules/winston/lib/winston/transports/console.js:87:23)
    at Console._write (/usr/local/lib/node_modules/firebase-tools/node_modules/winston-transport/modern.js:103:17)
    at doWrite (/usr/local/lib/node_modules/firebase-tools/node_modules/winston-transport/node_modules/readable-stream/lib/_stream_writable.js:390:139)
[error] 
[error] Error: An unexpected error has occurred.
[debug] [2026-07-16T19:02:28.178Z] Error: write EIO
    at afterWriteDispatched (node:internal/stream_base_commons:159:15)
    at writeGeneric (node:internal/stream_base_commons:150:3)
    at Socket._writeGeneric (node:net:966:11)
    at Socket._write (node:net:978:8)
    at writeOrBuffer (node:internal/streams/writable:572:12)
    at _write (node:internal/streams/writable:501:10)
    at Writable.write (node:internal/streams/writable:510:10)
    at Console.log (/usr/local/lib/node_modules/firebase-tools/node_modules/winston/lib/winston/transports/console.js:87:23)
    at Console._write (/usr/local/lib/node_modules/firebase-tools/node_modules/winston-transport/modern.js:103:17)
    at doWrite (/usr/local/lib/node_modules/firebase-tools/node_modules/winston-transport/node_modules/readable-stream/lib/_stream_writable.js:390:139)
[error] 
[error] Error: An unexpected error has occurred.
[debug] [2026-07-16T19:02:28.179Z] Error: write EIO
    at afterWriteDispatched (node:internal/stream_base_commons:159:15)
    at writeGeneric (node:internal/stream_base_commons:150:3)
    at Socket._writeGeneric (node:net:966:11)
    at Socket._write (node:net:978:8)
    at writeOrBuffer (node:internal/streams/writable:572:12)
    at _write (node:internal/streams/writable:501:10)
    at Writable.write (node:internal/streams/writable:510:10)
    at Console.log (/usr/local/lib/node_modules/firebase-tools/node_modules/winston/lib/winston/transports/console.js:87:23)
    at Console._write (/usr/local/lib/node_modules/firebase-tools/node_modules/winston-transport/modern.js:103:17)
    at doWrite (/usr/local/lib/node_modules/firebase-tools/node_modules/winston-transport/node_modules/readable-stream/lib/_stream_writable.js:390:139)
[error] 
[error] Error: An unexpected error has occurred.
[debug] [2026-07-16T19:02:28.179Z] Error: write EIO
    at afterWriteDispatched (node:internal/stream_base_commons:159:15)
    at writeGeneric (node:internal/stream_base_commons:150:3)
    at Socket._writeGeneric (node:net:966:11)
    at Socket._write (node:net:978:8)
    at writeOrBuffer (node:internal/streams/writable:572:12)
    at _write (node:internal/streams/writable:501:10)
    at Writable.write (node:internal/streams/writable:510:10)
    at Console.log (/usr/local/lib/node_modules/firebase-tools/node_modules/winston/lib/winston/transports/console.js:87:23)
    at Console._write (/usr/local/lib/node_modules/firebase-tools/node_modules/winston-transport/modern.js:103:17)
    at doWrite (/usr/local/lib/node_modules/firebase-tools/node_modules/winston-transport/node_modules/readable-stream/lib/_stream_writable.js:390:139)
[error] 
[error] Error: An unexpected error has occurred.
[debug] [2026-07-16T19:02:28.180Z] Error: write EIO
    at afterWriteDispatched (node:internal/stream_base_commons:159:15)
    at writeGeneric (node:internal/stream_base_commons:150:3)
    at Socket._writeGeneric (node:net:966:11)
    at Socket._write (node:net:978:8)
    at writeOrBuffer (node:internal/streams/writable:572:12)
    at _write (node:internal/streams/writable:501:10)
    at Writable.write (node:internal/streams/writable:510:10)
    at Console.log (/usr/local/lib/node_modules/firebase-tools/node_modules/winston/lib/winston/transports/console.js:87:23)
    at Console._write (/usr/local/lib/node_modules/firebase-tools/node_modules/winston-transport/modern.js:103:17)
    at doWrite (/usr/local/lib/node_modules/firebase-tools/node_modules/winston-transport/node_modules/readable-stream/lib/_stream_writable.js:390:139)
[error] 
[error] Error: An unexpected error has occurred.
[debug] [2026-07-16T19:02:28.180Z] Error: write EIO
    at afterWriteDispatched (node:internal/stream_base_commons:159:15)
    at writeGeneric (node:internal/stream_base_commons:150:3)
    at Socket._writeGeneric (node:net:966:11)
    at Socket._write (node:net:978:8)
    at writeOrBuffer (node:internal/streams/writable:572:12)
    at _write (node:internal/streams/writable:501:10)
    at Writable.write (node:internal/streams/writable:510:10)
    at Console.log (/usr/local/lib/node_modules/firebase-tools/node_modules/winston/lib/winston/transports/console.js:87:23)
    at Console._write (/usr/local/lib/node_modules/firebase-tools/node_modules/winston-transport/modern.js:103:17)
    at doWrite (/usr/local/lib/node_modules/firebase-tools/node_modules/winston-transport/node_modules/readable-stream/lib/_stream_writable.js:390:139)
[error] 
[error] Error: An unexpected error has occurred.
[debug] [2026-07-16T19:02:28.182Z] Error: write EIO
    at afterWriteDispatched (node:internal/stream_base_commons:159:15)
    at writeGeneric (node:internal/stream_base_commons:150:3)
    at Socket._writeGeneric (node:net:966:11)
    at Socket._write (node:net:978:8)
    at writeOrBuffer (node:internal/streams/writable:572:12)
    at _write (node:internal/streams/writable:501:10)
    at Writable.write (node:internal/streams/writable:510:10)
    at Console.log (/usr/local/lib/node_modules/firebase-tools/node_modules/winston/lib/winston/transports/console.js:87:23)
    at Console._write (/usr/local/lib/node_modules/firebase-tools/node_modules/winston-transport/modern.js:103:17)
    at doWrite (/usr/local/lib/node_modules/firebase-tools/node_modules/winston-transport/node_modules/readable-stream/lib/_stream_writable.js:390:139)
[error] 
[error] Error: An unexpected error has occurred.
[debug] [2026-07-16T19:02:28.183Z] Error: write EIO
    at afterWriteDispatched (node:internal/stream_base_commons:159:15)
    at writeGeneric (node:internal/stream_base_commons:150:3)
    at Socket._writeGeneric (node:net:966:11)
    at Socket._write (node:net:978:8)
    at writeOrBuffer (node:internal/streams/writable:572:12)
    at _write (node:internal/streams/writable:501:10)
    at Writable.write (node:internal/streams/writable:510:10)
    at Console.log (/usr/local/lib/node_modules/firebase-tools/node_modules/winston/lib/winston/transports/console.js:87:23)
    at Console._write (/usr/local/lib/node_modules/firebase-tools/node_modules/winston-transport/modern.js:103:17)
    at doWrite (/usr/local/lib/node_modules/firebase-tools/node_modules/winston-transport/node_modules/readable-stream/lib/_stream_writable.js:390:139)
[error] 
[error] Error: An unexpected error has occurred.
[debug] [2026-07-16T19:02:28.183Z] Error: write EIO
    at afterWriteDispatched (node:internal/stream_base_commons:159:15)
    at writeGeneric (node:internal/stream_base_commons:150:3)
    at Socket._writeGeneric (node:net:966:11)
    at Socket._write (node:net:978:8)
    at writeOrBuffer (node:internal/streams/writable:572:12)
    at _write (node:internal/streams/writable:501:10)
    at Writable.write (node:internal/streams/writable:510:10)
    at Console.log (/usr/local/lib/node_modules/firebase-tools/node_modules/winston/lib/winston/transports/console.js:87:23)
    at Console._write (/usr/local/lib/node_modules/firebase-tools/node_modules/winston-transport/modern.js:103:17)
    at doWrite (/usr/local/lib/node_modules/firebase-tools/node_modules/winston-transport/node_modules/readable-stream/lib/_stream_writable.js:390:139)
[error] 
[error] Error: An unexpected error has occurred.
[debug] [2026-07-16T19:02:28.184Z] Error: write EIO
    at afterWriteDispatched (node:internal/stream_base_commons:159:15)
    at writeGeneric (node:internal/stream_base_commons:150:3)
    at Socket._writeGeneric (node:net:966:11)
    at Socket._write (node:net:978:8)
    at writeOrBuffer (node:internal/streams/writable:572:12)
    at _write (node:internal/streams/writable:501:10)
    at Writable.write (node:internal/streams/writable:510:10)
    at Console.log (/usr/local/lib/node_modules/firebase-tools/node_modules/winston/lib/winston/transports/console.js:87:23)
    at Console._write (/usr/local/lib/node_modules/firebase-tools/node_modules/winston-transport/modern.js:103:17)
    at doWrite (/usr/local/lib/node_modules/firebase-tools/node_modules/winston-transport/node_modules/readable-stream/lib/_stream_writable.js:390:139)
[error] 
[error] Error: An unexpected error has occurred.
[debug] [2026-07-16T19:02:28.184Z] Error: write EIO
    at afterWriteDispatched (node:internal/stream_base_commons:159:15)
    at writeGeneric (node:internal/stream_base_commons:150:3)
    at Socket._writeGeneric (node:net:966:11)
    at Socket._write (node:net:978:8)
    at writeOrBuffer (node:internal/streams/writable:572:12)
    at _write (node:internal/streams/writable:501:10)
    at Writable.write (node:internal/streams/writable:510:10)
    at Console.log (/usr/local/lib/node_modules/firebase-tools/node_modules/winston/lib/winston/transports/console.js:87:23)
    at Console._write (/usr/local/lib/node_modules/firebase-tools/node_modules/winston-transport/modern.js:103:17)
    at doWrite (/usr/local/lib/node_modules/firebase-tools/node_modules/winston-transport/node_modules/readable-stream/lib/_stream_writable.js:390:139)
[error] 
[error] Error: An unexpected error has occurred.
[debug] [2026-07-16T19:02:28.187Z] Error: write EIO
    at afterWriteDispatched (node:internal/stream_base_commons:159:15)
    at writeGeneric (node:internal/stream_base_commons:150:3)
    at Socket._writeGeneric (node:net:966:11)
    at Socket._write (node:net:978:8)
    at writeOrBuffer (node:internal/streams/writable:572:12)
    at _write (node:internal/streams/writable:501:10)
    at Writable.write (node:internal/streams/writable:510:10)
    at Console.log (/usr/local/lib/node_modules/firebase-tools/node_modules/winston/lib/winston/transports/console.js:87:23)
    at Console._write (/usr/local/lib/node_modules/firebase-tools/node_modules/winston-transport/modern.js:103:17)
    at doWrite (/usr/local/lib/node_modules/firebase-tools/node_modules/winston-transport/node_modules/readable-stream/lib/_stream_writable.js:390:139)
[error] 
[error] Error: An unexpected error has occurred.
[debug] [2026-07-16T19:02:28.187Z] Error: write EIO
    at afterWriteDispatched (node:internal/stream_base_commons:159:15)
    at writeGeneric (node:internal/stream_base_commons:150:3)
    at Socket._writeGeneric (node:net:966:11)
    at Socket._write (node:net:978:8)
    at writeOrBuffer (node:internal/streams/writable:572:12)
    at _write (node:internal/streams/writable:501:10)
    at Writable.write (node:internal/streams/writable:510:10)
    at Console.log (/usr/local/lib/node_modules/firebase-tools/node_modules/winston/lib/winston/transports/console.js:87:23)
    at Console._write (/usr/local/lib/node_modules/firebase-tools/node_modules/winston-transport/modern.js:103:17)
    at doWrite (/usr/local/lib/node_modules/firebase-tools/node_modules/winston-transport/node_modules/readable-stream/lib/_stream_writable.js:390:139)
[error] 
[error] Error: An unexpected error has occurred.
[debug] [2026-07-16T19:02:28.188Z] Error: write EIO
    at afterWriteDispatched (node:internal/stream_base_commons:159:15)
    at writeGeneric (node:internal/stream_base_commons:150:3)
    at Socket._writeGeneric (node:net:966:11)
    at Socket._write (node:net:978:8)
    at writeOrBuffer (node:internal/streams/writable:572:12)
    at _write (node:internal/streams/writable:501:10)
    at Writable.write (node:internal/streams/writable:510:10)
    at Console.log (/usr/local/lib/node_modules/firebase-tools/node_modules/winston/lib/winston/transports/console.js:87:23)
    at Console._write (/usr/local/lib/node_modules/firebase-tools/node_modules/winston-transport/modern.js:103:17)
    at doWrite (/usr/local/lib/node_modules/firebase-tools/node_modules/winston-transport/node_modules/readable-stream/lib/_stream_writable.js:390:139)
[error] 
[error] Error: An unexpected error has occurred.
[debug] [2026-07-16T19:02:28.188Z] Error: write EIO
    at afterWriteDispatched (node:internal/stream_base_commons:159:15)
    at writeGeneric (node:internal/stream_base_commons:150:3)
    at Socket._writeGeneric (node:net:966:11)
    at Socket._write (node:net:978:8)
    at writeOrBuffer (node:internal/streams/writable:572:12)
    at _write (node:internal/streams/writable:501:10)
    at Writable.write (node:internal/streams/writable:510:10)
    at Console.log (/usr/local/lib/node_modules/firebase-tools/node_modules/winston/lib/winston/transports/console.js:87:23)
    at Console._write (/usr/local/lib/node_modules/firebase-tools/node_modules/winston-transport/modern.js:103:17)
    at doWrite (/usr/local/lib/node_modules/firebase-tools/node_modules/winston-transport/node_modules/readable-stream/lib/_stream_writable.js:390:139)
[error] 
[error] Error: An unexpected error has occurred.
[debug] [2026-07-16T19:02:28.189Z] Error: write EIO
    at afterWriteDispatched (node:internal/stream_base_commons:159:15)
    at writeGeneric (node:internal/stream_base_commons:150:3)
    at Socket._writeGeneric (node:net:966:11)
    at Socket._write (node:net:978:8)
    at writeOrBuffer (node:internal/streams/writable:572:12)
    at _write (node:internal/streams/writable:501:10)
    at Writable.write (node:internal/streams/writable:510:10)
    at Console.log (/usr/local/lib/node_modules/firebase-tools/node_modules/winston/lib/winston/transports/console.js:87:23)
    at Console._write (/usr/local/lib/node_modules/firebase-tools/node_modules/winston-transport/modern.js:103:17)
    at doWrite (/usr/local/lib/node_modules/firebase-tools/node_modules/winston-transport/node_modules/readable-stream/lib/_stream_writable.js:390:139)
[error] 
[error] Error: An unexpected error has occurred.
[debug] [2026-07-16T19:02:28.189Z] Error: write EIO
    at afterWriteDispatched (node:internal/stream_base_commons:159:15)
    at writeGeneric (node:internal/stream_base_commons:150:3)
    at Socket._writeGeneric (node:net:966:11)
    at Socket._write (node:net:978:8)
    at writeOrBuffer (node:internal/streams/writable:572:12)
    at _write (node:internal/streams/writable:501:10)
    at Writable.write (node:internal/streams/writable:510:10)
    at Console.log (/usr/local/lib/node_modules/firebase-tools/node_modules/winston/lib/winston/transports/console.js:87:23)
    at Console._write (/usr/local/lib/node_modules/firebase-tools/node_modules/winston-transport/modern.js:103:17)
    at doWrite (/usr/local/lib/node_modules/firebase-tools/node_modules/winston-transport/node_modules/readable-stream/lib/_stream_writable.js:390:139)
[error] 
[error] Error: An unexpected error has occurred.
[debug] [2026-07-16T19:02:28.190Z] Error: write EIO
    at afterWriteDispatched (node:internal/stream_base_commons:159:15)
    at writeGeneric (node:internal/stream_base_commons:150:3)
    at Socket._writeGeneric (node:net:966:11)
    at Socket._write (node:net:978:8)
    at writeOrBuffer (node:internal/streams/writable:572:12)
    at _write (node:internal/streams/writable:501:10)
    at Writable.write (node:internal/streams/writable:510:10)
    at Console.log (/usr/local/lib/node_modules/firebase-tools/node_modules/winston/lib/winston/transports/console.js:87:23)
    at Console._write (/usr/local/lib/node_modules/firebase-tools/node_modules/winston-transport/modern.js:103:17)
    at doWrite (/usr/local/lib/node_modules/firebase-tools/node_modules/winston-transport/node_modules/readable-stream/lib/_stream_writable.js:390:139)
[error] 
[error] Error: An unexpected error has occurred.
[debug] [2026-07-16T19:02:28.190Z] Error: write EIO
    at afterWriteDispatched (node:internal/stream_base_commons:159:15)
    at writeGeneric (node:internal/stream_base_commons:150:3)
    at Socket._writeGeneric (node:net:966:11)
    at Socket._write (node:net:978:8)
    at writeOrBuffer (node:internal/streams/writable:572:12)
    at _write (node:internal/streams/writable:501:10)
    at Writable.write (node:internal/streams/writable:510:10)
    at Console.log (/usr/local/lib/node_modules/firebase-tools/node_modules/winston/lib/winston/transports/console.js:87:23)
    at Console._write (/usr/local/lib/node_modules/firebase-tools/node_modules/winston-transport/modern.js:103:17)
    at doWrite (/usr/local/lib/node_modules/firebase-tools/node_modules/winston-transport/node_modules/readable-stream/lib/_stream_writable.js:390:139)
[error] 
[error] Error: An unexpected error has occurred.
[debug] [2026-07-16T19:02:28.191Z] Error: write EIO
    at afterWriteDispatched (node:internal/stream_base_commons:159:15)
    at writeGeneric (node:internal/stream_base_commons:150:3)
    at Socket._writeGeneric (node:net:966:11)
    at Socket._write (node:net:978:8)
    at writeOrBuffer (node:internal/streams/writable:572:12)
    at _write (node:internal/streams/writable:501:10)
    at Writable.write (node:internal/streams/writable:510:10)
    at Console.log (/usr/local/lib/node_modules/firebase-tools/node_modules/winston/lib/winston/transports/console.js:87:23)
    at Console._write (/usr/local/lib/node_modules/firebase-tools/node_modules/winston-transport/modern.js:103:17)
    at doWrite (/usr/local/lib/node_modules/firebase-tools/node_modules/winston-transport/node_modules/readable-stream/lib/_stream_writable.js:390:139)
[error] 
[error] Error: An unexpected error has occurred.
[debug] [2026-07-16T19:02:28.191Z] Error: write EIO
    at afterWriteDispatched (node:internal/stream_base_commons:159:15)
    at writeGeneric (node:internal/stream_base_commons:150:3)
    at Socket._writeGeneric (node:net:966:11)
    at Socket._write (node:net:978:8)
    at writeOrBuffer (node:internal/streams/writable:572:12)
    at _write (node:internal/streams/writable:501:10)
    at Writable.write (node:internal/streams/writable:510:10)
    at Console.log (/usr/local/lib/node_modules/firebase-tools/node_modules/winston/lib/winston/transports/console.js:87:23)
    at Console._write (/usr/local/lib/node_modules/firebase-tools/node_modules/winston-transport/modern.js:103:17)
    at doWrite (/usr/local/lib/node_modules/firebase-tools/node_modules/winston-transport/node_modules/readable-stream/lib/_stream_writable.js:390:139)
[error] 
[error] Error: An unexpected error has occurred.
[debug] [2026-07-16T19:02:28.192Z] Error: write EIO
    at afterWriteDispatched (node:internal/stream_base_commons:159:15)
    at writeGeneric (node:internal/stream_base_commons:150:3)
    at Socket._writeGeneric (node:net:966:11)
    at Socket._write (node:net:978:8)
    at writeOrBuffer (node:internal/streams/writable:572:12)
    at _write (node:internal/streams/writable:501:10)
    at Writable.write (node:internal/streams/writable:510:10)
    at Console.log (/usr/local/lib/node_modules/firebase-tools/node_modules/winston/lib/winston/transports/console.js:87:23)
    at Console._write (/usr/local/lib/node_modules/firebase-tools/node_modules/winston-transport/modern.js:103:17)
    at doWrite (/usr/local/lib/node_modules/firebase-tools/node_modules/winston-transport/node_modules/readable-stream/lib/_stream_writable.js:390:139)
[error] 
[error] Error: An unexpected error has occurred.
[debug] [2026-07-16T19:02:28.193Z] Error: write EIO
    at afterWriteDispatched (node:internal/stream_base_commons:159:15)
    at writeGeneric (node:internal/stream_base_commons:150:3)
    at Socket._writeGeneric (node:net:966:11)
    at Socket._write (node:net:978:8)
    at writeOrBuffer (node:internal/streams/writable:572:12)
    at _write (node:internal/streams/writable:501:10)
    at Writable.write (node:internal/streams/writable:510:10)
    at Console.log (/usr/local/lib/node_modules/firebase-tools/node_modules/winston/lib/winston/transports/console.js:87:23)
    at Console._write (/usr/local/lib/node_modules/firebase-tools/node_modules/winston-transport/modern.js:103:17)
    at doWrite (/usr/local/lib/node_modules/firebase-tools/node_modules/winston-transport/node_modules/readable-stream/lib/_stream_writable.js:390:139)
[error] 
[error] Error: An unexpected error has occurred.
[debug] [2026-07-16T19:02:28.194Z] Error: write EIO
    at afterWriteDispatched (node:internal/stream_base_commons:159:15)
    at writeGeneric (node:internal/stream_base_commons:150:3)
    at Socket._writeGeneric (node:net:966:11)
    at Socket._write (node:net:978:8)
    at writeOrBuffer (node:internal/streams/writable:572:12)
    at _write (node:internal/streams/writable:501:10)
    at Writable.write (node:internal/streams/writable:510:10)
    at Console.log (/usr/local/lib/node_modules/firebase-tools/node_modules/winston/lib/winston/transports/console.js:87:23)
    at Console._write (/usr/local/lib/node_modules/firebase-tools/node_modules/winston-transport/modern.js:103:17)
    at doWrite (/usr/local/lib/node_modules/firebase-tools/node_modules/winston-transport/node_modules/readable-stream/lib/_stream_writable.js:390:139)
[error] 
[error] Error: An unexpected error has occurred.
[debug] [2026-07-16T19:02:28.194Z] Error: write EIO
    at afterWriteDispatched (node:internal/stream_base_commons:159:15)
    at writeGeneric (node:internal/stream_base_commons:150:3)
    at Socket._writeGeneric (node:net:966:11)
    at Socket._write (node:net:978:8)
    at writeOrBuffer (node:internal/streams/writable:572:12)
    at _write (node:internal/streams/writable:501:10)
    at Writable.write (node:internal/streams/writable:510:10)
    at Console.log (/usr/local/lib/node_modules/firebase-tools/node_modules/winston/lib/winston/transports/console.js:87:23)
    at Console._write (/usr/local/lib/node_modules/firebase-tools/node_modules/winston-transport/modern.js:103:17)
    at doWrite (/usr/local/lib/node_modules/firebase-tools/node_modules/winston-transport/node_modules/readable-stream/lib/_stream_writable.js:390:139)
[error] 
[error] Error: An unexpected error has occurred.
[debug] [2026-07-16T19:02:28.195Z] Error: write EIO
    at afterWriteDispatched (node:internal/stream_base_commons:159:15)
    at writeGeneric (node:internal/stream_base_commons:150:3)
    at Socket._writeGeneric (node:net:966:11)
    at Socket._write (node:net:978:8)
    at writeOrBuffer (node:internal/streams/writable:572:12)
    at _write (node:internal/streams/writable:501:10)
    at Writable.write (node:internal/streams/writable:510:10)
    at Console.log (/usr/local/lib/node_modules/firebase-tools/node_modules/winston/lib/winston/transports/console.js:87:23)
    at Console._write (/usr/local/lib/node_modules/firebase-tools/node_modules/winston-transport/modern.js:103:17)
    at doWrite (/usr/local/lib/node_modules/firebase-tools/node_modules/winston-transport/node_modules/readable-stream/lib/_stream_writable.js:390:139)
[error] 
[error] Error: An unexpected error has occurred.
[debug] [2026-07-16T19:02:28.196Z] Error: write EIO
    at afterWriteDispatched (node:internal/stream_base_commons:159:15)
    at writeGeneric (node:internal/stream_base_commons:150:3)
    at Socket._writeGeneric (node:net:966:11)
    at Socket._write (node:net:978:8)
    at writeOrBuffer (node:internal/streams/writable:572:12)
    at _write (node:internal/streams/writable:501:10)
    at Writable.write (node:internal/streams/writable:510:10)
    at Console.log (/usr/local/lib/node_modules/firebase-tools/node_modules/winston/lib/winston/transports/console.js:87:23)
    at Console._write (/usr/local/lib/node_modules/firebase-tools/node_modules/winston-transport/modern.js:103:17)
    at doWrite (/usr/local/lib/node_modules/firebase-tools/node_modules/winston-transport/node_modules/readable-stream/lib/_stream_writable.js:390:139)
[error] 
[error] Error: An unexpected error has occurred.
[debug] [2026-07-16T19:02:28.197Z] Error: write EIO
    at afterWriteDispatched (node:internal/stream_base_commons:159:15)
    at writeGeneric (node:internal/stream_base_commons:150:3)
    at Socket._writeGeneric (node:net:966:11)
    at Socket._write (node:net:978:8)
    at writeOrBuffer (node:internal/streams/writable:572:12)
    at _write (node:internal/streams/writable:501:10)
    at Writable.write (node:internal/streams/writable:510:10)
    at Console.log (/usr/local/lib/node_modules/firebase-tools/node_modules/winston/lib/winston/transports/console.js:87:23)
    at Console._write (/usr/local/lib/node_modules/firebase-tools/node_modules/winston-transport/modern.js:103:17)
    at doWrite (/usr/local/lib/node_modules/firebase-tools/node_modules/winston-transport/node_modules/readable-stream/lib/_stream_writable.js:390:139)
[error] 
[error] Error: An unexpected error has occurred.
[debug] [2026-07-16T19:02:28.198Z] Error: write EIO
    at afterWriteDispatched (node:internal/stream_base_commons:159:15)
    at writeGeneric (node:internal/stream_base_commons:150:3)
    at Socket._writeGeneric (node:net:966:11)
    at Socket._write (node:net:978:8)
    at writeOrBuffer (node:internal/streams/writable:572:12)
    at _write (node:internal/streams/writable:501:10)
    at Writable.write (node:internal/streams/writable:510:10)
    at Console.log (/usr/local/lib/node_modules/firebase-tools/node_modules/winston/lib/winston/transports/console.js:87:23)
    at Console._write (/usr/local/lib/node_modules/firebase-tools/node_modules/winston-transport/modern.js:103:17)
    at doWrite (/usr/local/lib/node_modules/firebase-tools/node_modules/winston-transport/node_modules/readable-stream/lib/_stream_writable.js:390:139)
[error] 
[error] Error: An unexpected error has occurred.
[debug] [2026-07-16T19:02:28.199Z] Error: write EIO
    at afterWriteDispatched (node:internal/stream_base_commons:159:15)
    at writeGeneric (node:internal/stream_base_commons:150:3)
    at Socket._writeGeneric (node:net:966:11)
    at Socket._write (node:net:978:8)
    at writeOrBuffer (node:internal/streams/writable:572:12)
    at _write (node:internal/streams/writable:501:10)
    at Writable.write (node:internal/streams/writable:510:10)
    at Console.log (/usr/local/lib/node_modules/firebase-tools/node_modules/winston/lib/winston/transports/console.js:87:23)
    at Console._write (/usr/local/lib/node_modules/firebase-tools/node_modules/winston-transport/modern.js:103:17)
    at doWrite (/usr/local/lib/node_modules/firebase-tools/node_modules/winston-transport/node_modules/readable-stream/lib/_stream_writable.js:390:139)
[error] 
[error] Error: An unexpected error has occurred.
[debug] [2026-07-16T19:02:28.200Z] Error: write EIO
    at afterWriteDispatched (node:internal/stream_base_commons:159:15)
    at writeGeneric (node:internal/stream_base_commons:150:3)
    at Socket._writeGeneric (node:net:966:11)
    at Socket._write (node:net:978:8)
    at writeOrBuffer (node:internal/streams/writable:572:12)
    at _write (node:internal/streams/writable:501:10)
    at Writable.write (node:internal/streams/writable:510:10)
    at Console.log (/usr/local/lib/node_modules/firebase-tools/node_modules/winston/lib/winston/transports/console.js:87:23)
    at Console._write (/usr/local/lib/node_modules/firebase-tools/node_modules/winston-transport/modern.js:103:17)
    at doWrite (/usr/local/lib/node_modules/firebase-tools/node_modules/winston-transport/node_modules/readable-stream/lib/_stream_writable.js:390:139)
[error] 
[error] Error: An unexpected error has occurred.
[debug] [2026-07-16T19:02:28.200Z] Error: write EIO
    at afterWriteDispatched (node:internal/stream_base_commons:159:15)
    at writeGeneric (node:internal/stream_base_commons:150:3)
    at Socket._writeGeneric (node:net:966:11)
    at Socket._write (node:net:978:8)
    at writeOrBuffer (node:internal/streams/writable:572:12)
    at _write (node:internal/streams/writable:501:10)
    at Writable.write (node:internal/streams/writable:510:10)
    at Console.log (/usr/local/lib/node_modules/firebase-tools/node_modules/winston/lib/winston/transports/console.js:87:23)
    at Console._write (/usr/local/lib/node_modules/firebase-tools/node_modules/winston-transport/modern.js:103:17)
    at doWrite (/usr/local/lib/node_modules/firebase-tools/node_modules/winston-transport/node_modules/readable-stream/lib/_stream_writable.js:390:139)
[error] 
[error] Error: An unexpected error has occurred.
[debug] [2026-07-16T19:02:28.201Z] Error: write EIO
    at afterWriteDispatched (node:internal/stream_base_commons:159:15)
    at writeGeneric (node:internal/stream_base_commons:150:3)
    at Socket._writeGeneric (node:net:966:11)
    at Socket._write (node:net:978:8)
    at writeOrBuffer (node:internal/streams/writable:572:12)
    at _write (node:internal/streams/writable:501:10)
    at Writable.write (node:internal/streams/writable:510:10)
    at Console.log (/usr/local/lib/node_modules/firebase-tools/node_modules/winston/lib/winston/transports/console.js:87:23)
    at Console._write (/usr/local/lib/node_modules/firebase-tools/node_modules/winston-transport/modern.js:103:17)
    at doWrite (/usr/local/lib/node_modules/firebase-tools/node_modules/winston-transport/node_modules/readable-stream/lib/_stream_writable.js:390:139)
[error] 
[error] Error: An unexpected error has occurred.
[debug] [2026-07-16T19:02:28.201Z] Error: write EIO
    at afterWriteDispatched (node:internal/stream_base_commons:159:15)
    at writeGeneric (node:internal/stream_base_commons:150:3)
    at Socket._writeGeneric (node:net:966:11)
    at Socket._write (node:net:978:8)
    at writeOrBuffer (node:internal/streams/writable:572:12)
    at _write (node:internal/streams/writable:501:10)
    at Writable.write (node:internal/streams/writable:510:10)
    at Console.log (/usr/local/lib/node_modules/firebase-tools/node_modules/winston/lib/winston/transports/console.js:87:23)
    at Console._write (/usr/local/lib/node_modules/firebase-tools/node_modules/winston-transport/modern.js:103:17)
    at doWrite (/usr/local/lib/node_modules/firebase-tools/node_modules/winston-transport/node_modules/readable-stream/lib/_stream_writable.js:390:139)
[error] 
[error] Error: An unexpected error has occurred.
[debug] [2026-07-16T19:02:28.202Z] Error: write EIO
    at afterWriteDispatched (node:internal/stream_base_commons:159:15)
    at writeGeneric (node:internal/stream_base_commons:150:3)
    at Socket._writeGeneric (node:net:966:11)
    at Socket._write (node:net:978:8)
    at writeOrBuffer (node:internal/streams/writable:572:12)
    at _write (node:internal/streams/writable:501:10)
    at Writable.write (node:internal/streams/writable:510:10)
    at Console.log (/usr/local/lib/node_modules/firebase-tools/node_modules/winston/lib/winston/transports/console.js:87:23)
    at Console._write (/usr/local/lib/node_modules/firebase-tools/node_modules/winston-transport/modern.js:103:17)
    at doWrite (/usr/local/lib/node_modules/firebase-tools/node_modules/winston-transport/node_modules/readable-stream/lib/_stream_writable.js:390:139)
[error] 
[error] Error: An unexpected error has occurred.
[debug] [2026-07-16T19:02:28.202Z] Error: write EIO
    at afterWriteDispatched (node:internal/stream_base_commons:159:15)
    at writeGeneric (node:internal/stream_base_commons:150:3)
    at Socket._writeGeneric (node:net:966:11)
    at Socket._write (node:net:978:8)
    at writeOrBuffer (node:internal/streams/writable:572:12)
    at _write (node:internal/streams/writable:501:10)
    at Writable.write (node:internal/streams/writable:510:10)
    at Console.log (/usr/local/lib/node_modules/firebase-tools/node_modules/winston/lib/winston/transports/console.js:87:23)
    at Console._write (/usr/local/lib/node_modules/firebase-tools/node_modules/winston-transport/modern.js:103:17)
    at doWrite (/usr/local/lib/node_modules/firebase-tools/node_modules/winston-transport/node_modules/readable-stream/lib/_stream_writable.js:390:139)
[error] 
[error] Error: An unexpected error has occurred.
[debug] [2026-07-16T19:02:28.203Z] Error: write EIO
    at afterWriteDispatched (node:internal/stream_base_commons:159:15)
    at writeGeneric (node:internal/stream_base_commons:150:3)
    at Socket._writeGeneric (node:net:966:11)
    at Socket._write (node:net:978:8)
    at writeOrBuffer (node:internal/streams/writable:572:12)
    at _write (node:internal/streams/writable:501:10)
    at Writable.write (node:internal/streams/writable:510:10)
    at Console.log (/usr/local/lib/node_modules/firebase-tools/node_modules/winston/lib/winston/transports/console.js:87:23)
    at Console._write (/usr/local/lib/node_modules/firebase-tools/node_modules/winston-transport/modern.js:103:17)
    at doWrite (/usr/local/lib/node_modules/firebase-tools/node_modules/winston-transport/node_modules/readable-stream/lib/_stream_writable.js:390:139)
[error] 
[error] Error: An unexpected error has occurred.
[debug] [2026-07-16T19:02:28.204Z] Error: write EIO
    at afterWriteDispatched (node:internal/stream_base_commons:159:15)
    at writeGeneric (node:internal/stream_base_commons:150:3)
    at Socket._writeGeneric (node:net:966:11)
    at Socket._write (node:net:978:8)
    at writeOrBuffer (node:internal/streams/writable:572:12)
    at _write (node:internal/streams/writable:501:10)
    at Writable.write (node:internal/streams/writable:510:10)
    at Console.log (/usr/local/lib/node_modules/firebase-tools/node_modules/winston/lib/winston/transports/console.js:87:23)
    at Console._write (/usr/local/lib/node_modules/firebase-tools/node_modules/winston-transport/modern.js:103:17)
    at doWrite (/usr/local/lib/node_modules/firebase-tools/node_modules/winston-transport/node_modules/readable-stream/lib/_stream_writable.js:390:139)
[error] 
[error] Error: An unexpected error has occurred.
[debug] [2026-07-16T19:02:28.204Z] Error: write EIO
    at afterWriteDispatched (node:internal/stream_base_commons:159:15)
    at writeGeneric (node:internal/stream_base_commons:150:3)
    at Socket._writeGeneric (node:net:966:11)
    at Socket._write (node:net:978:8)
    at writeOrBuffer (node:internal/streams/writable:572:12)
    at _write (node:internal/streams/writable:501:10)
    at Writable.write (node:internal/streams/writable:510:10)
    at Console.log (/usr/local/lib/node_modules/firebase-tools/node_modules/winston/lib/winston/transports/console.js:87:23)
    at Console._write (/usr/local/lib/node_modules/firebase-tools/node_modules/winston-transport/modern.js:103:17)
    at doWrite (/usr/local/lib/node_modules/firebase-tools/node_modules/winston-transport/node_modules/readable-stream/lib/_stream_writable.js:390:139)
[error] 
[error] Error: An unexpected error has occurred.
[debug] [2026-07-16T19:02:28.205Z] Error: write EIO
    at afterWriteDispatched (node:internal/stream_base_commons:159:15)
    at writeGeneric (node:internal/stream_base_commons:150:3)
    at Socket._writeGeneric (node:net:966:11)
    at Socket._write (node:net:978:8)
    at writeOrBuffer (node:internal/streams/writable:572:12)
    at _write (node:internal/streams/writable:501:10)
    at Writable.write (node:internal/streams/writable:510:10)
    at Console.log (/usr/local/lib/node_modules/firebase-tools/node_modules/winston/lib/winston/transports/console.js:87:23)
    at Console._write (/usr/local/lib/node_modules/firebase-tools/node_modules/winston-transport/modern.js:103:17)
    at doWrite (/usr/local/lib/node_modules/firebase-tools/node_modules/winston-transport/node_modules/readable-stream/lib/_stream_writable.js:390:139)
[error] 
[error] Error: An unexpected error has occurred.
[debug] [2026-07-16T19:02:28.205Z] Error: write EIO
    at afterWriteDispatched (node:internal/stream_base_commons:159:15)
    at writeGeneric (node:internal/stream_base_commons:150:3)
    at Socket._writeGeneric (node:net:966:11)
    at Socket._write (node:net:978:8)
    at writeOrBuffer (node:internal/streams/writable:572:12)
    at _write (node:internal/streams/writable:501:10)
    at Writable.write (node:internal/streams/writable:510:10)
    at Console.log (/usr/local/lib/node_modules/firebase-tools/node_modules/winston/lib/winston/transports/console.js:87:23)
    at Console._write (/usr/local/lib/node_modules/firebase-tools/node_modules/winston-transport/modern.js:103:17)
    at doWrite (/usr/local/lib/node_modules/firebase-tools/node_modules/winston-transport/node_modules/readable-stream/lib/_stream_writable.js:390:139)
[error] 
[error] Error: An unexpected error has occurred.
[debug] [2026-07-16T19:02:28.206Z] Error: write EIO
    at afterWriteDispatched (node:internal/stream_base_commons:159:15)
    at writeGeneric (node:internal/stream_base_commons:150:3)
    at Socket._writeGeneric (node:net:966:11)
    at Socket._write (node:net:978:8)
    at writeOrBuffer (node:internal/streams/writable:572:12)
    at _write (node:internal/streams/writable:501:10)
    at Writable.write (node:internal/streams/writable:510:10)
    at Console.log (/usr/local/lib/node_modules/firebase-tools/node_modules/winston/lib/winston/transports/console.js:87:23)
    at Console._write (/usr/local/lib/node_modules/firebase-tools/node_modules/winston-transport/modern.js:103:17)
    at doWrite (/usr/local/lib/node_modules/firebase-tools/node_modules/winston-transport/node_modules/readable-stream/lib/_stream_writable.js:390:139)
[error] 
